trip_id,date,time,route_id,route_name,transport_type,vehicle_id,source_stop,destination_stop,distance_km,vehicle_capacity,passenger_count,ticket_price,revenue,delay_minutes,travel_time_mins,status
TRIP-10001,2024-01-01,06:20:15,BUS-101,Central Station ⇄ IT Tech Park,Bus,BUS-KA01-E102,Central Railway Station,Cyber City Tech Park,16.5,60,17,30.0,510.0,0,45,On-Time
TRIP-10002,2024-01-01,09:45:00,BUS-101,Central Station ⇄ IT Tech Park,Bus,BUS-KA01-E111,Central Railway Station,Cyber City Tech Park,16.5,60,58,30.0,1740.0,5,48,Moderate Delay
TRIP-10003,2024-01-01,10:45:15,BUS-101,Central Station ⇄ IT Tech Park,Bus,BUS-KA01-E103,Central Railway Station,Cyber City Tech Park,16.5,60,55,30.0,1650.0,4,48,Moderate Delay
TRIP-10004,2024-01-01,17:45:30,BUS-101,Central Station ⇄ IT Tech Park,Bus,BUS-KA01-E107,Central Railway Station,Cyber City Tech Park,16.5,60,61,30.0,1830.0,25,58,Major Delay
TRIP-10005,2024-01-01,22:10:30,BUS-101,Central Station ⇄ IT Tech Park,Bus,BUS-KA01-E108,Central Railway Station,Cyber City Tech Park,16.5,60,20,30.0,600.0,0,45,On-Time
TRIP-10006,2024-01-01,07:40:15,BUS-102,Airport Express ⇄ Downtown Terminal,Bus,BUS-KA01-A202,International Airport Terminal 2,Downtown Central Terminal,28.0,50,28,90.0,2520.0,4,63,Moderate Delay
TRIP-10007,2024-01-01,09:20:00,BUS-102,Airport Express ⇄ Downtown Terminal,Bus,BUS-KA01-A206,International Airport Terminal 2,Downtown Central Terminal,28.0,50,54,90.0,4860.0,27,75,Major Delay
TRIP-10008,2024-01-01,10:20:30,BUS-102,Airport Express ⇄ Downtown Terminal,Bus,BUS-KA01-A203,International Airport Terminal 2,Downtown Central Terminal,28.0,50,50,90.0,4500.0,0,60,On-Time
TRIP-10009,2024-01-01,14:20:15,BUS-102,Airport Express ⇄ Downtown Terminal,Bus,BUS-KA01-A209,International Airport Terminal 2,Downtown Central Terminal,28.0,50,29,90.0,2610.0,0,60,On-Time
TRIP-10010,2024-01-01,18:20:30,BUS-102,Airport Express ⇄ Downtown Terminal,Bus,BUS-KA01-A201,International Airport Terminal 2,Downtown Central Terminal,28.0,50,54,90.0,4860.0,0,60,On-Time
TRIP-10011,2024-01-01,07:40:15,BUS-105,Westside Mall ⇄ Harbor Port,Bus,BUS-KA02-W308,Westside Mall Circle,South Harbor Port Gate,14.2,60,33,25.0,825.0,0,38,On-Time
TRIP-10012,2024-01-01,09:15:30,BUS-105,Westside Mall ⇄ Harbor Port,Bus,BUS-KA02-W307,Westside Mall Circle,South Harbor Port Gate,14.2,60,61,25.0,1525.0,0,38,On-Time
TRIP-10013,2024-01-01,14:45:30,BUS-105,Westside Mall ⇄ Harbor Port,Bus,BUS-KA02-W302,Westside Mall Circle,South Harbor Port Gate,14.2,60,31,25.0,775.0,0,38,On-Time
TRIP-10014,2024-01-01,18:00:00,BUS-105,Westside Mall ⇄ Harbor Port,Bus,BUS-KA02-W307,Westside Mall Circle,South Harbor Port Gate,14.2,60,63,25.0,1575.0,31,60,Major Delay
TRIP-10015,2024-01-01,14:00:00,BUS-110,University Campus ⇄ City Center,Bus,BUS-KA02-U406,State University North Gate,City Commercial Center,11.0,60,38,20.0,760.0,0,32,On-Time
TRIP-10016,2024-01-01,19:10:30,BUS-110,University Campus ⇄ City Center,Bus,BUS-KA02-U403,State University North Gate,City Commercial Center,11.0,60,61,20.0,1220.0,20,49,Major Delay
TRIP-10017,2024-01-01,20:10:30,BUS-110,University Campus ⇄ City Center,Bus,BUS-KA02-U406,State University North Gate,City Commercial Center,11.0,60,53,20.0,1060.0,0,32,On-Time
TRIP-10018,2024-01-01,21:15:00,BUS-110,University Campus ⇄ City Center,Bus,BUS-KA02-U406,State University North Gate,City Commercial Center,11.0,60,30,20.0,600.0,0,32,On-Time
TRIP-10019,2024-01-01,07:10:45,METRO-BLU,Metro Blue Line: North Ridge ⇄ Tech Valley,Metro,METRO-B-03,North Ridge Terminal,Tech Valley Central,24.5,320,189,45.0,8505.0,0,35,On-Time
TRIP-10020,2024-01-01,09:15:45,METRO-BLU,Metro Blue Line: North Ridge ⇄ Tech Valley,Metro,METRO-B-09,North Ridge Terminal,Tech Valley Central,24.5,320,345,45.0,15525.0,7,41,Moderate Delay
TRIP-10021,2024-01-01,13:20:30,METRO-BLU,Metro Blue Line: North Ridge ⇄ Tech Valley,Metro,METRO-B-09,North Ridge Terminal,Tech Valley Central,24.5,320,172,45.0,7740.0,0,35,On-Time
TRIP-10022,2024-01-01,15:50:00,METRO-BLU,Metro Blue Line: North Ridge ⇄ Tech Valley,Metro,METRO-B-04,North Ridge Terminal,Tech Valley Central,24.5,320,194,45.0,8730.0,1,35,On-Time
TRIP-10023,2024-01-01,21:20:00,METRO-BLU,Metro Blue Line: North Ridge ⇄ Tech Valley,Metro,METRO-B-01,North Ridge Terminal,Tech Valley Central,24.5,320,129,45.0,5805.0,0,35,On-Time
TRIP-10024,2024-01-01,08:20:15,METRO-RED,Metro Red Line: East Suburb ⇄ Financial District,Metro,METRO-R-04,East Suburb Terminal,Financial District Hub,21.0,320,345,40.0,13800.0,0,30,On-Time
TRIP-10025,2024-01-01,10:50:45,METRO-RED,Metro Red Line: East Suburb ⇄ Financial District,Metro,METRO-R-07,East Suburb Terminal,Financial District Hub,21.0,320,262,40.0,10480.0,7,34,Moderate Delay
TRIP-10026,2024-01-01,13:50:00,METRO-RED,Metro Red Line: East Suburb ⇄ Financial District,Metro,METRO-R-07,East Suburb Terminal,Financial District Hub,21.0,320,192,40.0,7680.0,0,30,On-Time
TRIP-10027,2024-01-01,16:40:00,METRO-RED,Metro Red Line: East Suburb ⇄ Financial District,Metro,METRO-R-03,East Suburb Terminal,Financial District Hub,21.0,320,237,40.0,9480.0,8,34,Moderate Delay
TRIP-10028,2024-01-01,21:30:45,METRO-RED,Metro Red Line: East Suburb ⇄ Financial District,Metro,METRO-R-09,East Suburb Terminal,Financial District Hub,21.0,320,140,40.0,5600.0,0,30,On-Time
TRIP-10029,2024-01-01,06:10:15,RAIL-CST,Suburban Rail: Coast Line ⇄ Old City Junction,Suburban Rail,RAIL-EMU-504,Coastal Harbor Junction,Old City Main Junction,38.0,750,170,25.0,4250.0,0,55,On-Time
TRIP-10030,2024-01-01,07:00:15,RAIL-CST,Suburban Rail: Coast Line ⇄ Old City Junction,Suburban Rail,RAIL-EMU-507,Coastal Harbor Junction,Old City Main Junction,38.0,750,374,25.0,9350.0,0,55,On-Time
TRIP-10031,2024-01-01,15:50:15,RAIL-EXT,Suburban Rail: Industrial Corridor ⇄ South Terminal,Suburban Rail,RAIL-EMU-605,Northern Industrial Zone,South Terminal Intermodal,42.5,750,443,30.0,13290.0,1,65,On-Time
TRIP-10032,2024-01-01,17:00:30,RAIL-EXT,Suburban Rail: Industrial Corridor ⇄ South Terminal,Suburban Rail,RAIL-EMU-607,Northern Industrial Zone,South Terminal Intermodal,42.5,750,694,30.0,20820.0,0,65,On-Time
TRIP-10033,2024-01-01,19:15:00,RAIL-EXT,Suburban Rail: Industrial Corridor ⇄ South Terminal,Suburban Rail,RAIL-EMU-601,Northern Industrial Zone,South Terminal Intermodal,42.5,750,810,30.0,24300.0,8,69,Moderate Delay
TRIP-10034,2024-01-01,07:00:00,BRTS-01,BRTS Ring Corridor: Outer Express,BRTS,BRTS-OR-05,East Ring Hub,West Ring Hub,18.0,85,43,35.0,1505.0,0,32,On-Time
TRIP-10035,2024-01-01,09:20:30,BRTS-01,BRTS Ring Corridor: Outer Express,BRTS,BRTS-OR-02,East Ring Hub,West Ring Hub,18.0,85,91,35.0,3185.0,23,47,Major Delay
TRIP-10036,2024-01-01,13:00:45,BRTS-01,BRTS Ring Corridor: Outer Express,BRTS,BRTS-OR-04,East Ring Hub,West Ring Hub,18.0,85,50,35.0,1750.0,0,32,On-Time
TRIP-10037,2024-01-01,15:30:15,BRTS-01,BRTS Ring Corridor: Outer Express,BRTS,BRTS-OR-06,East Ring Hub,West Ring Hub,18.0,85,67,35.0,2345.0,0,32,On-Time
TRIP-10038,2024-01-01,18:30:15,BRTS-01,BRTS Ring Corridor: Outer Express,BRTS,BRTS-OR-01,East Ring Hub,West Ring Hub,18.0,85,91,35.0,3185.0,0,32,On-Time
TRIP-10039,2024-01-02,08:10:00,BUS-101,Central Station ⇄ IT Tech Park,Bus,BUS-KA01-E106,Central Railway Station,Cyber City Tech Park,16.5,60,64,30.0,1920.0,22,61,Major Delay
TRIP-10040,2024-01-02,09:20:30,BUS-101,Central Station ⇄ IT Tech Park,Bus,BUS-KA01-E107,Central Railway Station,Cyber City Tech Park,16.5,60,64,30.0,1920.0,7,48,Moderate Delay
TRIP-10041,2024-01-02,10:30:00,BUS-101,Central Station ⇄ IT Tech Park,Bus,BUS-KA01-E105,Central Railway Station,Cyber City Tech Park,16.5,60,45,30.0,1350.0,0,45,On-Time
TRIP-10042,2024-01-02,15:15:45,BUS-101,Central Station ⇄ IT Tech Park,Bus,BUS-KA01-E102,Central Railway Station,Cyber City Tech Park,16.5,60,41,30.0,1230.0,0,45,On-Time
TRIP-10043,2024-01-02,20:15:00,BUS-101,Central Station ⇄ IT Tech Park,Bus,BUS-KA01-E103,Central Railway Station,Cyber City Tech Park,16.5,60,53,30.0,1590.0,0,45,On-Time
TRIP-10044,2024-01-02,15:00:30,BUS-102,Airport Express ⇄ Downtown Terminal,Bus,BUS-KA01-A209,International Airport Terminal 2,Downtown Central Terminal,28.0,50,29,90.0,2610.0,2,61,On-Time
TRIP-10045,2024-01-02,17:45:15,BUS-102,Airport Express ⇄ Downtown Terminal,Bus,BUS-KA01-A203,International Airport Terminal 2,Downtown Central Terminal,28.0,50,54,90.0,4860.0,14,72,Moderate Delay
TRIP-10046,2024-01-02,20:45:00,BUS-102,Airport Express ⇄ Downtown Terminal,Bus,BUS-KA01-A207,International Airport Terminal 2,Downtown Central Terminal,28.0,50,34,90.0,3060.0,0,60,On-Time
TRIP-10047,2024-01-02,08:10:45,BUS-105,Westside Mall ⇄ Harbor Port,Bus,BUS-KA02-W308,Westside Mall Circle,South Harbor Port Gate,14.2,60,64,25.0,1600.0,0,38,On-Time
TRIP-10048,2024-01-02,13:40:30,BUS-105,Westside Mall ⇄ Harbor Port,Bus,BUS-KA02-W304,Westside Mall Circle,South Harbor Port Gate,14.2,60,38,25.0,950.0,0,38,On-Time
TRIP-10049,2024-01-02,14:45:30,BUS-105,Westside Mall ⇄ Harbor Port,Bus,BUS-KA02-W309,Westside Mall Circle,South Harbor Port Gate,14.2,60,32,25.0,800.0,5,41,Moderate Delay
TRIP-10050,2024-01-02,17:45:30,BUS-105,Westside Mall ⇄ Harbor Port,Bus,BUS-KA02-W305,Westside Mall Circle,South Harbor Port Gate,14.2,60,64,25.0,1600.0,20,49,Major Delay
TRIP-10051,2024-01-02,18:00:00,BUS-105,Westside Mall ⇄ Harbor Port,Bus,BUS-KA02-W309,Westside Mall Circle,South Harbor Port Gate,14.2,60,64,25.0,1600.0,24,54,Major Delay
TRIP-10052,2024-01-02,10:00:45,BUS-110,University Campus ⇄ City Center,Bus,BUS-KA02-U404,State University North Gate,City Commercial Center,11.0,60,45,20.0,900.0,0,32,On-Time
TRIP-10053,2024-01-02,12:40:45,BUS-110,University Campus ⇄ City Center,Bus,BUS-KA02-U406,State University North Gate,City Commercial Center,11.0,60,29,20.0,580.0,0,32,On-Time
TRIP-10054,2024-01-02,18:10:30,BUS-110,University Campus ⇄ City Center,Bus,BUS-KA02-U405,State University North Gate,City Commercial Center,11.0,60,64,20.0,1280.0,0,32,On-Time
TRIP-10055,2024-01-02,10:15:30,METRO-BLU,Metro Blue Line: North Ridge ⇄ Tech Valley,Metro,METRO-B-04,North Ridge Terminal,Tech Valley Central,24.5,320,288,45.0,12960.0,0,35,On-Time
TRIP-10056,2024-01-02,12:45:30,METRO-BLU,Metro Blue Line: North Ridge ⇄ Tech Valley,Metro,METRO-B-08,North Ridge Terminal,Tech Valley Central,24.5,320,189,45.0,8505.0,0,35,On-Time
TRIP-10057,2024-01-02,16:15:00,METRO-BLU,Metro Blue Line: North Ridge ⇄ Tech Valley,Metro,METRO-B-02,North Ridge Terminal,Tech Valley Central,24.5,320,241,45.0,10845.0,0,35,On-Time
TRIP-10058,2024-01-02,19:20:30,METRO-BLU,Metro Blue Line: North Ridge ⇄ Tech Valley,Metro,METRO-B-08,North Ridge Terminal,Tech Valley Central,24.5,320,298,45.0,13410.0,1,35,On-Time
TRIP-10059,2024-01-02,20:10:45,METRO-BLU,Metro Blue Line: North Ridge ⇄ Tech Valley,Metro,METRO-B-07,North Ridge Terminal,Tech Valley Central,24.5,320,243,45.0,10935.0,0,35,On-Time
TRIP-10060,2024-01-02,21:50:45,METRO-BLU,Metro Blue Line: North Ridge ⇄ Tech Valley,Metro,METRO-B-02,North Ridge Terminal,Tech Valley Central,24.5,320,140,45.0,6300.0,0,35,On-Time
TRIP-10061,2024-01-02,11:50:00,METRO-RED,Metro Red Line: East Suburb ⇄ Financial District,Metro,METRO-R-03,East Suburb Terminal,Financial District Hub,21.0,320,208,40.0,8320.0,0,30,On-Time
TRIP-10062,2024-01-02,13:50:30,METRO-RED,Metro Red Line: East Suburb ⇄ Financial District,Metro,METRO-R-09,East Suburb Terminal,Financial District Hub,21.0,320,212,40.0,8480.0,0,30,On-Time
TRIP-10063,2024-01-02,14:45:45,METRO-RED,Metro Red Line: East Suburb ⇄ Financial District,Metro,METRO-R-05,East Suburb Terminal,Financial District Hub,21.0,320,222,40.0,8880.0,0,30,On-Time
TRIP-10064,2024-01-02,17:20:30,METRO-RED,Metro Red Line: East Suburb ⇄ Financial District,Metro,METRO-R-05,East Suburb Terminal,Financial District Hub,21.0,320,345,40.0,13800.0,0,30,On-Time
TRIP-10065,2024-01-02,18:50:00,METRO-RED,Metro Red Line: East Suburb ⇄ Financial District,Metro,METRO-R-09,East Suburb Terminal,Financial District Hub,21.0,320,345,40.0,13800.0,6,33,Moderate Delay
TRIP-10066,2024-01-02,10:20:45,RAIL-CST,Suburban Rail: Coast Line ⇄ Old City Junction,Suburban Rail,RAIL-EMU-504,Coastal Harbor Junction,Old City Main Junction,38.0,750,757,25.0,18925.0,0,55,On-Time
TRIP-10067,2024-01-02,22:40:45,RAIL-CST,Suburban Rail: Coast Line ⇄ Old City Junction,Suburban Rail,RAIL-EMU-507,Coastal Harbor Junction,Old City Main Junction,38.0,750,217,25.0,5425.0,7,59,Moderate Delay
TRIP-10068,2024-01-02,06:40:30,RAIL-EXT,Suburban Rail: Industrial Corridor ⇄ South Terminal,Suburban Rail,RAIL-EMU-604,Northern Industrial Zone,South Terminal Intermodal,42.5,750,216,30.0,6480.0,0,65,On-Time
TRIP-10069,2024-01-02,13:20:45,RAIL-EXT,Suburban Rail: Industrial Corridor ⇄ South Terminal,Suburban Rail,RAIL-EMU-603,Northern Industrial Zone,South Terminal Intermodal,42.5,750,374,30.0,11220.0,0,65,On-Time
TRIP-10070,2024-01-02,18:45:15,RAIL-EXT,Suburban Rail: Industrial Corridor ⇄ South Terminal,Suburban Rail,RAIL-EMU-605,Northern Industrial Zone,South Terminal Intermodal,42.5,750,810,30.0,24300.0,0,65,On-Time
TRIP-10071,2024-01-02,22:00:45,RAIL-EXT,Suburban Rail: Industrial Corridor ⇄ South Terminal,Suburban Rail,RAIL-EMU-604,Northern Industrial Zone,South Terminal Intermodal,42.5,750,233,30.0,6990.0,0,65,On-Time
TRIP-10072,2024-01-02,06:30:45,BRTS-01,BRTS Ring Corridor: Outer Express,BRTS,BRTS-OR-07,East Ring Hub,West Ring Hub,18.0,85,20,35.0,700.0,0,32,On-Time
TRIP-10073,2024-01-02,11:30:45,BRTS-01,BRTS Ring Corridor: Outer Express,BRTS,BRTS-OR-01,East Ring Hub,West Ring Hub,18.0,85,48,35.0,1680.0,1,32,On-Time
TRIP-10074,2024-01-02,20:40:15,BRTS-01,BRTS Ring Corridor: Outer Express,BRTS,BRTS-OR-01,East Ring Hub,West Ring Hub,18.0,85,70,35.0,2450.0,0,32,On-Time
TRIP-10075,2024-01-03,06:15:15,BUS-101,Central Station ⇄ IT Tech Park,Bus,BUS-KA01-E104,Central Railway Station,Cyber City Tech Park,16.5,60,13,30.0,390.0,0,45,On-Time
TRIP-10076,2024-01-03,12:50:30,BUS-101,Central Station ⇄ IT Tech Park,Bus,BUS-KA01-E102,Central Railway Station,Cyber City Tech Park,16.5,60,39,30.0,1170.0,10,53,Moderate Delay
TRIP-10077,2024-01-03,15:15:30,BUS-101,Central Station ⇄ IT Tech Park,Bus,BUS-KA01-E107,Central Railway Station,Cyber City Tech Park,16.5,60,34,30.0,1020.0,5,48,Moderate Delay
TRIP-10078,2024-01-03,08:20:00,BUS-102,Airport Express ⇄ Downtown Terminal,Bus,BUS-KA01-A201,International Airport Terminal 2,Downtown Central Terminal,28.0,50,54,90.0,4860.0,11,69,Moderate Delay
TRIP-10079,2024-01-03,12:40:45,BUS-102,Airport Express ⇄ Downtown Terminal,Bus,BUS-KA01-A207,International Airport Terminal 2,Downtown Central Terminal,28.0,50,31,90.0,2790.0,6,63,Moderate Delay
TRIP-10080,2024-01-03,15:50:00,BUS-102,Airport Express ⇄ Downtown Terminal,Bus,BUS-KA01-A208,International Airport Terminal 2,Downtown Central Terminal,28.0,50,32,90.0,2880.0,0,60,On-Time
TRIP-10081,2024-01-03,17:15:45,BUS-102,Airport Express ⇄ Downtown Terminal,Bus,BUS-KA01-A209,International Airport Terminal 2,Downtown Central Terminal,28.0,50,48,90.0,4320.0,0,60,On-Time
TRIP-10082,2024-01-03,17:30:30,BUS-105,Westside Mall ⇄ Harbor Port,Bus,BUS-KA02-W308,Westside Mall Circle,South Harbor Port Gate,14.2,60,64,25.0,1600.0,0,38,On-Time
TRIP-10083,2024-01-03,19:20:45,BUS-105,Westside Mall ⇄ Harbor Port,Bus,BUS-KA02-W308,Westside Mall Circle,South Harbor Port Gate,14.2,60,64,25.0,1600.0,0,38,On-Time
TRIP-10084,2024-01-03,20:40:15,BUS-105,Westside Mall ⇄ Harbor Port,Bus,BUS-KA02-W305,Westside Mall Circle,South Harbor Port Gate,14.2,60,47,25.0,1175.0,0,38,On-Time
TRIP-10085,2024-01-03,21:30:00,BUS-105,Westside Mall ⇄ Harbor Port,Bus,BUS-KA02-W308,Westside Mall Circle,South Harbor Port Gate,14.2,60,29,25.0,725.0,4,41,Moderate Delay
TRIP-10086,2024-01-03,13:50:00,BUS-110,University Campus ⇄ City Center,Bus,BUS-KA02-U406,State University North Gate,City Commercial Center,11.0,60,28,20.0,560.0,4,34,Moderate Delay
TRIP-10087,2024-01-03,16:50:30,BUS-110,University Campus ⇄ City Center,Bus,BUS-KA02-U408,State University North Gate,City Commercial Center,11.0,60,48,20.0,960.0,0,32,On-Time
TRIP-10088,2024-01-03,17:30:30,BUS-110,University Campus ⇄ City Center,Bus,BUS-KA02-U409,State University North Gate,City Commercial Center,11.0,60,60,20.0,1200.0,16,42,Major Delay
TRIP-10089,2024-01-03,21:15:15,BUS-110,University Campus ⇄ City Center,Bus,BUS-KA02-U409,State University North Gate,City Commercial Center,11.0,60,25,20.0,500.0,0,32,On-Time
TRIP-10090,2024-01-03,22:30:00,BUS-110,University Campus ⇄ City Center,Bus,BUS-KA02-U405,State University North Gate,City Commercial Center,11.0,60,20,20.0,400.0,0,32,On-Time
TRIP-10091,2024-01-03,06:30:15,METRO-BLU,Metro Blue Line: North Ridge ⇄ Tech Valley,Metro,METRO-B-01,North Ridge Terminal,Tech Valley Central,24.5,320,88,45.0,3960.0,0,35,On-Time
TRIP-10092,2024-01-03,10:30:45,METRO-BLU,Metro Blue Line: North Ridge ⇄ Tech Valley,Metro,METRO-B-08,North Ridge Terminal,Tech Valley Central,24.5,320,297,45.0,13365.0,1,35,On-Time
TRIP-10093,2024-01-03,14:10:00,METRO-BLU,Metro Blue Line: North Ridge ⇄ Tech Valley,Metro,METRO-B-10,North Ridge Terminal,Tech Valley Central,24.5,320,184,45.0,8280.0,1,35,On-Time
TRIP-10094,2024-01-03,20:30:00,METRO-BLU,Metro Blue Line: North Ridge ⇄ Tech Valley,Metro,METRO-B-10,North Ridge Terminal,Tech Valley Central,24.5,320,301,45.0,13545.0,7,40,Moderate Delay
TRIP-10095,2024-01-03,13:30:45,METRO-RED,Metro Red Line: East Suburb ⇄ Financial District,Metro,METRO-R-02,East Suburb Terminal,Financial District Hub,21.0,320,165,40.0,6600.0,0,30,On-Time
TRIP-10096,2024-01-03,18:20:15,METRO-RED,Metro Red Line: East Suburb ⇄ Financial District,Metro,METRO-R-02,East Suburb Terminal,Financial District Hub,21.0,320,345,40.0,13800.0,4,32,Moderate Delay
TRIP-10097,2024-01-03,20:15:00,METRO-RED,Metro Red Line: East Suburb ⇄ Financial District,Metro,METRO-R-01,East Suburb Terminal,Financial District Hub,21.0,320,242,40.0,9680.0,0,30,On-Time
TRIP-10098,2024-01-03,22:20:30,METRO-RED,Metro Red Line: East Suburb ⇄ Financial District,Metro,METRO-R-04,East Suburb Terminal,Financial District Hub,21.0,320,103,40.0,4120.0,0,30,On-Time
TRIP-10099,2024-01-03,07:20:15,RAIL-CST,Suburban Rail: Coast Line ⇄ Old City Junction,Suburban Rail,RAIL-EMU-502,Coastal Harbor Junction,Old City Main Junction,38.0,750,458,25.0,11450.0,0,55,On-Time
TRIP-10100,2024-01-03,12:30:30,RAIL-CST,Suburban Rail: Coast Line ⇄ Old City Junction,Suburban Rail,RAIL-EMU-504,Coastal Harbor Junction,Old City Main Junction,38.0,750,439,25.0,10975.0,0,55,On-Time
TRIP-10101,2024-01-03,19:30:45,RAIL-CST,Suburban Rail: Coast Line ⇄ Old City Junction,Suburban Rail,RAIL-EMU-506,Coastal Harbor Junction,Old City Main Junction,38.0,750,767,25.0,19175.0,0,55,On-Time
TRIP-10102,2024-01-03,06:20:00,RAIL-EXT,Suburban Rail: Industrial Corridor ⇄ South Terminal,Suburban Rail,RAIL-EMU-601,Northern Industrial Zone,South Terminal Intermodal,42.5,750,236,30.0,7080.0,0,65,On-Time
TRIP-10103,2024-01-03,07:15:45,RAIL-EXT,Suburban Rail: Industrial Corridor ⇄ South Terminal,Suburban Rail,RAIL-EMU-605,Northern Industrial Zone,South Terminal Intermodal,42.5,750,396,30.0,11880.0,0,65,On-Time
TRIP-10104,2024-01-03,14:45:45,RAIL-EXT,Suburban Rail: Industrial Corridor ⇄ South Terminal,Suburban Rail,RAIL-EMU-603,Northern Industrial Zone,South Terminal Intermodal,42.5,750,534,30.0,16020.0,0,65,On-Time
TRIP-10105,2024-01-03,09:50:30,BRTS-01,BRTS Ring Corridor: Outer Express,BRTS,BRTS-OR-06,East Ring Hub,West Ring Hub,18.0,85,91,35.0,3185.0,6,36,Moderate Delay
TRIP-10106,2024-01-03,11:30:30,BRTS-01,BRTS Ring Corridor: Outer Express,BRTS,BRTS-OR-01,East Ring Hub,West Ring Hub,18.0,85,45,35.0,1575.0,0,32,On-Time
TRIP-10107,2024-01-03,12:50:45,BRTS-01,BRTS Ring Corridor: Outer Express,BRTS,BRTS-OR-08,East Ring Hub,West Ring Hub,18.0,85,41,35.0,1435.0,0,32,On-Time
TRIP-10108,2024-01-03,17:50:00,BRTS-01,BRTS Ring Corridor: Outer Express,BRTS,BRTS-OR-08,East Ring Hub,West Ring Hub,18.0,85,84,35.0,2940.0,0,32,On-Time
TRIP-10109,2024-01-03,21:50:00,BRTS-01,BRTS Ring Corridor: Outer Express,BRTS,BRTS-OR-03,East Ring Hub,West Ring Hub,18.0,85,33,35.0,1155.0,0,32,On-Time
TRIP-10110,2024-01-04,06:10:45,BUS-101,Central Station ⇄ IT Tech Park,Bus,BUS-KA01-E105,Central Railway Station,Cyber City Tech Park,16.5,60,18,30.0,540.0,0,45,On-Time
TRIP-10111,2024-01-04,07:30:45,BUS-101,Central Station ⇄ IT Tech Park,Bus,BUS-KA01-E109,Central Railway Station,Cyber City Tech Park,16.5,60,35,30.0,1050.0,0,45,On-Time
TRIP-10112,2024-01-04,09:15:45,BUS-101,Central Station ⇄ IT Tech Park,Bus,BUS-KA01-E103,Central Railway Station,Cyber City Tech Park,16.5,60,63,30.0,1890.0,0,45,On-Time
TRIP-10113,2024-01-04,19:10:30,BUS-101,Central Station ⇄ IT Tech Park,Bus,BUS-KA01-E109,Central Railway Station,Cyber City Tech Park,16.5,60,64,30.0,1920.0,0,45,On-Time
TRIP-10114,2024-01-04,06:50:15,BUS-102,Airport Express ⇄ Downtown Terminal,Bus,BUS-KA01-A209,International Airport Terminal 2,Downtown Central Terminal,28.0,50,12,90.0,1080.0,0,60,On-Time
TRIP-10115,2024-01-04,10:45:45,BUS-102,Airport Express ⇄ Downtown Terminal,Bus,BUS-KA01-A204,International Airport Terminal 2,Downtown Central Terminal,28.0,50,54,90.0,4860.0,0,60,On-Time
TRIP-10116,2024-01-04,15:45:15,BUS-102,Airport Express ⇄ Downtown Terminal,Bus,BUS-KA01-A208,International Airport Terminal 2,Downtown Central Terminal,28.0,50,38,90.0,3420.0,0,60,On-Time
TRIP-10117,2024-01-04,17:45:45,BUS-102,Airport Express ⇄ Downtown Terminal,Bus,BUS-KA01-A203,International Airport Terminal 2,Downtown Central Terminal,28.0,50,54,90.0,4860.0,0,60,On-Time
TRIP-10118,2024-01-04,07:40:00,BUS-105,Westside Mall ⇄ Harbor Port,Bus,BUS-KA02-W308,Westside Mall Circle,South Harbor Port Gate,14.2,60,36,25.0,900.0,0,38,On-Time
TRIP-10119,2024-01-04,10:00:15,BUS-105,Westside Mall ⇄ Harbor Port,Bus,BUS-KA02-W308,Westside Mall Circle,South Harbor Port Gate,14.2,60,54,25.0,1350.0,0,38,On-Time
TRIP-10120,2024-01-04,14:30:30,BUS-105,Westside Mall ⇄ Harbor Port,Bus,BUS-KA02-W306,Westside Mall Circle,South Harbor Port Gate,14.2,60,37,25.0,925.0,0,38,On-Time
TRIP-10121,2024-01-04,15:45:30,BUS-105,Westside Mall ⇄ Harbor Port,Bus,BUS-KA02-W309,Westside Mall Circle,South Harbor Port Gate,14.2,60,42,25.0,1050.0,0,38,On-Time
TRIP-10122,2024-01-04,08:30:15,BUS-110,University Campus ⇄ City Center,Bus,BUS-KA02-U402,State University North Gate,City Commercial Center,11.0,60,64,20.0,1280.0,10,40,Moderate Delay
TRIP-10123,2024-01-04,13:50:15,BUS-110,University Campus ⇄ City Center,Bus,BUS-KA02-U401,State University North Gate,City Commercial Center,11.0,60,36,20.0,720.0,0,32,On-Time
TRIP-10124,2024-01-04,16:30:30,BUS-110,University Campus ⇄ City Center,Bus,BUS-KA02-U403,State University North Gate,City Commercial Center,11.0,60,47,20.0,940.0,9,37,Moderate Delay
TRIP-10125,2024-01-04,08:45:15,METRO-BLU,Metro Blue Line: North Ridge ⇄ Tech Valley,Metro,METRO-B-05,North Ridge Terminal,Tech Valley Central,24.5,320,345,45.0,15525.0,0,35,On-Time
TRIP-10126,2024-01-04,11:50:30,METRO-BLU,Metro Blue Line: North Ridge ⇄ Tech Valley,Metro,METRO-B-05,North Ridge Terminal,Tech Valley Central,24.5,320,217,45.0,9765.0,0,35,On-Time
TRIP-10127,2024-01-04,15:15:00,METRO-BLU,Metro Blue Line: North Ridge ⇄ Tech Valley,Metro,METRO-B-07,North Ridge Terminal,Tech Valley Central,24.5,320,210,45.0,9450.0,0,35,On-Time
TRIP-10128,2024-01-04,19:30:45,METRO-BLU,Metro Blue Line: North Ridge ⇄ Tech Valley,Metro,METRO-B-02,North Ridge Terminal,Tech Valley Central,24.5,320,345,45.0,15525.0,7,40,Moderate Delay
TRIP-10129,2024-01-04,10:30:00,METRO-RED,Metro Red Line: East Suburb ⇄ Financial District,Metro,METRO-R-10,East Suburb Terminal,Financial District Hub,21.0,320,345,40.0,13800.0,0,30,On-Time
TRIP-10130,2024-01-04,15:00:45,METRO-RED,Metro Red Line: East Suburb ⇄ Financial District,Metro,METRO-R-04,East Suburb Terminal,Financial District Hub,21.0,320,244,40.0,9760.0,0,30,On-Time
TRIP-10131,2024-01-04,17:40:15,METRO-RED,Metro Red Line: East Suburb ⇄ Financial District,Metro,METRO-R-03,East Suburb Terminal,Financial District Hub,21.0,320,345,40.0,13800.0,0,30,On-Time
TRIP-10132,2024-01-04,18:10:00,METRO-RED,Metro Red Line: East Suburb ⇄ Financial District,Metro,METRO-R-02,East Suburb Terminal,Financial District Hub,21.0,320,345,40.0,13800.0,6,34,Moderate Delay
TRIP-10133,2024-01-04,08:20:15,RAIL-CST,Suburban Rail: Coast Line ⇄ Old City Junction,Suburban Rail,RAIL-EMU-505,Coastal Harbor Junction,Old City Main Junction,38.0,750,810,25.0,20250.0,0,55,On-Time
TRIP-10134,2024-01-04,16:30:15,RAIL-CST,Suburban Rail: Coast Line ⇄ Old City Junction,Suburban Rail,RAIL-EMU-507,Coastal Harbor Junction,Old City Main Junction,38.0,750,558,25.0,13950.0,0,55,On-Time
TRIP-10135,2024-01-04,19:30:30,RAIL-CST,Suburban Rail: Coast Line ⇄ Old City Junction,Suburban Rail,RAIL-EMU-502,Coastal Harbor Junction,Old City Main Junction,38.0,750,810,25.0,20250.0,5,57,Moderate Delay
TRIP-10136,2024-01-04,07:45:00,RAIL-EXT,Suburban Rail: Industrial Corridor ⇄ South Terminal,Suburban Rail,RAIL-EMU-606,Northern Industrial Zone,South Terminal Intermodal,42.5,750,356,30.0,10680.0,6,69,Moderate Delay
TRIP-10137,2024-01-04,17:30:45,RAIL-EXT,Suburban Rail: Industrial Corridor ⇄ South Terminal,Suburban Rail,RAIL-EMU-602,Northern Industrial Zone,South Terminal Intermodal,42.5,750,810,30.0,24300.0,0,65,On-Time
TRIP-10138,2024-01-04,18:50:00,RAIL-EXT,Suburban Rail: Industrial Corridor ⇄ South Terminal,Suburban Rail,RAIL-EMU-605,Northern Industrial Zone,South Terminal Intermodal,42.5,750,810,30.0,24300.0,0,65,On-Time
TRIP-10139,2024-01-04,22:20:00,RAIL-EXT,Suburban Rail: Industrial Corridor ⇄ South Terminal,Suburban Rail,RAIL-EMU-606,Northern Industrial Zone,South Terminal Intermodal,42.5,750,237,30.0,7110.0,0,65,On-Time
TRIP-10140,2024-01-04,06:30:45,BRTS-01,BRTS Ring Corridor: Outer Express,BRTS,BRTS-OR-08,East Ring Hub,West Ring Hub,18.0,85,18,35.0,630.0,9,36,Moderate Delay
TRIP-10141,2024-01-04,09:40:45,BRTS-01,BRTS Ring Corridor: Outer Express,BRTS,BRTS-OR-02,East Ring Hub,West Ring Hub,18.0,85,91,35.0,3185.0,0,32,On-Time
TRIP-10142,2024-01-04,10:50:45,BRTS-01,BRTS Ring Corridor: Outer Express,BRTS,BRTS-OR-08,East Ring Hub,West Ring Hub,18.0,85,91,35.0,3185.0,27,47,Major Delay
TRIP-10143,2024-01-04,20:20:30,BRTS-01,BRTS Ring Corridor: Outer Express,BRTS,BRTS-OR-06,East Ring Hub,West Ring Hub,18.0,85,56,35.0,1960.0,0,32,On-Time
TRIP-10144,2024-01-05,09:10:45,BUS-101,Central Station ⇄ IT Tech Park,Bus,BUS-KA01-E106,Central Railway Station,Cyber City Tech Park,16.5,60,60,30.0,1800.0,5,47,Moderate Delay
TRIP-10145,2024-01-05,14:20:15,BUS-101,Central Station ⇄ IT Tech Park,Bus,BUS-KA01-E104,Central Railway Station,Cyber City Tech Park,16.5,60,40,30.0,1200.0,9,50,Moderate Delay
TRIP-10146,2024-01-05,18:20:30,BUS-101,Central Station ⇄ IT Tech Park,Bus,BUS-KA01-E105,Central Railway Station,Cyber City Tech Park,16.5,60,64,30.0,1920.0,0,45,On-Time
TRIP-10147,2024-01-05,10:15:00,BUS-102,Airport Express ⇄ Downtown Terminal,Bus,BUS-KA01-A204,International Airport Terminal 2,Downtown Central Terminal,28.0,50,49,90.0,4410.0,4,62,Moderate Delay
TRIP-10148,2024-01-05,14:40:00,BUS-102,Airport Express ⇄ Downtown Terminal,Bus,BUS-KA01-A202,International Airport Terminal 2,Downtown Central Terminal,28.0,50,26,90.0,2340.0,7,64,Moderate Delay
TRIP-10149,2024-01-05,18:50:45,BUS-102,Airport Express ⇄ Downtown Terminal,Bus,BUS-KA01-A204,International Airport Terminal 2,Downtown Central Terminal,28.0,50,54,90.0,4860.0,10,66,Moderate Delay
TRIP-10150,2024-01-05,06:00:45,BUS-105,Westside Mall ⇄ Harbor Port,Bus,BUS-KA02-W308,Westside Mall Circle,South Harbor Port Gate,14.2,60,17,25.0,425.0,0,38,On-Time
TRIP-10151,2024-01-05,07:10:00,BUS-105,Westside Mall ⇄ Harbor Port,Bus,BUS-KA02-W309,Westside Mall Circle,South Harbor Port Gate,14.2,60,29,25.0,725.0,3,39,On-Time
TRIP-10152,2024-01-05,13:40:45,BUS-105,Westside Mall ⇄ Harbor Port,Bus,BUS-KA02-W307,Westside Mall Circle,South Harbor Port Gate,14.2,60,40,25.0,1000.0,0,38,On-Time
TRIP-10153,2024-01-05,15:10:00,BUS-105,Westside Mall ⇄ Harbor Port,Bus,BUS-KA02-W304,Westside Mall Circle,South Harbor Port Gate,14.2,60,46,25.0,1150.0,0,38,On-Time
TRIP-10154,2024-01-05,16:45:45,BUS-105,Westside Mall ⇄ Harbor Port,Bus,BUS-KA02-W307,Westside Mall Circle,South Harbor Port Gate,14.2,60,57,25.0,1425.0,0,38,On-Time
TRIP-10155,2024-01-05,09:30:30,BUS-110,University Campus ⇄ City Center,Bus,BUS-KA02-U402,State University North Gate,City Commercial Center,11.0,60,64,20.0,1280.0,0,32,On-Time
TRIP-10156,2024-01-05,11:10:00,BUS-110,University Campus ⇄ City Center,Bus,BUS-KA02-U403,State University North Gate,City Commercial Center,11.0,60,37,20.0,740.0,0,32,On-Time
TRIP-10157,2024-01-05,12:00:30,BUS-110,University Campus ⇄ City Center,Bus,BUS-KA02-U407,State University North Gate,City Commercial Center,11.0,60,38,20.0,760.0,0,32,On-Time
TRIP-10158,2024-01-05,16:00:30,BUS-110,University Campus ⇄ City Center,Bus,BUS-KA02-U404,State University North Gate,City Commercial Center,11.0,60,51,20.0,1020.0,0,32,On-Time
TRIP-10159,2024-01-05,07:40:30,METRO-BLU,Metro Blue Line: North Ridge ⇄ Tech Valley,Metro,METRO-B-07,North Ridge Terminal,Tech Valley Central,24.5,320,142,45.0,6390.0,0,35,On-Time
TRIP-10160,2024-01-05,13:00:30,METRO-BLU,Metro Blue Line: North Ridge ⇄ Tech Valley,Metro,METRO-B-06,North Ridge Terminal,Tech Valley Central,24.5,320,146,45.0,6570.0,0,35,On-Time
TRIP-10161,2024-01-05,19:40:00,METRO-BLU,Metro Blue Line: North Ridge ⇄ Tech Valley,Metro,METRO-B-01,North Ridge Terminal,Tech Valley Central,24.5,320,293,45.0,13185.0,7,38,Moderate Delay
TRIP-10162,2024-01-05,21:10:15,METRO-BLU,Metro Blue Line: North Ridge ⇄ Tech Valley,Metro,METRO-B-05,North Ridge Terminal,Tech Valley Central,24.5,320,148,45.0,6660.0,0,35,On-Time
TRIP-10163,2024-01-05,06:00:00,METRO-RED,Metro Red Line: East Suburb ⇄ Financial District,Metro,METRO-R-08,East Suburb Terminal,Financial District Hub,21.0,320,76,40.0,3040.0,0,30,On-Time
TRIP-10164,2024-01-05,08:45:30,METRO-RED,Metro Red Line: East Suburb ⇄ Financial District,Metro,METRO-R-05,East Suburb Terminal,Financial District Hub,21.0,320,308,40.0,12320.0,6,34,Moderate Delay
TRIP-10165,2024-01-05,16:50:30,METRO-RED,Metro Red Line: East Suburb ⇄ Financial District,Metro,METRO-R-01,East Suburb Terminal,Financial District Hub,21.0,320,215,40.0,8600.0,0,30,On-Time
TRIP-10166,2024-01-05,18:20:30,METRO-RED,Metro Red Line: East Suburb ⇄ Financial District,Metro,METRO-R-05,East Suburb Terminal,Financial District Hub,21.0,320,345,40.0,13800.0,0,30,On-Time
TRIP-10167,2024-01-05,20:40:00,METRO-RED,Metro Red Line: East Suburb ⇄ Financial District,Metro,METRO-R-07,East Suburb Terminal,Financial District Hub,21.0,320,202,40.0,8080.0,0,30,On-Time
TRIP-10168,2024-01-05,21:20:30,METRO-RED,Metro Red Line: East Suburb ⇄ Financial District,Metro,METRO-R-01,East Suburb Terminal,Financial District Hub,21.0,320,129,40.0,5160.0,0,30,On-Time
TRIP-10169,2024-01-05,08:45:45,RAIL-CST,Suburban Rail: Coast Line ⇄ Old City Junction,Suburban Rail,RAIL-EMU-503,Coastal Harbor Junction,Old City Main Junction,38.0,750,810,25.0,20250.0,6,58,Moderate Delay
TRIP-10170,2024-01-05,15:15:45,RAIL-CST,Suburban Rail: Coast Line ⇄ Old City Junction,Suburban Rail,RAIL-EMU-507,Coastal Harbor Junction,Old City Main Junction,38.0,750,573,25.0,14325.0,0,55,On-Time
TRIP-10171,2024-01-05,16:10:15,RAIL-CST,Suburban Rail: Coast Line ⇄ Old City Junction,Suburban Rail,RAIL-EMU-507,Coastal Harbor Junction,Old City Main Junction,38.0,750,602,25.0,15050.0,0,55,On-Time
TRIP-10172,2024-01-05,11:15:00,RAIL-EXT,Suburban Rail: Industrial Corridor ⇄ South Terminal,Suburban Rail,RAIL-EMU-607,Northern Industrial Zone,South Terminal Intermodal,42.5,750,480,30.0,14400.0,9,70,Moderate Delay
TRIP-10173,2024-01-05,13:40:30,RAIL-EXT,Suburban Rail: Industrial Corridor ⇄ South Terminal,Suburban Rail,RAIL-EMU-602,Northern Industrial Zone,South Terminal Intermodal,42.5,750,460,30.0,13800.0,0,65,On-Time
TRIP-10174,2024-01-05,16:10:15,RAIL-EXT,Suburban Rail: Industrial Corridor ⇄ South Terminal,Suburban Rail,RAIL-EMU-606,Northern Industrial Zone,South Terminal Intermodal,42.5,750,558,30.0,16740.0,3,67,On-Time
TRIP-10175,2024-01-05,11:50:30,BRTS-01,BRTS Ring Corridor: Outer Express,BRTS,BRTS-OR-02,East Ring Hub,West Ring Hub,18.0,85,62,35.0,2170.0,0,32,On-Time
TRIP-10176,2024-01-05,13:50:45,BRTS-01,BRTS Ring Corridor: Outer Express,BRTS,BRTS-OR-06,East Ring Hub,West Ring Hub,18.0,85,50,35.0,1750.0,0,32,On-Time
TRIP-10177,2024-01-05,21:10:30,BRTS-01,BRTS Ring Corridor: Outer Express,BRTS,BRTS-OR-02,East Ring Hub,West Ring Hub,18.0,85,40,35.0,1400.0,6,36,Moderate Delay
TRIP-10178,2024-01-06,08:00:45,BUS-101,Central Station ⇄ IT Tech Park,Bus,BUS-KA01-E110,Central Railway Station,Cyber City Tech Park,16.5,60,56,30.0,1680.0,0,45,On-Time
TRIP-10179,2024-01-06,13:50:15,BUS-101,Central Station ⇄ IT Tech Park,Bus,BUS-KA01-E106,Central Railway Station,Cyber City Tech Park,16.5,60,29,30.0,870.0,0,45,On-Time
TRIP-10180,2024-01-06,14:10:15,BUS-101,Central Station ⇄ IT Tech Park,Bus,BUS-KA01-E109,Central Railway Station,Cyber City Tech Park,16.5,60,22,30.0,660.0,0,45,On-Time
TRIP-10181,2024-01-06,15:15:30,BUS-101,Central Station ⇄ IT Tech Park,Bus,BUS-KA01-E106,Central Railway Station,Cyber City Tech Park,16.5,60,28,30.0,840.0,0,45,On-Time
TRIP-10182,2024-01-06,18:00:30,BUS-101,Central Station ⇄ IT Tech Park,Bus,BUS-KA01-E111,Central Railway Station,Cyber City Tech Park,16.5,60,46,30.0,1380.0,28,62,Major Delay
TRIP-10183,2024-01-06,07:15:30,BUS-102,Airport Express ⇄ Downtown Terminal,Bus,BUS-KA01-A203,International Airport Terminal 2,Downtown Central Terminal,28.0,50,18,90.0,1620.0,0,60,On-Time
TRIP-10184,2024-01-06,10:10:30,BUS-102,Airport Express ⇄ Downtown Terminal,Bus,BUS-KA01-A203,International Airport Terminal 2,Downtown Central Terminal,28.0,50,35,90.0,3150.0,0,60,On-Time
TRIP-10185,2024-01-06,15:10:45,BUS-102,Airport Express ⇄ Downtown Terminal,Bus,BUS-KA01-A204,International Airport Terminal 2,Downtown Central Terminal,28.0,50,25,90.0,2250.0,5,62,Moderate Delay
TRIP-10186,2024-01-06,16:40:45,BUS-102,Airport Express ⇄ Downtown Terminal,Bus,BUS-KA01-A205,International Airport Terminal 2,Downtown Central Terminal,28.0,50,27,90.0,2430.0,0,60,On-Time
TRIP-10187,2024-01-06,21:10:00,BUS-102,Airport Express ⇄ Downtown Terminal,Bus,BUS-KA01-A207,International Airport Terminal 2,Downtown Central Terminal,28.0,50,19,90.0,1710.0,0,60,On-Time
TRIP-10188,2024-01-06,11:15:45,BUS-105,Westside Mall ⇄ Harbor Port,Bus,BUS-KA02-W308,Westside Mall Circle,South Harbor Port Gate,14.2,60,23,25.0,575.0,0,38,On-Time
TRIP-10189,2024-01-06,19:30:45,BUS-105,Westside Mall ⇄ Harbor Port,Bus,BUS-KA02-W304,Westside Mall Circle,South Harbor Port Gate,14.2,60,42,25.0,1050.0,34,67,Major Delay
TRIP-10190,2024-01-06,22:40:45,BUS-105,Westside Mall ⇄ Harbor Port,Bus,BUS-KA02-W309,Westside Mall Circle,South Harbor Port Gate,14.2,60,13,25.0,325.0,0,38,On-Time
TRIP-10191,2024-01-06,11:15:30,BUS-110,University Campus ⇄ City Center,Bus,BUS-KA02-U402,State University North Gate,City Commercial Center,11.0,60,23,20.0,460.0,0,32,On-Time
TRIP-10192,2024-01-06,12:10:30,BUS-110,University Campus ⇄ City Center,Bus,BUS-KA02-U403,State University North Gate,City Commercial Center,11.0,60,22,20.0,440.0,8,38,Moderate Delay
TRIP-10193,2024-01-06,15:45:00,BUS-110,University Campus ⇄ City Center,Bus,BUS-KA02-U401,State University North Gate,City Commercial Center,11.0,60,35,20.0,700.0,8,38,Moderate Delay
TRIP-10194,2024-01-06,18:45:00,BUS-110,University Campus ⇄ City Center,Bus,BUS-KA02-U406,State University North Gate,City Commercial Center,11.0,60,53,20.0,1060.0,28,57,Major Delay
TRIP-10195,2024-01-06,06:40:15,METRO-BLU,Metro Blue Line: North Ridge ⇄ Tech Valley,Metro,METRO-B-03,North Ridge Terminal,Tech Valley Central,24.5,320,64,45.0,2880.0,0,35,On-Time
TRIP-10196,2024-01-06,07:50:45,METRO-BLU,Metro Blue Line: North Ridge ⇄ Tech Valley,Metro,METRO-B-04,North Ridge Terminal,Tech Valley Central,24.5,320,131,45.0,5895.0,0,35,On-Time
TRIP-10197,2024-01-06,16:15:45,METRO-BLU,Metro Blue Line: North Ridge ⇄ Tech Valley,Metro,METRO-B-01,North Ridge Terminal,Tech Valley Central,24.5,320,167,45.0,7515.0,0,35,On-Time
TRIP-10198,2024-01-06,20:20:45,METRO-BLU,Metro Blue Line: North Ridge ⇄ Tech Valley,Metro,METRO-B-08,North Ridge Terminal,Tech Valley Central,24.5,320,199,45.0,8955.0,0,35,On-Time
TRIP-10199,2024-01-06,06:00:30,METRO-RED,Metro Red Line: East Suburb ⇄ Financial District,Metro,METRO-R-02,East Suburb Terminal,Financial District Hub,21.0,320,64,40.0,2560.0,0,30,On-Time
TRIP-10200,2024-01-06,08:40:00,METRO-RED,Metro Red Line: East Suburb ⇄ Financial District,Metro,METRO-R-09,East Suburb Terminal,Financial District Hub,21.0,320,308,40.0,12320.0,0,30,On-Time
TRIP-10201,2024-01-06,10:00:45,METRO-RED,Metro Red Line: East Suburb ⇄ Financial District,Metro,METRO-R-05,East Suburb Terminal,Financial District Hub,21.0,320,258,40.0,10320.0,7,36,Moderate Delay
TRIP-10202,2024-01-06,12:00:30,METRO-RED,Metro Red Line: East Suburb ⇄ Financial District,Metro,METRO-R-02,East Suburb Terminal,Financial District Hub,21.0,320,160,40.0,6400.0,0,30,On-Time
TRIP-10203,2024-01-06,13:40:15,METRO-RED,Metro Red Line: East Suburb ⇄ Financial District,Metro,METRO-R-03,East Suburb Terminal,Financial District Hub,21.0,320,110,40.0,4400.0,0,30,On-Time
TRIP-10204,2024-01-06,17:50:45,METRO-RED,Metro Red Line: East Suburb ⇄ Financial District,Metro,METRO-R-08,East Suburb Terminal,Financial District Hub,21.0,320,284,40.0,11360.0,0,30,On-Time
TRIP-10205,2024-01-06,12:00:15,RAIL-CST,Suburban Rail: Coast Line ⇄ Old City Junction,Suburban Rail,RAIL-EMU-504,Coastal Harbor Junction,Old City Main Junction,38.0,750,389,25.0,9725.0,0,55,On-Time
TRIP-10206,2024-01-06,15:50:30,RAIL-CST,Suburban Rail: Coast Line ⇄ Old City Junction,Suburban Rail,RAIL-EMU-507,Coastal Harbor Junction,Old City Main Junction,38.0,750,309,25.0,7725.0,0,55,On-Time
TRIP-10207,2024-01-06,14:10:30,RAIL-EXT,Suburban Rail: Industrial Corridor ⇄ South Terminal,Suburban Rail,RAIL-EMU-604,Northern Industrial Zone,South Terminal Intermodal,42.5,750,328,30.0,9840.0,0,65,On-Time
TRIP-10208,2024-01-06,16:40:15,RAIL-EXT,Suburban Rail: Industrial Corridor ⇄ South Terminal,Suburban Rail,RAIL-EMU-605,Northern Industrial Zone,South Terminal Intermodal,42.5,750,463,30.0,13890.0,0,65,On-Time
TRIP-10209,2024-01-06,07:15:30,BRTS-01,BRTS Ring Corridor: Outer Express,BRTS,BRTS-OR-07,East Ring Hub,West Ring Hub,18.0,85,31,35.0,1085.0,5,35,Moderate Delay
TRIP-10210,2024-01-06,08:15:45,BRTS-01,BRTS Ring Corridor: Outer Express,BRTS,BRTS-OR-07,East Ring Hub,West Ring Hub,18.0,85,65,35.0,2275.0,26,51,Major Delay
TRIP-10211,2024-01-06,12:30:00,BRTS-01,BRTS Ring Corridor: Outer Express,BRTS,BRTS-OR-03,East Ring Hub,West Ring Hub,18.0,85,31,35.0,1085.0,0,32,On-Time
TRIP-10212,2024-01-06,19:00:15,BRTS-01,BRTS Ring Corridor: Outer Express,BRTS,BRTS-OR-03,East Ring Hub,West Ring Hub,18.0,85,76,35.0,2660.0,0,32,On-Time
TRIP-10213,2024-01-07,11:45:00,BUS-101,Central Station ⇄ IT Tech Park,Bus,BUS-KA01-E106,Central Railway Station,Cyber City Tech Park,16.5,60,29,30.0,870.0,0,45,On-Time
TRIP-10214,2024-01-07,13:50:00,BUS-101,Central Station ⇄ IT Tech Park,Bus,BUS-KA01-E111,Central Railway Station,Cyber City Tech Park,16.5,60,26,30.0,780.0,0,45,On-Time
TRIP-10215,2024-01-07,17:30:15,BUS-101,Central Station ⇄ IT Tech Park,Bus,BUS-KA01-E107,Central Railway Station,Cyber City Tech Park,16.5,60,59,30.0,1770.0,15,55,Moderate Delay
TRIP-10216,2024-01-07,09:50:15,BUS-102,Airport Express ⇄ Downtown Terminal,Bus,BUS-KA01-A203,International Airport Terminal 2,Downtown Central Terminal,28.0,50,53,90.0,4770.0,35,80,Major Delay
TRIP-10217,2024-01-07,10:10:45,BUS-102,Airport Express ⇄ Downtown Terminal,Bus,BUS-KA01-A206,International Airport Terminal 2,Downtown Central Terminal,28.0,50,30,90.0,2700.0,0,60,On-Time
TRIP-10218,2024-01-07,14:40:00,BUS-102,Airport Express ⇄ Downtown Terminal,Bus,BUS-KA01-A203,International Airport Terminal 2,Downtown Central Terminal,28.0,50,22,90.0,1980.0,0,60,On-Time
TRIP-10219,2024-01-07,17:15:30,BUS-102,Airport Express ⇄ Downtown Terminal,Bus,BUS-KA01-A204,International Airport Terminal 2,Downtown Central Terminal,28.0,50,42,90.0,3780.0,16,73,Major Delay
TRIP-10220,2024-01-07,18:50:00,BUS-102,Airport Express ⇄ Downtown Terminal,Bus,BUS-KA01-A209,International Airport Terminal 2,Downtown Central Terminal,28.0,50,43,90.0,3870.0,0,60,On-Time
TRIP-10221,2024-01-07,08:45:45,BUS-105,Westside Mall ⇄ Harbor Port,Bus,BUS-KA02-W302,Westside Mall Circle,South Harbor Port Gate,14.2,60,49,25.0,1225.0,0,38,On-Time
TRIP-10222,2024-01-07,10:15:30,BUS-105,Westside Mall ⇄ Harbor Port,Bus,BUS-KA02-W309,Westside Mall Circle,South Harbor Port Gate,14.2,60,44,25.0,1100.0,26,52,Major Delay
TRIP-10223,2024-01-07,22:15:15,BUS-105,Westside Mall ⇄ Harbor Port,Bus,BUS-KA02-W302,Westside Mall Circle,South Harbor Port Gate,14.2,60,13,25.0,325.0,0,38,On-Time
TRIP-10224,2024-01-07,08:20:30,BUS-110,University Campus ⇄ City Center,Bus,BUS-KA02-U405,State University North Gate,City Commercial Center,11.0,60,57,20.0,1140.0,22,50,Major Delay
TRIP-10225,2024-01-07,10:20:30,BUS-110,University Campus ⇄ City Center,Bus,BUS-KA02-U403,State University North Gate,City Commercial Center,11.0,60,35,20.0,700.0,9,38,Moderate Delay
TRIP-10226,2024-01-07,11:15:15,BUS-110,University Campus ⇄ City Center,Bus,BUS-KA02-U401,State University North Gate,City Commercial Center,11.0,60,30,20.0,600.0,0,32,On-Time
TRIP-10227,2024-01-07,15:00:00,BUS-110,University Campus ⇄ City Center,Bus,BUS-KA02-U404,State University North Gate,City Commercial Center,11.0,60,24,20.0,480.0,0,32,On-Time
TRIP-10228,2024-01-07,20:45:00,BUS-110,University Campus ⇄ City Center,Bus,BUS-KA02-U405,State University North Gate,City Commercial Center,11.0,60,35,20.0,700.0,0,32,On-Time
TRIP-10229,2024-01-07,07:00:15,METRO-BLU,Metro Blue Line: North Ridge ⇄ Tech Valley,Metro,METRO-B-10,North Ridge Terminal,Tech Valley Central,24.5,320,122,45.0,5490.0,0,35,On-Time
TRIP-10230,2024-01-07,10:15:30,METRO-BLU,Metro Blue Line: North Ridge ⇄ Tech Valley,Metro,METRO-B-03,North Ridge Terminal,Tech Valley Central,24.5,320,257,45.0,11565.0,6,40,Moderate Delay
TRIP-10231,2024-01-07,13:40:00,METRO-BLU,Metro Blue Line: North Ridge ⇄ Tech Valley,Metro,METRO-B-04,North Ridge Terminal,Tech Valley Central,24.5,320,125,45.0,5625.0,0,35,On-Time
TRIP-10232,2024-01-07,18:15:00,METRO-BLU,Metro Blue Line: North Ridge ⇄ Tech Valley,Metro,METRO-B-07,North Ridge Terminal,Tech Valley Central,24.5,320,243,45.0,10935.0,0,35,On-Time
TRIP-10233,2024-01-07,22:20:15,METRO-BLU,Metro Blue Line: North Ridge ⇄ Tech Valley,Metro,METRO-B-04,North Ridge Terminal,Tech Valley Central,24.5,320,81,45.0,3645.0,0,35,On-Time
TRIP-10234,2024-01-07,10:50:00,METRO-RED,Metro Red Line: East Suburb ⇄ Financial District,Metro,METRO-R-04,East Suburb Terminal,Financial District Hub,21.0,320,188,40.0,7520.0,8,37,Moderate Delay
TRIP-10235,2024-01-07,13:40:00,METRO-RED,Metro Red Line: East Suburb ⇄ Financial District,Metro,METRO-R-08,East Suburb Terminal,Financial District Hub,21.0,320,110,40.0,4400.0,0,30,On-Time
TRIP-10236,2024-01-07,20:30:00,METRO-RED,Metro Red Line: East Suburb ⇄ Financial District,Metro,METRO-R-06,East Suburb Terminal,Financial District Hub,21.0,320,215,40.0,8600.0,0,30,On-Time
TRIP-10237,2024-01-07,21:45:30,METRO-RED,Metro Red Line: East Suburb ⇄ Financial District,Metro,METRO-R-09,East Suburb Terminal,Financial District Hub,21.0,320,95,40.0,3800.0,9,35,Moderate Delay
TRIP-10238,2024-01-07,08:50:30,RAIL-CST,Suburban Rail: Coast Line ⇄ Old City Junction,Suburban Rail,RAIL-EMU-502,Coastal Harbor Junction,Old City Main Junction,38.0,750,691,25.0,17275.0,0,55,On-Time
TRIP-10239,2024-01-07,14:10:45,RAIL-CST,Suburban Rail: Coast Line ⇄ Old City Junction,Suburban Rail,RAIL-EMU-503,Coastal Harbor Junction,Old City Main Junction,38.0,750,320,25.0,8000.0,0,55,On-Time
TRIP-10240,2024-01-07,18:15:15,RAIL-CST,Suburban Rail: Coast Line ⇄ Old City Junction,Suburban Rail,RAIL-EMU-502,Coastal Harbor Junction,Old City Main Junction,38.0,750,724,25.0,18100.0,4,57,Moderate Delay
TRIP-10241,2024-01-07,13:15:15,RAIL-EXT,Suburban Rail: Industrial Corridor ⇄ South Terminal,Suburban Rail,RAIL-EMU-605,Northern Industrial Zone,South Terminal Intermodal,42.5,750,294,30.0,8820.0,0,65,On-Time
TRIP-10242,2024-01-07,14:30:30,RAIL-EXT,Suburban Rail: Industrial Corridor ⇄ South Terminal,Suburban Rail,RAIL-EMU-605,Northern Industrial Zone,South Terminal Intermodal,42.5,750,338,30.0,10140.0,0,65,On-Time
TRIP-10243,2024-01-07,16:30:45,RAIL-EXT,Suburban Rail: Industrial Corridor ⇄ South Terminal,Suburban Rail,RAIL-EMU-604,Northern Industrial Zone,South Terminal Intermodal,42.5,750,522,30.0,15660.0,0,65,On-Time
TRIP-10244,2024-01-07,21:30:00,RAIL-EXT,Suburban Rail: Industrial Corridor ⇄ South Terminal,Suburban Rail,RAIL-EMU-607,Northern Industrial Zone,South Terminal Intermodal,42.5,750,284,30.0,8520.0,0,65,On-Time
TRIP-10245,2024-01-07,07:45:15,BRTS-01,BRTS Ring Corridor: Outer Express,BRTS,BRTS-OR-02,East Ring Hub,West Ring Hub,18.0,85,37,35.0,1295.0,10,40,Moderate Delay
TRIP-10246,2024-01-07,08:20:00,BRTS-01,BRTS Ring Corridor: Outer Express,BRTS,BRTS-OR-07,East Ring Hub,West Ring Hub,18.0,85,67,35.0,2345.0,30,55,Major Delay
TRIP-10247,2024-01-07,13:50:00,BRTS-01,BRTS Ring Corridor: Outer Express,BRTS,BRTS-OR-08,East Ring Hub,West Ring Hub,18.0,85,38,35.0,1330.0,0,32,On-Time
TRIP-10248,2024-01-07,15:45:30,BRTS-01,BRTS Ring Corridor: Outer Express,BRTS,BRTS-OR-06,East Ring Hub,West Ring Hub,18.0,85,50,35.0,1750.0,0,32,On-Time
TRIP-10249,2024-01-07,22:30:45,BRTS-01,BRTS Ring Corridor: Outer Express,BRTS,BRTS-OR-05,East Ring Hub,West Ring Hub,18.0,85,17,35.0,595.0,9,37,Moderate Delay
TRIP-10250,2024-01-08,11:40:30,BUS-101,Central Station ⇄ IT Tech Park,Bus,BUS-KA01-E107,Central Railway Station,Cyber City Tech Park,16.5,60,35,30.0,1050.0,0,45,On-Time
TRIP-10251,2024-01-08,12:40:15,BUS-101,Central Station ⇄ IT Tech Park,Bus,BUS-KA01-E106,Central Railway Station,Cyber City Tech Park,16.5,60,32,30.0,960.0,0,45,On-Time
TRIP-10252,2024-01-08,13:50:30,BUS-101,Central Station ⇄ IT Tech Park,Bus,BUS-KA01-E109,Central Railway Station,Cyber City Tech Park,16.5,60,37,30.0,1110.0,9,50,Moderate Delay
TRIP-10253,2024-01-08,21:30:15,BUS-101,Central Station ⇄ IT Tech Park,Bus,BUS-KA01-E101,Central Railway Station,Cyber City Tech Park,16.5,60,24,30.0,720.0,0,45,On-Time
TRIP-10254,2024-01-08,06:10:45,BUS-102,Airport Express ⇄ Downtown Terminal,Bus,BUS-KA01-A203,International Airport Terminal 2,Downtown Central Terminal,28.0,50,12,90.0,1080.0,0,60,On-Time
TRIP-10255,2024-01-08,09:00:15,BUS-102,Airport Express ⇄ Downtown Terminal,Bus,BUS-KA01-A208,International Airport Terminal 2,Downtown Central Terminal,28.0,50,54,90.0,4860.0,0,60,On-Time
TRIP-10256,2024-01-08,13:20:30,BUS-102,Airport Express ⇄ Downtown Terminal,Bus,BUS-KA01-A202,International Airport Terminal 2,Downtown Central Terminal,28.0,50,26,90.0,2340.0,0,60,On-Time
TRIP-10257,2024-01-08,16:20:00,BUS-102,Airport Express ⇄ Downtown Terminal,Bus,BUS-KA01-A201,International Airport Terminal 2,Downtown Central Terminal,28.0,50,48,90.0,4320.0,3,62,On-Time
TRIP-10258,2024-01-08,22:45:45,BUS-102,Airport Express ⇄ Downtown Terminal,Bus,BUS-KA01-A205,International Airport Terminal 2,Downtown Central Terminal,28.0,50,13,90.0,1170.0,0,60,On-Time
TRIP-10259,2024-01-08,06:10:30,BUS-105,Westside Mall ⇄ Harbor Port,Bus,BUS-KA02-W308,Westside Mall Circle,South Harbor Port Gate,14.2,60,14,25.0,350.0,0,38,On-Time
TRIP-10260,2024-01-08,15:15:45,BUS-105,Westside Mall ⇄ Harbor Port,Bus,BUS-KA02-W308,Westside Mall Circle,South Harbor Port Gate,14.2,60,36,25.0,900.0,0,38,On-Time
TRIP-10261,2024-01-08,21:30:15,BUS-105,Westside Mall ⇄ Harbor Port,Bus,BUS-KA02-W304,Westside Mall Circle,South Harbor Port Gate,14.2,60,23,25.0,575.0,0,38,On-Time
TRIP-10262,2024-01-08,14:40:00,BUS-110,University Campus ⇄ City Center,Bus,BUS-KA02-U404,State University North Gate,City Commercial Center,11.0,60,34,20.0,680.0,3,34,On-Time
TRIP-10263,2024-01-08,18:00:30,BUS-110,University Campus ⇄ City Center,Bus,BUS-KA02-U405,State University North Gate,City Commercial Center,11.0,60,64,20.0,1280.0,21,50,Major Delay
TRIP-10264,2024-01-08,19:00:30,BUS-110,University Campus ⇄ City Center,Bus,BUS-KA02-U402,State University North Gate,City Commercial Center,11.0,60,64,20.0,1280.0,0,32,On-Time
TRIP-10265,2024-01-08,11:30:00,METRO-BLU,Metro Blue Line: North Ridge ⇄ Tech Valley,Metro,METRO-B-04,North Ridge Terminal,Tech Valley Central,24.5,320,215,45.0,9675.0,0,35,On-Time
TRIP-10266,2024-01-08,12:20:15,METRO-BLU,Metro Blue Line: North Ridge ⇄ Tech Valley,Metro,METRO-B-06,North Ridge Terminal,Tech Valley Central,24.5,320,190,45.0,8550.0,0,35,On-Time
TRIP-10267,2024-01-08,14:45:45,METRO-BLU,Metro Blue Line: North Ridge ⇄ Tech Valley,Metro,METRO-B-04,North Ridge Terminal,Tech Valley Central,24.5,320,211,45.0,9495.0,0,35,On-Time
TRIP-10268,2024-01-08,15:10:45,METRO-BLU,Metro Blue Line: North Ridge ⇄ Tech Valley,Metro,METRO-B-02,North Ridge Terminal,Tech Valley Central,24.5,320,218,45.0,9810.0,0,35,On-Time
TRIP-10269,2024-01-08,16:00:15,METRO-BLU,Metro Blue Line: North Ridge ⇄ Tech Valley,Metro,METRO-B-08,North Ridge Terminal,Tech Valley Central,24.5,320,271,45.0,12195.0,6,40,Moderate Delay
TRIP-10270,2024-01-08,07:50:00,METRO-RED,Metro Red Line: East Suburb ⇄ Financial District,Metro,METRO-R-01,East Suburb Terminal,Financial District Hub,21.0,320,164,40.0,6560.0,0,30,On-Time
TRIP-10271,2024-01-08,12:50:30,METRO-RED,Metro Red Line: East Suburb ⇄ Financial District,Metro,METRO-R-04,East Suburb Terminal,Financial District Hub,21.0,320,209,40.0,8360.0,0,30,On-Time
TRIP-10272,2024-01-08,14:10:00,METRO-RED,Metro Red Line: East Suburb ⇄ Financial District,Metro,METRO-R-01,East Suburb Terminal,Financial District Hub,21.0,320,186,40.0,7440.0,0,30,On-Time
TRIP-10273,2024-01-08,21:10:45,METRO-RED,Metro Red Line: East Suburb ⇄ Financial District,Metro,METRO-R-07,East Suburb Terminal,Financial District Hub,21.0,320,126,40.0,5040.0,0,30,On-Time
TRIP-10274,2024-01-08,18:45:45,RAIL-CST,Suburban Rail: Coast Line ⇄ Old City Junction,Suburban Rail,RAIL-EMU-502,Coastal Harbor Junction,Old City Main Junction,38.0,750,772,25.0,19300.0,0,55,On-Time
TRIP-10275,2024-01-08,19:40:00,RAIL-CST,Suburban Rail: Coast Line ⇄ Old City Junction,Suburban Rail,RAIL-EMU-506,Coastal Harbor Junction,Old City Main Junction,38.0,750,686,25.0,17150.0,0,55,On-Time
TRIP-10276,2024-01-08,20:20:00,RAIL-CST,Suburban Rail: Coast Line ⇄ Old City Junction,Suburban Rail,RAIL-EMU-506,Coastal Harbor Junction,Old City Main Junction,38.0,750,651,25.0,16275.0,0,55,On-Time
TRIP-10277,2024-01-08,09:20:45,RAIL-EXT,Suburban Rail: Industrial Corridor ⇄ South Terminal,Suburban Rail,RAIL-EMU-606,Northern Industrial Zone,South Terminal Intermodal,42.5,750,810,30.0,24300.0,6,68,Moderate Delay
TRIP-10278,2024-01-08,18:45:00,RAIL-EXT,Suburban Rail: Industrial Corridor ⇄ South Terminal,Suburban Rail,RAIL-EMU-605,Northern Industrial Zone,South Terminal Intermodal,42.5,750,810,30.0,24300.0,22,76,Major Delay
TRIP-10279,2024-01-08,19:00:15,RAIL-EXT,Suburban Rail: Industrial Corridor ⇄ South Terminal,Suburban Rail,RAIL-EMU-607,Northern Industrial Zone,South Terminal Intermodal,42.5,750,810,30.0,24300.0,10,72,Moderate Delay
TRIP-10280,2024-01-08,22:00:15,RAIL-EXT,Suburban Rail: Industrial Corridor ⇄ South Terminal,Suburban Rail,RAIL-EMU-606,Northern Industrial Zone,South Terminal Intermodal,42.5,750,225,30.0,6750.0,0,65,On-Time
TRIP-10281,2024-01-08,08:20:45,BRTS-01,BRTS Ring Corridor: Outer Express,BRTS,BRTS-OR-07,East Ring Hub,West Ring Hub,18.0,85,85,35.0,2975.0,15,43,Moderate Delay
TRIP-10282,2024-01-08,09:50:00,BRTS-01,BRTS Ring Corridor: Outer Express,BRTS,BRTS-OR-06,East Ring Hub,West Ring Hub,18.0,85,91,35.0,3185.0,0,32,On-Time
TRIP-10283,2024-01-08,10:45:45,BRTS-01,BRTS Ring Corridor: Outer Express,BRTS,BRTS-OR-04,East Ring Hub,West Ring Hub,18.0,85,68,35.0,2380.0,34,52,Major Delay
TRIP-10284,2024-01-08,16:30:15,BRTS-01,BRTS Ring Corridor: Outer Express,BRTS,BRTS-OR-07,East Ring Hub,West Ring Hub,18.0,85,78,35.0,2730.0,0,32,On-Time
TRIP-10285,2024-01-08,22:15:45,BRTS-01,BRTS Ring Corridor: Outer Express,BRTS,BRTS-OR-06,East Ring Hub,West Ring Hub,18.0,85,22,35.0,770.0,2,33,On-Time
TRIP-10286,2024-01-09,07:45:00,BUS-101,Central Station ⇄ IT Tech Park,Bus,BUS-KA01-E109,Central Railway Station,Cyber City Tech Park,16.5,60,36,30.0,1080.0,10,52,Moderate Delay
TRIP-10287,2024-01-09,10:20:45,BUS-101,Central Station ⇄ IT Tech Park,Bus,BUS-KA01-E101,Central Railway Station,Cyber City Tech Park,16.5,60,49,30.0,1470.0,0,45,On-Time
TRIP-10288,2024-01-09,12:20:15,BUS-101,Central Station ⇄ IT Tech Park,Bus,BUS-KA01-E110,Central Railway Station,Cyber City Tech Park,16.5,60,42,30.0,1260.0,8,51,Moderate Delay
TRIP-10289,2024-01-09,09:40:30,BUS-102,Airport Express ⇄ Downtown Terminal,Bus,BUS-KA01-A205,International Airport Terminal 2,Downtown Central Terminal,28.0,50,54,90.0,4860.0,0,60,On-Time
TRIP-10290,2024-01-09,12:40:45,BUS-102,Airport Express ⇄ Downtown Terminal,Bus,BUS-KA01-A206,International Airport Terminal 2,Downtown Central Terminal,28.0,50,29,90.0,2610.0,0,60,On-Time
TRIP-10291,2024-01-09,14:20:30,BUS-102,Airport Express ⇄ Downtown Terminal,Bus,BUS-KA01-A201,International Airport Terminal 2,Downtown Central Terminal,28.0,50,27,90.0,2430.0,4,63,Moderate Delay
TRIP-10292,2024-01-09,18:30:45,BUS-102,Airport Express ⇄ Downtown Terminal,Bus,BUS-KA01-A204,International Airport Terminal 2,Downtown Central Terminal,28.0,50,54,90.0,4860.0,18,71,Major Delay
TRIP-10293,2024-01-09,20:50:30,BUS-102,Airport Express ⇄ Downtown Terminal,Bus,BUS-KA01-A208,International Airport Terminal 2,Downtown Central Terminal,28.0,50,35,90.0,3150.0,0,60,On-Time
TRIP-10294,2024-01-09,08:50:15,BUS-105,Westside Mall ⇄ Harbor Port,Bus,BUS-KA02-W301,Westside Mall Circle,South Harbor Port Gate,14.2,60,64,25.0,1600.0,0,38,On-Time
TRIP-10295,2024-01-09,11:00:00,BUS-105,Westside Mall ⇄ Harbor Port,Bus,BUS-KA02-W307,Westside Mall Circle,South Harbor Port Gate,14.2,60,45,25.0,1125.0,0,38,On-Time
TRIP-10296,2024-01-09,17:15:15,BUS-105,Westside Mall ⇄ Harbor Port,Bus,BUS-KA02-W306,Westside Mall Circle,South Harbor Port Gate,14.2,60,55,25.0,1375.0,17,49,Major Delay
TRIP-10297,2024-01-09,20:00:45,BUS-105,Westside Mall ⇄ Harbor Port,Bus,BUS-KA02-W301,Westside Mall Circle,South Harbor Port Gate,14.2,60,50,25.0,1250.0,9,44,Moderate Delay
TRIP-10298,2024-01-09,14:30:00,BUS-110,University Campus ⇄ City Center,Bus,BUS-KA02-U403,State University North Gate,City Commercial Center,11.0,60,36,20.0,720.0,0,32,On-Time
TRIP-10299,2024-01-09,21:10:00,BUS-110,University Campus ⇄ City Center,Bus,BUS-KA02-U406,State University North Gate,City Commercial Center,11.0,60,29,20.0,580.0,10,39,Moderate Delay
TRIP-10300,2024-01-09,22:30:45,BUS-110,University Campus ⇄ City Center,Bus,BUS-KA02-U404,State University North Gate,City Commercial Center,11.0,60,14,20.0,280.0,0,32,On-Time
TRIP-10301,2024-01-09,07:00:00,METRO-BLU,Metro Blue Line: North Ridge ⇄ Tech Valley,Metro,METRO-B-01,North Ridge Terminal,Tech Valley Central,24.5,320,161,45.0,7245.0,0,35,On-Time
TRIP-10302,2024-01-09,13:15:00,METRO-BLU,Metro Blue Line: North Ridge ⇄ Tech Valley,Metro,METRO-B-10,North Ridge Terminal,Tech Valley Central,24.5,320,179,45.0,8055.0,0,35,On-Time
TRIP-10303,2024-01-09,15:10:00,METRO-BLU,Metro Blue Line: North Ridge ⇄ Tech Valley,Metro,METRO-B-10,North Ridge Terminal,Tech Valley Central,24.5,320,192,45.0,8640.0,0,35,On-Time
TRIP-10304,2024-01-09,16:50:30,METRO-BLU,Metro Blue Line: North Ridge ⇄ Tech Valley,Metro,METRO-B-10,North Ridge Terminal,Tech Valley Central,24.5,320,216,45.0,9720.0,5,39,Moderate Delay
TRIP-10305,2024-01-09,19:00:15,METRO-BLU,Metro Blue Line: North Ridge ⇄ Tech Valley,Metro,METRO-B-07,North Ridge Terminal,Tech Valley Central,24.5,320,345,45.0,15525.0,4,37,Moderate Delay
TRIP-10306,2024-01-09,20:10:30,METRO-BLU,Metro Blue Line: North Ridge ⇄ Tech Valley,Metro,METRO-B-09,North Ridge Terminal,Tech Valley Central,24.5,320,217,45.0,9765.0,7,40,Moderate Delay
TRIP-10307,2024-01-09,10:10:30,METRO-RED,Metro Red Line: East Suburb ⇄ Financial District,Metro,METRO-R-10,East Suburb Terminal,Financial District Hub,21.0,320,246,40.0,9840.0,2,31,On-Time
TRIP-10308,2024-01-09,17:45:30,METRO-RED,Metro Red Line: East Suburb ⇄ Financial District,Metro,METRO-R-06,East Suburb Terminal,Financial District Hub,21.0,320,292,40.0,11680.0,8,35,Moderate Delay
TRIP-10309,2024-01-09,18:45:45,METRO-RED,Metro Red Line: East Suburb ⇄ Financial District,Metro,METRO-R-10,East Suburb Terminal,Financial District Hub,21.0,320,345,40.0,13800.0,0,30,On-Time
TRIP-10310,2024-01-09,19:30:15,METRO-RED,Metro Red Line: East Suburb ⇄ Financial District,Metro,METRO-R-03,East Suburb Terminal,Financial District Hub,21.0,320,345,40.0,13800.0,3,31,On-Time
TRIP-10311,2024-01-09,22:45:30,METRO-RED,Metro Red Line: East Suburb ⇄ Financial District,Metro,METRO-R-05,East Suburb Terminal,Financial District Hub,21.0,320,90,40.0,3600.0,5,33,Moderate Delay
TRIP-10312,2024-01-09,08:15:45,RAIL-CST,Suburban Rail: Coast Line ⇄ Old City Junction,Suburban Rail,RAIL-EMU-501,Coastal Harbor Junction,Old City Main Junction,38.0,750,798,25.0,19950.0,0,55,On-Time
TRIP-10313,2024-01-09,10:10:30,RAIL-CST,Suburban Rail: Coast Line ⇄ Old City Junction,Suburban Rail,RAIL-EMU-507,Coastal Harbor Junction,Old City Main Junction,38.0,750,718,25.0,17950.0,0,55,On-Time
TRIP-10314,2024-01-09,06:45:00,RAIL-EXT,Suburban Rail: Industrial Corridor ⇄ South Terminal,Suburban Rail,RAIL-EMU-602,Northern Industrial Zone,South Terminal Intermodal,42.5,750,214,30.0,6420.0,0,65,On-Time
TRIP-10315,2024-01-09,12:15:45,RAIL-EXT,Suburban Rail: Industrial Corridor ⇄ South Terminal,Suburban Rail,RAIL-EMU-602,Northern Industrial Zone,South Terminal Intermodal,42.5,750,390,30.0,11700.0,0,65,On-Time
TRIP-10316,2024-01-09,15:10:15,RAIL-EXT,Suburban Rail: Industrial Corridor ⇄ South Terminal,Suburban Rail,RAIL-EMU-601,Northern Industrial Zone,South Terminal Intermodal,42.5,750,493,30.0,14790.0,0,65,On-Time
TRIP-10317,2024-01-09,13:50:15,BRTS-01,BRTS Ring Corridor: Outer Express,BRTS,BRTS-OR-06,East Ring Hub,West Ring Hub,18.0,85,47,35.0,1645.0,1,32,On-Time
TRIP-10318,2024-01-09,14:45:30,BRTS-01,BRTS Ring Corridor: Outer Express,BRTS,BRTS-OR-03,East Ring Hub,West Ring Hub,18.0,85,49,35.0,1715.0,0,32,On-Time
TRIP-10319,2024-01-09,16:30:30,BRTS-01,BRTS Ring Corridor: Outer Express,BRTS,BRTS-OR-03,East Ring Hub,West Ring Hub,18.0,85,73,35.0,2555.0,0,32,On-Time
TRIP-10320,2024-01-09,17:45:30,BRTS-01,BRTS Ring Corridor: Outer Express,BRTS,BRTS-OR-04,East Ring Hub,West Ring Hub,18.0,85,87,35.0,3045.0,0,32,On-Time
TRIP-10321,2024-01-10,14:45:30,BUS-101,Central Station ⇄ IT Tech Park,Bus,BUS-KA01-E109,Central Railway Station,Cyber City Tech Park,16.5,60,30,30.0,900.0,0,45,On-Time
TRIP-10322,2024-01-10,18:15:00,BUS-101,Central Station ⇄ IT Tech Park,Bus,BUS-KA01-E105,Central Railway Station,Cyber City Tech Park,16.5,60,64,30.0,1920.0,17,56,Major Delay
TRIP-10323,2024-01-10,19:10:45,BUS-101,Central Station ⇄ IT Tech Park,Bus,BUS-KA01-E111,Central Railway Station,Cyber City Tech Park,16.5,60,64,30.0,1920.0,23,58,Major Delay
TRIP-10324,2024-01-10,22:15:45,BUS-101,Central Station ⇄ IT Tech Park,Bus,BUS-KA01-E107,Central Railway Station,Cyber City Tech Park,16.5,60,20,30.0,600.0,10,51,Moderate Delay
TRIP-10325,2024-01-10,06:40:00,BUS-102,Airport Express ⇄ Downtown Terminal,Bus,BUS-KA01-A201,International Airport Terminal 2,Downtown Central Terminal,28.0,50,11,90.0,990.0,6,63,Moderate Delay
TRIP-10326,2024-01-10,14:45:30,BUS-102,Airport Express ⇄ Downtown Terminal,Bus,BUS-KA01-A205,International Airport Terminal 2,Downtown Central Terminal,28.0,50,35,90.0,3150.0,0,60,On-Time
TRIP-10327,2024-01-10,18:20:15,BUS-102,Airport Express ⇄ Downtown Terminal,Bus,BUS-KA01-A201,International Airport Terminal 2,Downtown Central Terminal,28.0,50,54,90.0,4860.0,13,68,Moderate Delay
TRIP-10328,2024-01-10,19:50:00,BUS-102,Airport Express ⇄ Downtown Terminal,Bus,BUS-KA01-A203,International Airport Terminal 2,Downtown Central Terminal,28.0,50,48,90.0,4320.0,0,60,On-Time
TRIP-10329,2024-01-10,22:40:30,BUS-102,Airport Express ⇄ Downtown Terminal,Bus,BUS-KA01-A206,International Airport Terminal 2,Downtown Central Terminal,28.0,50,14,90.0,1260.0,0,60,On-Time
TRIP-10330,2024-01-10,09:50:30,BUS-105,Westside Mall ⇄ Harbor Port,Bus,BUS-KA02-W306,Westside Mall Circle,South Harbor Port Gate,14.2,60,59,25.0,1475.0,11,43,Moderate Delay
TRIP-10331,2024-01-10,17:10:15,BUS-105,Westside Mall ⇄ Harbor Port,Bus,BUS-KA02-W309,Westside Mall Circle,South Harbor Port Gate,14.2,60,64,25.0,1600.0,0,38,On-Time
TRIP-10332,2024-01-10,20:15:30,BUS-105,Westside Mall ⇄ Harbor Port,Bus,BUS-KA02-W307,Westside Mall Circle,South Harbor Port Gate,14.2,60,48,25.0,1200.0,0,38,On-Time
TRIP-10333,2024-01-10,21:15:15,BUS-105,Westside Mall ⇄ Harbor Port,Bus,BUS-KA02-W304,Westside Mall Circle,South Harbor Port Gate,14.2,60,30,25.0,750.0,0,38,On-Time
TRIP-10334,2024-01-10,06:20:15,BUS-110,University Campus ⇄ City Center,Bus,BUS-KA02-U402,State University North Gate,City Commercial Center,11.0,60,14,20.0,280.0,0,32,On-Time
TRIP-10335,2024-01-10,17:15:30,BUS-110,University Campus ⇄ City Center,Bus,BUS-KA02-U408,State University North Gate,City Commercial Center,11.0,60,62,20.0,1240.0,20,47,Major Delay
TRIP-10336,2024-01-10,18:40:45,BUS-110,University Campus ⇄ City Center,Bus,BUS-KA02-U408,State University North Gate,City Commercial Center,11.0,60,64,20.0,1280.0,0,32,On-Time
TRIP-10337,2024-01-10,19:15:30,BUS-110,University Campus ⇄ City Center,Bus,BUS-KA02-U406,State University North Gate,City Commercial Center,11.0,60,64,20.0,1280.0,0,32,On-Time
TRIP-10338,2024-01-10,07:40:15,METRO-BLU,Metro Blue Line: North Ridge ⇄ Tech Valley,Metro,METRO-B-07,North Ridge Terminal,Tech Valley Central,24.5,320,168,45.0,7560.0,0,35,On-Time
TRIP-10339,2024-01-10,08:45:15,METRO-BLU,Metro Blue Line: North Ridge ⇄ Tech Valley,Metro,METRO-B-03,North Ridge Terminal,Tech Valley Central,24.5,320,345,45.0,15525.0,0,35,On-Time
TRIP-10340,2024-01-10,13:15:45,METRO-BLU,Metro Blue Line: North Ridge ⇄ Tech Valley,Metro,METRO-B-06,North Ridge Terminal,Tech Valley Central,24.5,320,164,45.0,7380.0,8,40,Moderate Delay
TRIP-10341,2024-01-10,15:00:45,METRO-BLU,Metro Blue Line: North Ridge ⇄ Tech Valley,Metro,METRO-B-09,North Ridge Terminal,Tech Valley Central,24.5,320,184,45.0,8280.0,0,35,On-Time
TRIP-10342,2024-01-10,12:50:45,METRO-RED,Metro Red Line: East Suburb ⇄ Financial District,Metro,METRO-R-04,East Suburb Terminal,Financial District Hub,21.0,320,166,40.0,6640.0,0,30,On-Time
TRIP-10343,2024-01-10,13:30:00,METRO-RED,Metro Red Line: East Suburb ⇄ Financial District,Metro,METRO-R-08,East Suburb Terminal,Financial District Hub,21.0,320,163,40.0,6520.0,0,30,On-Time
TRIP-10344,2024-01-10,16:50:00,METRO-RED,Metro Red Line: East Suburb ⇄ Financial District,Metro,METRO-R-06,East Suburb Terminal,Financial District Hub,21.0,320,271,40.0,10840.0,0,30,On-Time
TRIP-10345,2024-01-10,17:00:45,METRO-RED,Metro Red Line: East Suburb ⇄ Financial District,Metro,METRO-R-04,East Suburb Terminal,Financial District Hub,21.0,320,345,40.0,13800.0,0,30,On-Time
TRIP-10346,2024-01-10,19:30:00,METRO-RED,Metro Red Line: East Suburb ⇄ Financial District,Metro,METRO-R-02,East Suburb Terminal,Financial District Hub,21.0,320,329,40.0,13160.0,2,31,On-Time
TRIP-10347,2024-01-10,21:20:15,METRO-RED,Metro Red Line: East Suburb ⇄ Financial District,Metro,METRO-R-10,East Suburb Terminal,Financial District Hub,21.0,320,175,40.0,7000.0,0,30,On-Time
TRIP-10348,2024-01-10,08:20:15,RAIL-CST,Suburban Rail: Coast Line ⇄ Old City Junction,Suburban Rail,RAIL-EMU-505,Coastal Harbor Junction,Old City Main Junction,38.0,750,810,25.0,20250.0,0,55,On-Time
TRIP-10349,2024-01-10,11:15:30,RAIL-CST,Suburban Rail: Coast Line ⇄ Old City Junction,Suburban Rail,RAIL-EMU-507,Coastal Harbor Junction,Old City Main Junction,38.0,750,569,25.0,14225.0,0,55,On-Time
TRIP-10350,2024-01-10,15:10:15,RAIL-CST,Suburban Rail: Coast Line ⇄ Old City Junction,Suburban Rail,RAIL-EMU-503,Coastal Harbor Junction,Old City Main Junction,38.0,750,599,25.0,14975.0,0,55,On-Time
TRIP-10351,2024-01-10,19:15:15,RAIL-CST,Suburban Rail: Coast Line ⇄ Old City Junction,Suburban Rail,RAIL-EMU-507,Coastal Harbor Junction,Old City Main Junction,38.0,750,708,25.0,17700.0,0,55,On-Time
TRIP-10352,2024-01-10,08:30:45,RAIL-EXT,Suburban Rail: Industrial Corridor ⇄ South Terminal,Suburban Rail,RAIL-EMU-606,Northern Industrial Zone,South Terminal Intermodal,42.5,750,774,30.0,23220.0,5,68,Moderate Delay
TRIP-10353,2024-01-10,15:30:30,RAIL-EXT,Suburban Rail: Industrial Corridor ⇄ South Terminal,Suburban Rail,RAIL-EMU-607,Northern Industrial Zone,South Terminal Intermodal,42.5,750,497,30.0,14910.0,0,65,On-Time
TRIP-10354,2024-01-10,18:10:45,RAIL-EXT,Suburban Rail: Industrial Corridor ⇄ South Terminal,Suburban Rail,RAIL-EMU-607,Northern Industrial Zone,South Terminal Intermodal,42.5,750,810,30.0,24300.0,0,65,On-Time
TRIP-10355,2024-01-10,21:45:15,RAIL-EXT,Suburban Rail: Industrial Corridor ⇄ South Terminal,Suburban Rail,RAIL-EMU-603,Northern Industrial Zone,South Terminal Intermodal,42.5,750,434,30.0,13020.0,0,65,On-Time
TRIP-10356,2024-01-10,10:50:30,BRTS-01,BRTS Ring Corridor: Outer Express,BRTS,BRTS-OR-08,East Ring Hub,West Ring Hub,18.0,85,91,35.0,3185.0,0,32,On-Time
TRIP-10357,2024-01-10,15:00:00,BRTS-01,BRTS Ring Corridor: Outer Express,BRTS,BRTS-OR-07,East Ring Hub,West Ring Hub,18.0,85,67,35.0,2345.0,8,36,Moderate Delay
TRIP-10358,2024-01-10,16:20:15,BRTS-01,BRTS Ring Corridor: Outer Express,BRTS,BRTS-OR-05,East Ring Hub,West Ring Hub,18.0,85,80,35.0,2800.0,0,32,On-Time
TRIP-10359,2024-01-10,19:10:30,BRTS-01,BRTS Ring Corridor: Outer Express,BRTS,BRTS-OR-05,East Ring Hub,West Ring Hub,18.0,85,80,35.0,2800.0,14,39,Moderate Delay
TRIP-10360,2024-01-11,07:10:00,BUS-101,Central Station ⇄ IT Tech Park,Bus,BUS-KA01-E111,Central Railway Station,Cyber City Tech Park,16.5,60,27,30.0,810.0,10,50,Moderate Delay
TRIP-10361,2024-01-11,13:50:00,BUS-101,Central Station ⇄ IT Tech Park,Bus,BUS-KA01-E107,Central Railway Station,Cyber City Tech Park,16.5,60,27,30.0,810.0,0,45,On-Time
TRIP-10362,2024-01-11,16:15:45,BUS-101,Central Station ⇄ IT Tech Park,Bus,BUS-KA01-E102,Central Railway Station,Cyber City Tech Park,16.5,60,41,30.0,1230.0,0,45,On-Time
TRIP-10363,2024-01-11,17:10:30,BUS-101,Central Station ⇄ IT Tech Park,Bus,BUS-KA01-E103,Central Railway Station,Cyber City Tech Park,16.5,60,63,30.0,1890.0,28,67,Major Delay
TRIP-10364,2024-01-11,19:15:00,BUS-101,Central Station ⇄ IT Tech Park,Bus,BUS-KA01-E104,Central Railway Station,Cyber City Tech Park,16.5,60,63,30.0,1890.0,14,54,Moderate Delay
TRIP-10365,2024-01-11,10:20:00,BUS-102,Airport Express ⇄ Downtown Terminal,Bus,BUS-KA01-A207,International Airport Terminal 2,Downtown Central Terminal,28.0,50,54,90.0,4860.0,11,68,Moderate Delay
TRIP-10366,2024-01-11,13:40:45,BUS-102,Airport Express ⇄ Downtown Terminal,Bus,BUS-KA01-A204,International Airport Terminal 2,Downtown Central Terminal,28.0,50,26,90.0,2340.0,5,63,Moderate Delay
TRIP-10367,2024-01-11,15:30:00,BUS-102,Airport Express ⇄ Downtown Terminal,Bus,BUS-KA01-A209,International Airport Terminal 2,Downtown Central Terminal,28.0,50,38,90.0,3420.0,0,60,On-Time
TRIP-10368,2024-01-11,16:20:45,BUS-102,Airport Express ⇄ Downtown Terminal,Bus,BUS-KA01-A202,International Airport Terminal 2,Downtown Central Terminal,28.0,50,37,90.0,3330.0,4,62,Moderate Delay
TRIP-10369,2024-01-11,19:20:45,BUS-102,Airport Express ⇄ Downtown Terminal,Bus,BUS-KA01-A206,International Airport Terminal 2,Downtown Central Terminal,28.0,50,54,90.0,4860.0,4,63,Moderate Delay
TRIP-10370,2024-01-11,11:15:45,BUS-105,Westside Mall ⇄ Harbor Port,Bus,BUS-KA02-W302,Westside Mall Circle,South Harbor Port Gate,14.2,60,45,25.0,1125.0,0,38,On-Time
TRIP-10371,2024-01-11,18:00:30,BUS-105,Westside Mall ⇄ Harbor Port,Bus,BUS-KA02-W307,Westside Mall Circle,South Harbor Port Gate,14.2,60,64,25.0,1600.0,0,38,On-Time
TRIP-10372,2024-01-11,19:30:45,BUS-105,Westside Mall ⇄ Harbor Port,Bus,BUS-KA02-W305,Westside Mall Circle,South Harbor Port Gate,14.2,60,61,25.0,1525.0,13,45,Moderate Delay
TRIP-10373,2024-01-11,12:15:30,BUS-110,University Campus ⇄ City Center,Bus,BUS-KA02-U402,State University North Gate,City Commercial Center,11.0,60,34,20.0,680.0,0,32,On-Time
TRIP-10374,2024-01-11,18:30:45,BUS-110,University Campus ⇄ City Center,Bus,BUS-KA02-U402,State University North Gate,City Commercial Center,11.0,60,64,20.0,1280.0,0,32,On-Time
TRIP-10375,2024-01-11,22:45:00,BUS-110,University Campus ⇄ City Center,Bus,BUS-KA02-U403,State University North Gate,City Commercial Center,11.0,60,17,20.0,340.0,0,32,On-Time
TRIP-10376,2024-01-11,06:15:45,METRO-BLU,Metro Blue Line: North Ridge ⇄ Tech Valley,Metro,METRO-B-05,North Ridge Terminal,Tech Valley Central,24.5,320,99,45.0,4455.0,0,35,On-Time
TRIP-10377,2024-01-11,10:15:30,METRO-BLU,Metro Blue Line: North Ridge ⇄ Tech Valley,Metro,METRO-B-02,North Ridge Terminal,Tech Valley Central,24.5,320,255,45.0,11475.0,0,35,On-Time
TRIP-10378,2024-01-11,17:00:30,METRO-BLU,Metro Blue Line: North Ridge ⇄ Tech Valley,Metro,METRO-B-10,North Ridge Terminal,Tech Valley Central,24.5,320,345,45.0,15525.0,2,36,On-Time
TRIP-10379,2024-01-11,22:10:45,METRO-BLU,Metro Blue Line: North Ridge ⇄ Tech Valley,Metro,METRO-B-10,North Ridge Terminal,Tech Valley Central,24.5,320,94,45.0,4230.0,0,35,On-Time
TRIP-10380,2024-01-11,10:10:00,METRO-RED,Metro Red Line: East Suburb ⇄ Financial District,Metro,METRO-R-01,East Suburb Terminal,Financial District Hub,21.0,320,267,40.0,10680.0,1,30,On-Time
TRIP-10381,2024-01-11,11:20:00,METRO-RED,Metro Red Line: East Suburb ⇄ Financial District,Metro,METRO-R-01,East Suburb Terminal,Financial District Hub,21.0,320,201,40.0,8040.0,0,30,On-Time
TRIP-10382,2024-01-11,17:45:15,METRO-RED,Metro Red Line: East Suburb ⇄ Financial District,Metro,METRO-R-02,East Suburb Terminal,Financial District Hub,21.0,320,334,40.0,13360.0,6,33,Moderate Delay
TRIP-10383,2024-01-11,18:40:00,METRO-RED,Metro Red Line: East Suburb ⇄ Financial District,Metro,METRO-R-09,East Suburb Terminal,Financial District Hub,21.0,320,345,40.0,13800.0,0,30,On-Time
TRIP-10384,2024-01-11,08:50:30,RAIL-CST,Suburban Rail: Coast Line ⇄ Old City Junction,Suburban Rail,RAIL-EMU-501,Coastal Harbor Junction,Old City Main Junction,38.0,750,810,25.0,20250.0,5,58,Moderate Delay
TRIP-10385,2024-01-11,18:40:15,RAIL-CST,Suburban Rail: Coast Line ⇄ Old City Junction,Suburban Rail,RAIL-EMU-502,Coastal Harbor Junction,Old City Main Junction,38.0,750,810,25.0,20250.0,0,55,On-Time
TRIP-10386,2024-01-11,17:20:15,RAIL-EXT,Suburban Rail: Industrial Corridor ⇄ South Terminal,Suburban Rail,RAIL-EMU-605,Northern Industrial Zone,South Terminal Intermodal,42.5,750,725,30.0,21750.0,0,65,On-Time
TRIP-10387,2024-01-11,18:40:00,RAIL-EXT,Suburban Rail: Industrial Corridor ⇄ South Terminal,Suburban Rail,RAIL-EMU-606,Northern Industrial Zone,South Terminal Intermodal,42.5,750,810,30.0,24300.0,24,80,Major Delay
TRIP-10388,2024-01-11,21:30:00,RAIL-EXT,Suburban Rail: Industrial Corridor ⇄ South Terminal,Suburban Rail,RAIL-EMU-601,Northern Industrial Zone,South Terminal Intermodal,42.5,750,322,30.0,9660.0,0,65,On-Time
TRIP-10389,2024-01-11,06:20:45,BRTS-01,BRTS Ring Corridor: Outer Express,BRTS,BRTS-OR-02,East Ring Hub,West Ring Hub,18.0,85,24,35.0,840.0,0,32,On-Time
TRIP-10390,2024-01-11,08:10:15,BRTS-01,BRTS Ring Corridor: Outer Express,BRTS,BRTS-OR-03,East Ring Hub,West Ring Hub,18.0,85,91,35.0,3185.0,7,36,Moderate Delay
TRIP-10391,2024-01-11,14:20:30,BRTS-01,BRTS Ring Corridor: Outer Express,BRTS,BRTS-OR-06,East Ring Hub,West Ring Hub,18.0,85,46,35.0,1610.0,0,32,On-Time
TRIP-10392,2024-01-12,07:20:15,BUS-101,Central Station ⇄ IT Tech Park,Bus,BUS-KA01-E103,Central Railway Station,Cyber City Tech Park,16.5,60,35,30.0,1050.0,0,45,On-Time
TRIP-10393,2024-01-12,09:50:45,BUS-101,Central Station ⇄ IT Tech Park,Bus,BUS-KA01-E104,Central Railway Station,Cyber City Tech Park,16.5,60,64,30.0,1920.0,26,68,Major Delay
TRIP-10394,2024-01-12,14:50:30,BUS-101,Central Station ⇄ IT Tech Park,Bus,BUS-KA01-E111,Central Railway Station,Cyber City Tech Park,16.5,60,35,30.0,1050.0,0,45,On-Time
TRIP-10395,2024-01-12,20:30:00,BUS-101,Central Station ⇄ IT Tech Park,Bus,BUS-KA01-E104,Central Railway Station,Cyber City Tech Park,16.5,60,41,30.0,1230.0,0,45,On-Time
TRIP-10396,2024-01-12,07:30:15,BUS-102,Airport Express ⇄ Downtown Terminal,Bus,BUS-KA01-A209,International Airport Terminal 2,Downtown Central Terminal,28.0,50,21,90.0,1890.0,0,60,On-Time
TRIP-10397,2024-01-12,10:20:00,BUS-102,Airport Express ⇄ Downtown Terminal,Bus,BUS-KA01-A201,International Airport Terminal 2,Downtown Central Terminal,28.0,50,46,90.0,4140.0,0,60,On-Time
TRIP-10398,2024-01-12,16:00:15,BUS-102,Airport Express ⇄ Downtown Terminal,Bus,BUS-KA01-A202,International Airport Terminal 2,Downtown Central Terminal,28.0,50,35,90.0,3150.0,0,60,On-Time
TRIP-10399,2024-01-12,18:30:00,BUS-102,Airport Express ⇄ Downtown Terminal,Bus,BUS-KA01-A202,International Airport Terminal 2,Downtown Central Terminal,28.0,50,50,90.0,4500.0,32,86,Major Delay
TRIP-10400,2024-01-12,06:15:45,BUS-105,Westside Mall ⇄ Harbor Port,Bus,BUS-KA02-W307,Westside Mall Circle,South Harbor Port Gate,14.2,60,17,25.0,425.0,0,38,On-Time
TRIP-10401,2024-01-12,07:15:30,BUS-105,Westside Mall ⇄ Harbor Port,Bus,BUS-KA02-W303,Westside Mall Circle,South Harbor Port Gate,14.2,60,27,25.0,675.0,5,41,Moderate Delay
TRIP-10402,2024-01-12,09:00:15,BUS-105,Westside Mall ⇄ Harbor Port,Bus,BUS-KA02-W305,Westside Mall Circle,South Harbor Port Gate,14.2,60,64,25.0,1600.0,34,55,Major Delay
TRIP-10403,2024-01-12,13:45:15,BUS-105,Westside Mall ⇄ Harbor Port,Bus,BUS-KA02-W304,Westside Mall Circle,South Harbor Port Gate,14.2,60,32,25.0,800.0,0,38,On-Time
TRIP-10404,2024-01-12,06:50:45,BUS-110,University Campus ⇄ City Center,Bus,BUS-KA02-U405,State University North Gate,City Commercial Center,11.0,60,14,20.0,280.0,0,32,On-Time
TRIP-10405,2024-01-12,11:15:00,BUS-110,University Campus ⇄ City Center,Bus,BUS-KA02-U408,State University North Gate,City Commercial Center,11.0,60,35,20.0,700.0,5,34,Moderate Delay
TRIP-10406,2024-01-12,17:40:15,BUS-110,University Campus ⇄ City Center,Bus,BUS-KA02-U401,State University North Gate,City Commercial Center,11.0,60,64,20.0,1280.0,19,43,Major Delay
TRIP-10407,2024-01-12,18:20:45,BUS-110,University Campus ⇄ City Center,Bus,BUS-KA02-U403,State University North Gate,City Commercial Center,11.0,60,64,20.0,1280.0,0,32,On-Time
TRIP-10408,2024-01-12,21:20:30,BUS-110,University Campus ⇄ City Center,Bus,BUS-KA02-U401,State University North Gate,City Commercial Center,11.0,60,32,20.0,640.0,0,32,On-Time
TRIP-10409,2024-01-12,09:30:15,METRO-BLU,Metro Blue Line: North Ridge ⇄ Tech Valley,Metro,METRO-B-01,North Ridge Terminal,Tech Valley Central,24.5,320,345,45.0,15525.0,4,37,Moderate Delay
TRIP-10410,2024-01-12,10:50:00,METRO-BLU,Metro Blue Line: North Ridge ⇄ Tech Valley,Metro,METRO-B-06,North Ridge Terminal,Tech Valley Central,24.5,320,279,45.0,12555.0,0,35,On-Time
TRIP-10411,2024-01-12,13:15:30,METRO-BLU,Metro Blue Line: North Ridge ⇄ Tech Valley,Metro,METRO-B-09,North Ridge Terminal,Tech Valley Central,24.5,320,148,45.0,6660.0,3,37,On-Time
TRIP-10412,2024-01-12,15:40:00,METRO-BLU,Metro Blue Line: North Ridge ⇄ Tech Valley,Metro,METRO-B-02,North Ridge Terminal,Tech Valley Central,24.5,320,205,45.0,9225.0,0,35,On-Time
TRIP-10413,2024-01-12,17:40:30,METRO-BLU,Metro Blue Line: North Ridge ⇄ Tech Valley,Metro,METRO-B-07,North Ridge Terminal,Tech Valley Central,24.5,320,334,45.0,15030.0,0,35,On-Time
TRIP-10414,2024-01-12,18:50:30,METRO-BLU,Metro Blue Line: North Ridge ⇄ Tech Valley,Metro,METRO-B-10,North Ridge Terminal,Tech Valley Central,24.5,320,344,45.0,15480.0,0,35,On-Time
TRIP-10415,2024-01-12,10:30:15,METRO-RED,Metro Red Line: East Suburb ⇄ Financial District,Metro,METRO-R-10,East Suburb Terminal,Financial District Hub,21.0,320,261,40.0,10440.0,7,35,Moderate Delay
TRIP-10416,2024-01-12,11:00:15,METRO-RED,Metro Red Line: East Suburb ⇄ Financial District,Metro,METRO-R-04,East Suburb Terminal,Financial District Hub,21.0,320,212,40.0,8480.0,0,30,On-Time
TRIP-10417,2024-01-12,12:10:45,METRO-RED,Metro Red Line: East Suburb ⇄ Financial District,Metro,METRO-R-06,East Suburb Terminal,Financial District Hub,21.0,320,164,40.0,6560.0,0,30,On-Time
TRIP-10418,2024-01-12,13:15:00,METRO-RED,Metro Red Line: East Suburb ⇄ Financial District,Metro,METRO-R-06,East Suburb Terminal,Financial District Hub,21.0,320,203,40.0,8120.0,0,30,On-Time
TRIP-10419,2024-01-12,17:50:00,METRO-RED,Metro Red Line: East Suburb ⇄ Financial District,Metro,METRO-R-02,East Suburb Terminal,Financial District Hub,21.0,320,326,40.0,13040.0,2,31,On-Time
TRIP-10420,2024-01-12,06:45:15,RAIL-CST,Suburban Rail: Coast Line ⇄ Old City Junction,Suburban Rail,RAIL-EMU-505,Coastal Harbor Junction,Old City Main Junction,38.0,750,227,25.0,5675.0,0,55,On-Time
TRIP-10421,2024-01-12,07:45:00,RAIL-CST,Suburban Rail: Coast Line ⇄ Old City Junction,Suburban Rail,RAIL-EMU-507,Coastal Harbor Junction,Old City Main Junction,38.0,750,445,25.0,11125.0,0,55,On-Time
TRIP-10422,2024-01-12,12:20:15,RAIL-CST,Suburban Rail: Coast Line ⇄ Old City Junction,Suburban Rail,RAIL-EMU-501,Coastal Harbor Junction,Old City Main Junction,38.0,750,441,25.0,11025.0,0,55,On-Time
TRIP-10423,2024-01-12,13:40:30,RAIL-CST,Suburban Rail: Coast Line ⇄ Old City Junction,Suburban Rail,RAIL-EMU-502,Coastal Harbor Junction,Old City Main Junction,38.0,750,498,25.0,12450.0,3,57,On-Time
TRIP-10424,2024-01-12,08:50:00,RAIL-EXT,Suburban Rail: Industrial Corridor ⇄ South Terminal,Suburban Rail,RAIL-EMU-604,Northern Industrial Zone,South Terminal Intermodal,42.5,750,793,30.0,23790.0,0,65,On-Time
TRIP-10425,2024-01-12,11:15:00,RAIL-EXT,Suburban Rail: Industrial Corridor ⇄ South Terminal,Suburban Rail,RAIL-EMU-605,Northern Industrial Zone,South Terminal Intermodal,42.5,750,401,30.0,12030.0,4,67,Moderate Delay
TRIP-10426,2024-01-12,15:30:30,RAIL-EXT,Suburban Rail: Industrial Corridor ⇄ South Terminal,Suburban Rail,RAIL-EMU-607,Northern Industrial Zone,South Terminal Intermodal,42.5,750,465,30.0,13950.0,7,70,Moderate Delay
TRIP-10427,2024-01-12,22:50:15,RAIL-EXT,Suburban Rail: Industrial Corridor ⇄ South Terminal,Suburban Rail,RAIL-EMU-606,Northern Industrial Zone,South Terminal Intermodal,42.5,750,184,30.0,5520.0,2,66,On-Time
TRIP-10428,2024-01-12,06:15:30,BRTS-01,BRTS Ring Corridor: Outer Express,BRTS,BRTS-OR-07,East Ring Hub,West Ring Hub,18.0,85,26,35.0,910.0,0,32,On-Time
TRIP-10429,2024-01-12,07:50:45,BRTS-01,BRTS Ring Corridor: Outer Express,BRTS,BRTS-OR-07,East Ring Hub,West Ring Hub,18.0,85,51,35.0,1785.0,0,32,On-Time
TRIP-10430,2024-01-12,09:15:30,BRTS-01,BRTS Ring Corridor: Outer Express,BRTS,BRTS-OR-08,East Ring Hub,West Ring Hub,18.0,85,91,35.0,3185.0,32,48,Major Delay
TRIP-10431,2024-01-12,12:50:30,BRTS-01,BRTS Ring Corridor: Outer Express,BRTS,BRTS-OR-02,East Ring Hub,West Ring Hub,18.0,85,45,35.0,1575.0,0,32,On-Time
TRIP-10432,2024-01-12,21:10:30,BRTS-01,BRTS Ring Corridor: Outer Express,BRTS,BRTS-OR-04,East Ring Hub,West Ring Hub,18.0,85,46,35.0,1610.0,0,32,On-Time
TRIP-10433,2024-01-13,07:50:15,BUS-101,Central Station ⇄ IT Tech Park,Bus,BUS-KA01-E109,Central Railway Station,Cyber City Tech Park,16.5,60,23,30.0,690.0,1,45,On-Time
TRIP-10434,2024-01-13,12:15:00,BUS-101,Central Station ⇄ IT Tech Park,Bus,BUS-KA01-E103,Central Railway Station,Cyber City Tech Park,16.5,60,31,30.0,930.0,0,45,On-Time
TRIP-10435,2024-01-13,14:20:15,BUS-101,Central Station ⇄ IT Tech Park,Bus,BUS-KA01-E107,Central Railway Station,Cyber City Tech Park,16.5,60,22,30.0,660.0,0,45,On-Time
TRIP-10436,2024-01-13,18:20:15,BUS-101,Central Station ⇄ IT Tech Park,Bus,BUS-KA01-E109,Central Railway Station,Cyber City Tech Park,16.5,60,63,30.0,1890.0,8,49,Moderate Delay
TRIP-10437,2024-01-13,19:45:30,BUS-101,Central Station ⇄ IT Tech Park,Bus,BUS-KA01-E110,Central Railway Station,Cyber City Tech Park,16.5,60,53,30.0,1590.0,4,48,Moderate Delay
TRIP-10438,2024-01-13,07:15:00,BUS-102,Airport Express ⇄ Downtown Terminal,Bus,BUS-KA01-A205,International Airport Terminal 2,Downtown Central Terminal,28.0,50,23,90.0,2070.0,0,60,On-Time
TRIP-10439,2024-01-13,08:40:45,BUS-102,Airport Express ⇄ Downtown Terminal,Bus,BUS-KA01-A208,International Airport Terminal 2,Downtown Central Terminal,28.0,50,36,90.0,3240.0,0,60,On-Time
TRIP-10440,2024-01-13,12:00:15,BUS-102,Airport Express ⇄ Downtown Terminal,Bus,BUS-KA01-A207,International Airport Terminal 2,Downtown Central Terminal,28.0,50,20,90.0,1800.0,10,67,Moderate Delay
TRIP-10441,2024-01-13,19:00:45,BUS-102,Airport Express ⇄ Downtown Terminal,Bus,BUS-KA01-A208,International Airport Terminal 2,Downtown Central Terminal,28.0,50,45,90.0,4050.0,19,69,Major Delay
TRIP-10442,2024-01-13,22:30:30,BUS-102,Airport Express ⇄ Downtown Terminal,Bus,BUS-KA01-A205,International Airport Terminal 2,Downtown Central Terminal,28.0,50,10,90.0,900.0,0,60,On-Time
TRIP-10443,2024-01-13,08:50:30,BUS-105,Westside Mall ⇄ Harbor Port,Bus,BUS-KA02-W304,Westside Mall Circle,South Harbor Port Gate,14.2,60,44,25.0,1100.0,9,43,Moderate Delay
TRIP-10444,2024-01-13,09:45:45,BUS-105,Westside Mall ⇄ Harbor Port,Bus,BUS-KA02-W309,Westside Mall Circle,South Harbor Port Gate,14.2,60,59,25.0,1475.0,0,38,On-Time
TRIP-10445,2024-01-13,10:15:00,BUS-105,Westside Mall ⇄ Harbor Port,Bus,BUS-KA02-W309,Westside Mall Circle,South Harbor Port Gate,14.2,60,39,25.0,975.0,12,47,Moderate Delay
TRIP-10446,2024-01-13,13:00:15,BUS-105,Westside Mall ⇄ Harbor Port,Bus,BUS-KA02-W304,Westside Mall Circle,South Harbor Port Gate,14.2,60,22,25.0,550.0,0,38,On-Time
TRIP-10447,2024-01-13,07:40:15,BUS-110,University Campus ⇄ City Center,Bus,BUS-KA02-U402,State University North Gate,City Commercial Center,11.0,60,21,20.0,420.0,0,32,On-Time
TRIP-10448,2024-01-13,20:00:15,BUS-110,University Campus ⇄ City Center,Bus,BUS-KA02-U408,State University North Gate,City Commercial Center,11.0,60,33,20.0,660.0,0,32,On-Time
TRIP-10449,2024-01-13,22:40:30,BUS-110,University Campus ⇄ City Center,Bus,BUS-KA02-U402,State University North Gate,City Commercial Center,11.0,60,12,20.0,240.0,0,32,On-Time
TRIP-10450,2024-01-13,06:20:15,METRO-BLU,Metro Blue Line: North Ridge ⇄ Tech Valley,Metro,METRO-B-07,North Ridge Terminal,Tech Valley Central,24.5,320,66,45.0,2970.0,0,35,On-Time
TRIP-10451,2024-01-13,08:00:00,METRO-BLU,Metro Blue Line: North Ridge ⇄ Tech Valley,Metro,METRO-B-01,North Ridge Terminal,Tech Valley Central,24.5,320,258,45.0,11610.0,3,37,On-Time
TRIP-10452,2024-01-13,15:20:30,METRO-BLU,Metro Blue Line: North Ridge ⇄ Tech Valley,Metro,METRO-B-05,North Ridge Terminal,Tech Valley Central,24.5,320,169,45.0,7605.0,0,35,On-Time
TRIP-10453,2024-01-13,18:45:45,METRO-BLU,Metro Blue Line: North Ridge ⇄ Tech Valley,Metro,METRO-B-09,North Ridge Terminal,Tech Valley Central,24.5,320,338,45.0,15210.0,4,37,Moderate Delay
TRIP-10454,2024-01-13,22:45:00,METRO-BLU,Metro Blue Line: North Ridge ⇄ Tech Valley,Metro,METRO-B-06,North Ridge Terminal,Tech Valley Central,24.5,320,64,45.0,2880.0,0,35,On-Time
TRIP-10455,2024-01-13,07:40:30,METRO-RED,Metro Red Line: East Suburb ⇄ Financial District,Metro,METRO-R-05,East Suburb Terminal,Financial District Hub,21.0,320,133,40.0,5320.0,0,30,On-Time
TRIP-10456,2024-01-13,13:20:15,METRO-RED,Metro Red Line: East Suburb ⇄ Financial District,Metro,METRO-R-10,East Suburb Terminal,Financial District Hub,21.0,320,135,40.0,5400.0,1,30,On-Time
TRIP-10457,2024-01-13,15:45:30,METRO-RED,Metro Red Line: East Suburb ⇄ Financial District,Metro,METRO-R-05,East Suburb Terminal,Financial District Hub,21.0,320,173,40.0,6920.0,0,30,On-Time
TRIP-10458,2024-01-13,16:30:45,METRO-RED,Metro Red Line: East Suburb ⇄ Financial District,Metro,METRO-R-10,East Suburb Terminal,Financial District Hub,21.0,320,190,40.0,7600.0,0,30,On-Time
TRIP-10459,2024-01-13,19:20:30,METRO-RED,Metro Red Line: East Suburb ⇄ Financial District,Metro,METRO-R-06,East Suburb Terminal,Financial District Hub,21.0,320,274,40.0,10960.0,8,36,Moderate Delay
TRIP-10460,2024-01-13,22:30:15,METRO-RED,Metro Red Line: East Suburb ⇄ Financial District,Metro,METRO-R-02,East Suburb Terminal,Financial District Hub,21.0,320,81,40.0,3240.0,0,30,On-Time
TRIP-10461,2024-01-13,10:15:30,RAIL-CST,Suburban Rail: Coast Line ⇄ Old City Junction,Suburban Rail,RAIL-EMU-503,Coastal Harbor Junction,Old City Main Junction,38.0,750,559,25.0,13975.0,10,62,Moderate Delay
TRIP-10462,2024-01-13,14:45:30,RAIL-CST,Suburban Rail: Coast Line ⇄ Old City Junction,Suburban Rail,RAIL-EMU-501,Coastal Harbor Junction,Old City Main Junction,38.0,750,320,25.0,8000.0,0,55,On-Time
TRIP-10463,2024-01-13,17:50:00,RAIL-CST,Suburban Rail: Coast Line ⇄ Old City Junction,Suburban Rail,RAIL-EMU-501,Coastal Harbor Junction,Old City Main Junction,38.0,750,725,25.0,18125.0,0,55,On-Time
TRIP-10464,2024-01-13,09:45:30,RAIL-EXT,Suburban Rail: Industrial Corridor ⇄ South Terminal,Suburban Rail,RAIL-EMU-602,Northern Industrial Zone,South Terminal Intermodal,42.5,750,651,30.0,19530.0,0,65,On-Time
TRIP-10465,2024-01-13,12:40:45,RAIL-EXT,Suburban Rail: Industrial Corridor ⇄ South Terminal,Suburban Rail,RAIL-EMU-602,Northern Industrial Zone,South Terminal Intermodal,42.5,750,403,30.0,12090.0,0,65,On-Time
TRIP-10466,2024-01-13,19:40:15,RAIL-EXT,Suburban Rail: Industrial Corridor ⇄ South Terminal,Suburban Rail,RAIL-EMU-603,Northern Industrial Zone,South Terminal Intermodal,42.5,750,656,30.0,19680.0,23,85,Major Delay
TRIP-10467,2024-01-13,06:15:15,BRTS-01,BRTS Ring Corridor: Outer Express,BRTS,BRTS-OR-07,East Ring Hub,West Ring Hub,18.0,85,17,35.0,595.0,0,32,On-Time
TRIP-10468,2024-01-13,07:45:45,BRTS-01,BRTS Ring Corridor: Outer Express,BRTS,BRTS-OR-04,East Ring Hub,West Ring Hub,18.0,85,32,35.0,1120.0,0,32,On-Time
TRIP-10469,2024-01-13,09:40:00,BRTS-01,BRTS Ring Corridor: Outer Express,BRTS,BRTS-OR-01,East Ring Hub,West Ring Hub,18.0,85,88,35.0,3080.0,0,32,On-Time
TRIP-10470,2024-01-13,10:00:15,BRTS-01,BRTS Ring Corridor: Outer Express,BRTS,BRTS-OR-02,East Ring Hub,West Ring Hub,18.0,85,53,35.0,1855.0,0,32,On-Time
TRIP-10471,2024-01-13,13:45:30,BRTS-01,BRTS Ring Corridor: Outer Express,BRTS,BRTS-OR-05,East Ring Hub,West Ring Hub,18.0,85,31,35.0,1085.0,0,32,On-Time
TRIP-10472,2024-01-14,12:15:30,BUS-101,Central Station ⇄ IT Tech Park,Bus,BUS-KA01-E103,Central Railway Station,Cyber City Tech Park,16.5,60,32,30.0,960.0,0,45,On-Time
TRIP-10473,2024-01-14,16:45:00,BUS-101,Central Station ⇄ IT Tech Park,Bus,BUS-KA01-E101,Central Railway Station,Cyber City Tech Park,16.5,60,33,30.0,990.0,0,45,On-Time
TRIP-10474,2024-01-14,21:15:00,BUS-101,Central Station ⇄ IT Tech Park,Bus,BUS-KA01-E111,Central Railway Station,Cyber City Tech Park,16.5,60,20,30.0,600.0,0,45,On-Time
TRIP-10475,2024-01-14,22:30:00,BUS-101,Central Station ⇄ IT Tech Park,Bus,BUS-KA01-E101,Central Railway Station,Cyber City Tech Park,16.5,60,14,30.0,420.0,2,46,On-Time
TRIP-10476,2024-01-14,09:45:00,BUS-102,Airport Express ⇄ Downtown Terminal,Bus,BUS-KA01-A201,International Airport Terminal 2,Downtown Central Terminal,28.0,50,45,90.0,4050.0,13,67,Moderate Delay
TRIP-10477,2024-01-14,13:30:45,BUS-102,Airport Express ⇄ Downtown Terminal,Bus,BUS-KA01-A203,International Airport Terminal 2,Downtown Central Terminal,28.0,50,22,90.0,1980.0,0,60,On-Time
TRIP-10478,2024-01-14,19:45:00,BUS-102,Airport Express ⇄ Downtown Terminal,Bus,BUS-KA01-A202,International Airport Terminal 2,Downtown Central Terminal,28.0,50,39,90.0,3510.0,0,60,On-Time
TRIP-10479,2024-01-14,10:20:30,BUS-105,Westside Mall ⇄ Harbor Port,Bus,BUS-KA02-W304,Westside Mall Circle,South Harbor Port Gate,14.2,60,45,25.0,1125.0,6,42,Moderate Delay
TRIP-10480,2024-01-14,12:50:30,BUS-105,Westside Mall ⇄ Harbor Port,Bus,BUS-KA02-W308,Westside Mall Circle,South Harbor Port Gate,14.2,60,24,25.0,600.0,2,39,On-Time
TRIP-10481,2024-01-14,18:15:00,BUS-105,Westside Mall ⇄ Harbor Port,Bus,BUS-KA02-W304,Westside Mall Circle,South Harbor Port Gate,14.2,60,61,25.0,1525.0,10,46,Moderate Delay
TRIP-10482,2024-01-14,22:50:30,BUS-105,Westside Mall ⇄ Harbor Port,Bus,BUS-KA02-W305,Westside Mall Circle,South Harbor Port Gate,14.2,60,12,25.0,300.0,3,40,On-Time
TRIP-10483,2024-01-14,07:10:00,BUS-110,University Campus ⇄ City Center,Bus,BUS-KA02-U408,State University North Gate,City Commercial Center,11.0,60,18,20.0,360.0,3,33,On-Time
TRIP-10484,2024-01-14,16:30:00,BUS-110,University Campus ⇄ City Center,Bus,BUS-KA02-U407,State University North Gate,City Commercial Center,11.0,60,35,20.0,700.0,0,32,On-Time
TRIP-10485,2024-01-14,17:50:30,BUS-110,University Campus ⇄ City Center,Bus,BUS-KA02-U407,State University North Gate,City Commercial Center,11.0,60,57,20.0,1140.0,0,32,On-Time
TRIP-10486,2024-01-14,19:15:00,BUS-110,University Campus ⇄ City Center,Bus,BUS-KA02-U403,State University North Gate,City Commercial Center,11.0,60,40,20.0,800.0,0,32,On-Time
TRIP-10487,2024-01-14,15:50:15,METRO-BLU,Metro Blue Line: North Ridge ⇄ Tech Valley,Metro,METRO-B-03,North Ridge Terminal,Tech Valley Central,24.5,320,169,45.0,7605.0,0,35,On-Time
TRIP-10488,2024-01-14,18:50:45,METRO-BLU,Metro Blue Line: North Ridge ⇄ Tech Valley,Metro,METRO-B-06,North Ridge Terminal,Tech Valley Central,24.5,320,251,45.0,11295.0,1,35,On-Time
TRIP-10489,2024-01-14,19:00:15,METRO-BLU,Metro Blue Line: North Ridge ⇄ Tech Valley,Metro,METRO-B-09,North Ridge Terminal,Tech Valley Central,24.5,320,300,45.0,13500.0,0,35,On-Time
TRIP-10490,2024-01-14,21:10:45,METRO-BLU,Metro Blue Line: North Ridge ⇄ Tech Valley,Metro,METRO-B-07,North Ridge Terminal,Tech Valley Central,24.5,320,124,45.0,5580.0,6,39,Moderate Delay
TRIP-10491,2024-01-14,06:50:45,METRO-RED,Metro Red Line: East Suburb ⇄ Financial District,Metro,METRO-R-06,East Suburb Terminal,Financial District Hub,21.0,320,72,40.0,2880.0,8,35,Moderate Delay
TRIP-10492,2024-01-14,07:30:00,METRO-RED,Metro Red Line: East Suburb ⇄ Financial District,Metro,METRO-R-04,East Suburb Terminal,Financial District Hub,21.0,320,126,40.0,5040.0,0,30,On-Time
TRIP-10493,2024-01-14,08:10:45,METRO-RED,Metro Red Line: East Suburb ⇄ Financial District,Metro,METRO-R-08,East Suburb Terminal,Financial District Hub,21.0,320,255,40.0,10200.0,0,30,On-Time
TRIP-10494,2024-01-14,16:50:30,METRO-RED,Metro Red Line: East Suburb ⇄ Financial District,Metro,METRO-R-02,East Suburb Terminal,Financial District Hub,21.0,320,167,40.0,6680.0,0,30,On-Time
TRIP-10495,2024-01-14,07:00:00,RAIL-CST,Suburban Rail: Coast Line ⇄ Old City Junction,Suburban Rail,RAIL-EMU-505,Coastal Harbor Junction,Old City Main Junction,38.0,750,329,25.0,8225.0,0,55,On-Time
TRIP-10496,2024-01-14,14:20:45,RAIL-CST,Suburban Rail: Coast Line ⇄ Old City Junction,Suburban Rail,RAIL-EMU-502,Coastal Harbor Junction,Old City Main Junction,38.0,750,398,25.0,9950.0,0,55,On-Time
TRIP-10497,2024-01-14,19:50:30,RAIL-CST,Suburban Rail: Coast Line ⇄ Old City Junction,Suburban Rail,RAIL-EMU-506,Coastal Harbor Junction,Old City Main Junction,38.0,750,604,25.0,15100.0,0,55,On-Time
TRIP-10498,2024-01-14,07:20:00,RAIL-EXT,Suburban Rail: Industrial Corridor ⇄ South Terminal,Suburban Rail,RAIL-EMU-603,Northern Industrial Zone,South Terminal Intermodal,42.5,750,276,30.0,8280.0,0,65,On-Time
TRIP-10499,2024-01-14,09:40:00,RAIL-EXT,Suburban Rail: Industrial Corridor ⇄ South Terminal,Suburban Rail,RAIL-EMU-606,Northern Industrial Zone,South Terminal Intermodal,42.5,750,552,30.0,16560.0,7,70,Moderate Delay
TRIP-10500,2024-01-14,20:45:00,RAIL-EXT,Suburban Rail: Industrial Corridor ⇄ South Terminal,Suburban Rail,RAIL-EMU-604,Northern Industrial Zone,South Terminal Intermodal,42.5,750,399,30.0,11970.0,2,66,On-Time
TRIP-10501,2024-01-14,12:40:00,BRTS-01,BRTS Ring Corridor: Outer Express,BRTS,BRTS-OR-08,East Ring Hub,West Ring Hub,18.0,85,42,35.0,1470.0,10,37,Moderate Delay
TRIP-10502,2024-01-14,17:50:15,BRTS-01,BRTS Ring Corridor: Outer Express,BRTS,BRTS-OR-07,East Ring Hub,West Ring Hub,18.0,85,85,35.0,2975.0,7,37,Moderate Delay
TRIP-10503,2024-01-14,20:50:15,BRTS-01,BRTS Ring Corridor: Outer Express,BRTS,BRTS-OR-06,East Ring Hub,West Ring Hub,18.0,85,54,35.0,1890.0,3,33,On-Time
TRIP-10504,2024-01-15,15:20:30,BUS-101,Central Station ⇄ IT Tech Park,Bus,BUS-KA01-E103,Central Railway Station,Cyber City Tech Park,16.5,60,38,30.0,1140.0,0,45,On-Time
TRIP-10505,2024-01-15,17:15:45,BUS-101,Central Station ⇄ IT Tech Park,Bus,BUS-KA01-E109,Central Railway Station,Cyber City Tech Park,16.5,60,64,30.0,1920.0,0,45,On-Time
TRIP-10506,2024-01-15,18:40:15,BUS-101,Central Station ⇄ IT Tech Park,Bus,BUS-KA01-E106,Central Railway Station,Cyber City Tech Park,16.5,60,64,30.0,1920.0,0,45,On-Time
TRIP-10507,2024-01-15,19:15:15,BUS-101,Central Station ⇄ IT Tech Park,Bus,BUS-KA01-E102,Central Railway Station,Cyber City Tech Park,16.5,60,63,30.0,1890.0,0,45,On-Time
TRIP-10508,2024-01-15,22:40:45,BUS-101,Central Station ⇄ IT Tech Park,Bus,BUS-KA01-E111,Central Railway Station,Cyber City Tech Park,16.5,60,18,30.0,540.0,0,45,On-Time
TRIP-10509,2024-01-15,06:10:00,BUS-102,Airport Express ⇄ Downtown Terminal,Bus,BUS-KA01-A203,International Airport Terminal 2,Downtown Central Terminal,28.0,50,12,90.0,1080.0,1,60,On-Time
TRIP-10510,2024-01-15,14:30:30,BUS-102,Airport Express ⇄ Downtown Terminal,Bus,BUS-KA01-A209,International Airport Terminal 2,Downtown Central Terminal,28.0,50,25,90.0,2250.0,5,62,Moderate Delay
TRIP-10511,2024-01-15,15:00:30,BUS-102,Airport Express ⇄ Downtown Terminal,Bus,BUS-KA01-A209,International Airport Terminal 2,Downtown Central Terminal,28.0,50,37,90.0,3330.0,9,67,Moderate Delay
TRIP-10512,2024-01-15,18:45:15,BUS-102,Airport Express ⇄ Downtown Terminal,Bus,BUS-KA01-A201,International Airport Terminal 2,Downtown Central Terminal,28.0,50,54,90.0,4860.0,0,60,On-Time
TRIP-10513,2024-01-15,19:45:45,BUS-102,Airport Express ⇄ Downtown Terminal,Bus,BUS-KA01-A209,International Airport Terminal 2,Downtown Central Terminal,28.0,50,50,90.0,4500.0,0,60,On-Time
TRIP-10514,2024-01-15,06:50:15,BUS-105,Westside Mall ⇄ Harbor Port,Bus,BUS-KA02-W309,Westside Mall Circle,South Harbor Port Gate,14.2,60,18,25.0,450.0,0,38,On-Time
TRIP-10515,2024-01-15,09:20:15,BUS-105,Westside Mall ⇄ Harbor Port,Bus,BUS-KA02-W303,Westside Mall Circle,South Harbor Port Gate,14.2,60,64,25.0,1600.0,8,42,Moderate Delay
TRIP-10516,2024-01-15,14:10:45,BUS-105,Westside Mall ⇄ Harbor Port,Bus,BUS-KA02-W303,Westside Mall Circle,South Harbor Port Gate,14.2,60,29,25.0,725.0,0,38,On-Time
TRIP-10517,2024-01-15,06:15:00,BUS-110,University Campus ⇄ City Center,Bus,BUS-KA02-U405,State University North Gate,City Commercial Center,11.0,60,13,20.0,260.0,0,32,On-Time
TRIP-10518,2024-01-15,11:50:30,BUS-110,University Campus ⇄ City Center,Bus,BUS-KA02-U403,State University North Gate,City Commercial Center,11.0,60,31,20.0,620.0,0,32,On-Time
TRIP-10519,2024-01-15,13:10:15,BUS-110,University Campus ⇄ City Center,Bus,BUS-KA02-U404,State University North Gate,City Commercial Center,11.0,60,32,20.0,640.0,0,32,On-Time
TRIP-10520,2024-01-15,14:20:30,BUS-110,University Campus ⇄ City Center,Bus,BUS-KA02-U409,State University North Gate,City Commercial Center,11.0,60,33,20.0,660.0,0,32,On-Time
TRIP-10521,2024-01-15,17:50:00,BUS-110,University Campus ⇄ City Center,Bus,BUS-KA02-U404,State University North Gate,City Commercial Center,11.0,60,57,20.0,1140.0,19,48,Major Delay
TRIP-10522,2024-01-15,16:10:45,METRO-BLU,Metro Blue Line: North Ridge ⇄ Tech Valley,Metro,METRO-B-09,North Ridge Terminal,Tech Valley Central,24.5,320,238,45.0,10710.0,0,35,On-Time
TRIP-10523,2024-01-15,18:40:45,METRO-BLU,Metro Blue Line: North Ridge ⇄ Tech Valley,Metro,METRO-B-02,North Ridge Terminal,Tech Valley Central,24.5,320,345,45.0,15525.0,4,37,Moderate Delay
TRIP-10524,2024-01-15,20:10:15,METRO-BLU,Metro Blue Line: North Ridge ⇄ Tech Valley,Metro,METRO-B-02,North Ridge Terminal,Tech Valley Central,24.5,320,299,45.0,13455.0,0,35,On-Time
TRIP-10525,2024-01-15,21:20:15,METRO-BLU,Metro Blue Line: North Ridge ⇄ Tech Valley,Metro,METRO-B-09,North Ridge Terminal,Tech Valley Central,24.5,320,178,45.0,8010.0,0,35,On-Time
TRIP-10526,2024-01-15,06:50:30,METRO-RED,Metro Red Line: East Suburb ⇄ Financial District,Metro,METRO-R-09,East Suburb Terminal,Financial District Hub,21.0,320,68,40.0,2720.0,3,32,On-Time
TRIP-10527,2024-01-15,08:10:15,METRO-RED,Metro Red Line: East Suburb ⇄ Financial District,Metro,METRO-R-07,East Suburb Terminal,Financial District Hub,21.0,320,345,40.0,13800.0,8,36,Moderate Delay
TRIP-10528,2024-01-15,16:40:00,METRO-RED,Metro Red Line: East Suburb ⇄ Financial District,Metro,METRO-R-10,East Suburb Terminal,Financial District Hub,21.0,320,252,40.0,10080.0,1,30,On-Time
TRIP-10529,2024-01-15,17:10:00,METRO-RED,Metro Red Line: East Suburb ⇄ Financial District,Metro,METRO-R-05,East Suburb Terminal,Financial District Hub,21.0,320,345,40.0,13800.0,2,31,On-Time
TRIP-10530,2024-01-15,19:10:30,METRO-RED,Metro Red Line: East Suburb ⇄ Financial District,Metro,METRO-R-01,East Suburb Terminal,Financial District Hub,21.0,320,345,40.0,13800.0,7,35,Moderate Delay
TRIP-10531,2024-01-15,21:50:15,METRO-RED,Metro Red Line: East Suburb ⇄ Financial District,Metro,METRO-R-09,East Suburb Terminal,Financial District Hub,21.0,320,158,40.0,6320.0,7,35,Moderate Delay
TRIP-10532,2024-01-15,10:40:00,RAIL-CST,Suburban Rail: Coast Line ⇄ Old City Junction,Suburban Rail,RAIL-EMU-501,Coastal Harbor Junction,Old City Main Junction,38.0,750,718,25.0,17950.0,0,55,On-Time
TRIP-10533,2024-01-15,15:45:00,RAIL-CST,Suburban Rail: Coast Line ⇄ Old City Junction,Suburban Rail,RAIL-EMU-503,Coastal Harbor Junction,Old City Main Junction,38.0,750,466,25.0,11650.0,0,55,On-Time
TRIP-10534,2024-01-15,16:20:45,RAIL-CST,Suburban Rail: Coast Line ⇄ Old City Junction,Suburban Rail,RAIL-EMU-502,Coastal Harbor Junction,Old City Main Junction,38.0,750,719,25.0,17975.0,0,55,On-Time
TRIP-10535,2024-01-15,12:10:15,RAIL-EXT,Suburban Rail: Industrial Corridor ⇄ South Terminal,Suburban Rail,RAIL-EMU-607,Northern Industrial Zone,South Terminal Intermodal,42.5,750,480,30.0,14400.0,0,65,On-Time
TRIP-10536,2024-01-15,14:50:00,RAIL-EXT,Suburban Rail: Industrial Corridor ⇄ South Terminal,Suburban Rail,RAIL-EMU-605,Northern Industrial Zone,South Terminal Intermodal,42.5,750,412,30.0,12360.0,2,66,On-Time
TRIP-10537,2024-01-15,08:20:00,BRTS-01,BRTS Ring Corridor: Outer Express,BRTS,BRTS-OR-08,East Ring Hub,West Ring Hub,18.0,85,84,35.0,2940.0,16,42,Major Delay
TRIP-10538,2024-01-15,16:40:30,BRTS-01,BRTS Ring Corridor: Outer Express,BRTS,BRTS-OR-06,East Ring Hub,West Ring Hub,18.0,85,75,35.0,2625.0,10,38,Moderate Delay
TRIP-10539,2024-01-15,17:45:15,BRTS-01,BRTS Ring Corridor: Outer Express,BRTS,BRTS-OR-07,East Ring Hub,West Ring Hub,18.0,85,76,35.0,2660.0,18,46,Major Delay
TRIP-10540,2024-01-15,22:30:30,BRTS-01,BRTS Ring Corridor: Outer Express,BRTS,BRTS-OR-08,East Ring Hub,West Ring Hub,18.0,85,21,35.0,735.0,0,32,On-Time
TRIP-10541,2024-01-16,13:10:15,BUS-101,Central Station ⇄ IT Tech Park,Bus,BUS-KA01-E103,Central Railway Station,Cyber City Tech Park,16.5,60,35,30.0,1050.0,5,49,Moderate Delay
TRIP-10542,2024-01-16,14:20:30,BUS-101,Central Station ⇄ IT Tech Park,Bus,BUS-KA01-E101,Central Railway Station,Cyber City Tech Park,16.5,60,39,30.0,1170.0,0,45,On-Time
TRIP-10543,2024-01-16,15:00:45,BUS-101,Central Station ⇄ IT Tech Park,Bus,BUS-KA01-E109,Central Railway Station,Cyber City Tech Park,16.5,60,44,30.0,1320.0,1,45,On-Time
TRIP-10544,2024-01-16,17:50:15,BUS-101,Central Station ⇄ IT Tech Park,Bus,BUS-KA01-E109,Central Railway Station,Cyber City Tech Park,16.5,60,63,30.0,1890.0,22,57,Major Delay
TRIP-10545,2024-01-16,06:20:15,BUS-102,Airport Express ⇄ Downtown Terminal,Bus,BUS-KA01-A203,International Airport Terminal 2,Downtown Central Terminal,28.0,50,14,90.0,1260.0,3,61,On-Time
TRIP-10546,2024-01-16,08:50:30,BUS-102,Airport Express ⇄ Downtown Terminal,Bus,BUS-KA01-A205,International Airport Terminal 2,Downtown Central Terminal,28.0,50,44,90.0,3960.0,0,60,On-Time
TRIP-10547,2024-01-16,11:40:15,BUS-102,Airport Express ⇄ Downtown Terminal,Bus,BUS-KA01-A208,International Airport Terminal 2,Downtown Central Terminal,28.0,50,26,90.0,2340.0,6,63,Moderate Delay
TRIP-10548,2024-01-16,14:00:00,BUS-102,Airport Express ⇄ Downtown Terminal,Bus,BUS-KA01-A209,International Airport Terminal 2,Downtown Central Terminal,28.0,50,35,90.0,3150.0,0,60,On-Time
TRIP-10549,2024-01-16,18:30:30,BUS-102,Airport Express ⇄ Downtown Terminal,Bus,BUS-KA01-A207,International Airport Terminal 2,Downtown Central Terminal,28.0,50,54,90.0,4860.0,0,60,On-Time
TRIP-10550,2024-01-16,08:45:30,BUS-105,Westside Mall ⇄ Harbor Port,Bus,BUS-KA02-W301,Westside Mall Circle,South Harbor Port Gate,14.2,60,64,25.0,1600.0,34,67,Major Delay
TRIP-10551,2024-01-16,09:15:45,BUS-105,Westside Mall ⇄ Harbor Port,Bus,BUS-KA02-W303,Westside Mall Circle,South Harbor Port Gate,14.2,60,62,25.0,1550.0,21,50,Major Delay
TRIP-10552,2024-01-16,12:15:30,BUS-105,Westside Mall ⇄ Harbor Port,Bus,BUS-KA02-W307,Westside Mall Circle,South Harbor Port Gate,14.2,60,37,25.0,925.0,0,38,On-Time
TRIP-10553,2024-01-16,14:40:00,BUS-105,Westside Mall ⇄ Harbor Port,Bus,BUS-KA02-W303,Westside Mall Circle,South Harbor Port Gate,14.2,60,35,25.0,875.0,0,38,On-Time
TRIP-10554,2024-01-16,06:15:15,BUS-110,University Campus ⇄ City Center,Bus,BUS-KA02-U403,State University North Gate,City Commercial Center,11.0,60,16,20.0,320.0,10,37,Moderate Delay
TRIP-10555,2024-01-16,08:30:15,BUS-110,University Campus ⇄ City Center,Bus,BUS-KA02-U405,State University North Gate,City Commercial Center,11.0,60,64,20.0,1280.0,5,36,Moderate Delay
TRIP-10556,2024-01-16,09:10:15,BUS-110,University Campus ⇄ City Center,Bus,BUS-KA02-U403,State University North Gate,City Commercial Center,11.0,60,64,20.0,1280.0,0,32,On-Time
TRIP-10557,2024-01-16,19:20:45,BUS-110,University Campus ⇄ City Center,Bus,BUS-KA02-U403,State University North Gate,City Commercial Center,11.0,60,64,20.0,1280.0,0,32,On-Time
TRIP-10558,2024-01-16,21:30:15,BUS-110,University Campus ⇄ City Center,Bus,BUS-KA02-U402,State University North Gate,City Commercial Center,11.0,60,31,20.0,620.0,0,32,On-Time
TRIP-10559,2024-01-16,07:00:15,METRO-BLU,Metro Blue Line: North Ridge ⇄ Tech Valley,Metro,METRO-B-03,North Ridge Terminal,Tech Valley Central,24.5,320,169,45.0,7605.0,0,35,On-Time
TRIP-10560,2024-01-16,08:10:15,METRO-BLU,Metro Blue Line: North Ridge ⇄ Tech Valley,Metro,METRO-B-09,North Ridge Terminal,Tech Valley Central,24.5,320,344,45.0,15480.0,0,35,On-Time
TRIP-10561,2024-01-16,18:10:00,METRO-BLU,Metro Blue Line: North Ridge ⇄ Tech Valley,Metro,METRO-B-07,North Ridge Terminal,Tech Valley Central,24.5,320,345,45.0,15525.0,1,35,On-Time
TRIP-10562,2024-01-16,22:45:30,METRO-BLU,Metro Blue Line: North Ridge ⇄ Tech Valley,Metro,METRO-B-08,North Ridge Terminal,Tech Valley Central,24.5,320,110,45.0,4950.0,0,35,On-Time
TRIP-10563,2024-01-16,08:50:15,METRO-RED,Metro Red Line: East Suburb ⇄ Financial District,Metro,METRO-R-01,East Suburb Terminal,Financial District Hub,21.0,320,345,40.0,13800.0,7,34,Moderate Delay
TRIP-10564,2024-01-16,09:00:00,METRO-RED,Metro Red Line: East Suburb ⇄ Financial District,Metro,METRO-R-06,East Suburb Terminal,Financial District Hub,21.0,320,345,40.0,13800.0,4,33,Moderate Delay
TRIP-10565,2024-01-16,10:45:30,METRO-RED,Metro Red Line: East Suburb ⇄ Financial District,Metro,METRO-R-09,East Suburb Terminal,Financial District Hub,21.0,320,252,40.0,10080.0,5,33,Moderate Delay
TRIP-10566,2024-01-16,12:45:30,METRO-RED,Metro Red Line: East Suburb ⇄ Financial District,Metro,METRO-R-04,East Suburb Terminal,Financial District Hub,21.0,320,200,40.0,8000.0,0,30,On-Time
TRIP-10567,2024-01-16,17:45:45,METRO-RED,Metro Red Line: East Suburb ⇄ Financial District,Metro,METRO-R-05,East Suburb Terminal,Financial District Hub,21.0,320,313,40.0,12520.0,0,30,On-Time
TRIP-10568,2024-01-16,08:10:15,RAIL-CST,Suburban Rail: Coast Line ⇄ Old City Junction,Suburban Rail,RAIL-EMU-502,Coastal Harbor Junction,Old City Main Junction,38.0,750,798,25.0,19950.0,0,55,On-Time
TRIP-10569,2024-01-16,17:45:30,RAIL-CST,Suburban Rail: Coast Line ⇄ Old City Junction,Suburban Rail,RAIL-EMU-501,Coastal Harbor Junction,Old City Main Junction,38.0,750,810,25.0,20250.0,0,55,On-Time
TRIP-10570,2024-01-16,18:15:45,RAIL-CST,Suburban Rail: Coast Line ⇄ Old City Junction,Suburban Rail,RAIL-EMU-504,Coastal Harbor Junction,Old City Main Junction,38.0,750,810,25.0,20250.0,5,59,Moderate Delay
TRIP-10571,2024-01-16,22:45:00,RAIL-CST,Suburban Rail: Coast Line ⇄ Old City Junction,Suburban Rail,RAIL-EMU-506,Coastal Harbor Junction,Old City Main Junction,38.0,750,185,25.0,4625.0,2,56,On-Time
TRIP-10572,2024-01-16,15:00:15,RAIL-EXT,Suburban Rail: Industrial Corridor ⇄ South Terminal,Suburban Rail,RAIL-EMU-606,Northern Industrial Zone,South Terminal Intermodal,42.5,750,534,30.0,16020.0,0,65,On-Time
TRIP-10573,2024-01-16,17:30:15,RAIL-EXT,Suburban Rail: Industrial Corridor ⇄ South Terminal,Suburban Rail,RAIL-EMU-602,Northern Industrial Zone,South Terminal Intermodal,42.5,750,686,30.0,20580.0,0,65,On-Time
TRIP-10574,2024-01-16,18:15:00,RAIL-EXT,Suburban Rail: Industrial Corridor ⇄ South Terminal,Suburban Rail,RAIL-EMU-601,Northern Industrial Zone,South Terminal Intermodal,42.5,750,810,30.0,24300.0,0,65,On-Time
TRIP-10575,2024-01-16,12:45:15,BRTS-01,BRTS Ring Corridor: Outer Express,BRTS,BRTS-OR-02,East Ring Hub,West Ring Hub,18.0,85,51,35.0,1785.0,0,32,On-Time
TRIP-10576,2024-01-16,16:30:30,BRTS-01,BRTS Ring Corridor: Outer Express,BRTS,BRTS-OR-04,East Ring Hub,West Ring Hub,18.0,85,65,35.0,2275.0,0,32,On-Time
TRIP-10577,2024-01-16,17:50:45,BRTS-01,BRTS Ring Corridor: Outer Express,BRTS,BRTS-OR-02,East Ring Hub,West Ring Hub,18.0,85,91,35.0,3185.0,30,53,Major Delay
TRIP-10578,2024-01-16,18:30:30,BRTS-01,BRTS Ring Corridor: Outer Express,BRTS,BRTS-OR-05,East Ring Hub,West Ring Hub,18.0,85,91,35.0,3185.0,0,32,On-Time
TRIP-10579,2024-01-17,13:20:30,BUS-101,Central Station ⇄ IT Tech Park,Bus,BUS-KA01-E110,Central Railway Station,Cyber City Tech Park,16.5,60,39,30.0,1170.0,0,45,On-Time
TRIP-10580,2024-01-17,15:00:45,BUS-101,Central Station ⇄ IT Tech Park,Bus,BUS-KA01-E104,Central Railway Station,Cyber City Tech Park,16.5,60,34,30.0,1020.0,4,48,Moderate Delay
TRIP-10581,2024-01-17,18:40:45,BUS-101,Central Station ⇄ IT Tech Park,Bus,BUS-KA01-E105,Central Railway Station,Cyber City Tech Park,16.5,60,64,30.0,1920.0,4,48,Moderate Delay
TRIP-10582,2024-01-17,20:20:30,BUS-101,Central Station ⇄ IT Tech Park,Bus,BUS-KA01-E102,Central Railway Station,Cyber City Tech Park,16.5,60,39,30.0,1170.0,0,45,On-Time
TRIP-10583,2024-01-17,21:15:45,BUS-101,Central Station ⇄ IT Tech Park,Bus,BUS-KA01-E111,Central Railway Station,Cyber City Tech Park,16.5,60,27,30.0,810.0,10,51,Moderate Delay
TRIP-10584,2024-01-17,09:20:30,BUS-102,Airport Express ⇄ Downtown Terminal,Bus,BUS-KA01-A206,International Airport Terminal 2,Downtown Central Terminal,28.0,50,52,90.0,4680.0,19,75,Major Delay
TRIP-10585,2024-01-17,12:15:00,BUS-102,Airport Express ⇄ Downtown Terminal,Bus,BUS-KA01-A209,International Airport Terminal 2,Downtown Central Terminal,28.0,50,25,90.0,2250.0,8,65,Moderate Delay
TRIP-10586,2024-01-17,21:00:45,BUS-102,Airport Express ⇄ Downtown Terminal,Bus,BUS-KA01-A205,International Airport Terminal 2,Downtown Central Terminal,28.0,50,23,90.0,2070.0,0,60,On-Time
TRIP-10587,2024-01-17,09:15:00,BUS-105,Westside Mall ⇄ Harbor Port,Bus,BUS-KA02-W307,Westside Mall Circle,South Harbor Port Gate,14.2,60,64,25.0,1600.0,6,42,Moderate Delay
TRIP-10588,2024-01-17,11:15:45,BUS-105,Westside Mall ⇄ Harbor Port,Bus,BUS-KA02-W301,Westside Mall Circle,South Harbor Port Gate,14.2,60,45,25.0,1125.0,0,38,On-Time
TRIP-10589,2024-01-17,12:00:15,BUS-105,Westside Mall ⇄ Harbor Port,Bus,BUS-KA02-W305,Westside Mall Circle,South Harbor Port Gate,14.2,60,34,25.0,850.0,6,42,Moderate Delay
TRIP-10590,2024-01-17,14:15:30,BUS-105,Westside Mall ⇄ Harbor Port,Bus,BUS-KA02-W306,Westside Mall Circle,South Harbor Port Gate,14.2,60,32,25.0,800.0,0,38,On-Time
TRIP-10591,2024-01-17,09:45:30,BUS-110,University Campus ⇄ City Center,Bus,BUS-KA02-U403,State University North Gate,City Commercial Center,11.0,60,64,20.0,1280.0,32,50,Major Delay
TRIP-10592,2024-01-17,19:20:00,BUS-110,University Campus ⇄ City Center,Bus,BUS-KA02-U407,State University North Gate,City Commercial Center,11.0,60,64,20.0,1280.0,0,32,On-Time
TRIP-10593,2024-01-17,21:20:15,BUS-110,University Campus ⇄ City Center,Bus,BUS-KA02-U401,State University North Gate,City Commercial Center,11.0,60,32,20.0,640.0,0,32,On-Time
TRIP-10594,2024-01-17,08:40:45,METRO-BLU,Metro Blue Line: North Ridge ⇄ Tech Valley,Metro,METRO-B-07,North Ridge Terminal,Tech Valley Central,24.5,320,320,45.0,14400.0,0,35,On-Time
TRIP-10595,2024-01-17,19:10:15,METRO-BLU,Metro Blue Line: North Ridge ⇄ Tech Valley,Metro,METRO-B-02,North Ridge Terminal,Tech Valley Central,24.5,320,276,45.0,12420.0,0,35,On-Time
TRIP-10596,2024-01-17,21:50:30,METRO-BLU,Metro Blue Line: North Ridge ⇄ Tech Valley,Metro,METRO-B-05,North Ridge Terminal,Tech Valley Central,24.5,320,141,45.0,6345.0,0,35,On-Time
TRIP-10597,2024-01-17,22:40:00,METRO-BLU,Metro Blue Line: North Ridge ⇄ Tech Valley,Metro,METRO-B-10,North Ridge Terminal,Tech Valley Central,24.5,320,92,45.0,4140.0,0,35,On-Time
TRIP-10598,2024-01-17,11:50:45,METRO-RED,Metro Red Line: East Suburb ⇄ Financial District,Metro,METRO-R-03,East Suburb Terminal,Financial District Hub,21.0,320,235,40.0,9400.0,0,30,On-Time
TRIP-10599,2024-01-17,15:15:30,METRO-RED,Metro Red Line: East Suburb ⇄ Financial District,Metro,METRO-R-02,East Suburb Terminal,Financial District Hub,21.0,320,209,40.0,8360.0,0,30,On-Time
TRIP-10600,2024-01-17,20:10:15,METRO-RED,Metro Red Line: East Suburb ⇄ Financial District,Metro,METRO-R-05,East Suburb Terminal,Financial District Hub,21.0,320,236,40.0,9440.0,0,30,On-Time
TRIP-10601,2024-01-17,22:45:30,METRO-RED,Metro Red Line: East Suburb ⇄ Financial District,Metro,METRO-R-10,East Suburb Terminal,Financial District Hub,21.0,320,110,40.0,4400.0,0,30,On-Time
TRIP-10602,2024-01-17,08:00:15,RAIL-CST,Suburban Rail: Coast Line ⇄ Old City Junction,Suburban Rail,RAIL-EMU-506,Coastal Harbor Junction,Old City Main Junction,38.0,750,810,25.0,20250.0,0,55,On-Time
TRIP-10603,2024-01-17,19:10:15,RAIL-CST,Suburban Rail: Coast Line ⇄ Old City Junction,Suburban Rail,RAIL-EMU-504,Coastal Harbor Junction,Old City Main Junction,38.0,750,682,25.0,17050.0,5,59,Moderate Delay
TRIP-10604,2024-01-17,20:00:00,RAIL-CST,Suburban Rail: Coast Line ⇄ Old City Junction,Suburban Rail,RAIL-EMU-501,Coastal Harbor Junction,Old City Main Junction,38.0,750,654,25.0,16350.0,0,55,On-Time
TRIP-10605,2024-01-17,22:30:15,RAIL-CST,Suburban Rail: Coast Line ⇄ Old City Junction,Suburban Rail,RAIL-EMU-502,Coastal Harbor Junction,Old City Main Junction,38.0,750,187,25.0,4675.0,0,55,On-Time
TRIP-10606,2024-01-17,15:15:15,RAIL-EXT,Suburban Rail: Industrial Corridor ⇄ South Terminal,Suburban Rail,RAIL-EMU-607,Northern Industrial Zone,South Terminal Intermodal,42.5,750,511,30.0,15330.0,1,65,On-Time
TRIP-10607,2024-01-17,20:40:45,RAIL-EXT,Suburban Rail: Industrial Corridor ⇄ South Terminal,Suburban Rail,RAIL-EMU-605,Northern Industrial Zone,South Terminal Intermodal,42.5,750,582,30.0,17460.0,0,65,On-Time
TRIP-10608,2024-01-17,10:50:45,BRTS-01,BRTS Ring Corridor: Outer Express,BRTS,BRTS-OR-06,East Ring Hub,West Ring Hub,18.0,85,80,35.0,2800.0,0,32,On-Time
TRIP-10609,2024-01-17,11:50:15,BRTS-01,BRTS Ring Corridor: Outer Express,BRTS,BRTS-OR-05,East Ring Hub,West Ring Hub,18.0,85,60,35.0,2100.0,0,32,On-Time
TRIP-10610,2024-01-17,15:15:30,BRTS-01,BRTS Ring Corridor: Outer Express,BRTS,BRTS-OR-03,East Ring Hub,West Ring Hub,18.0,85,46,35.0,1610.0,0,32,On-Time
TRIP-10611,2024-01-17,20:40:30,BRTS-01,BRTS Ring Corridor: Outer Express,BRTS,BRTS-OR-08,East Ring Hub,West Ring Hub,18.0,85,66,35.0,2310.0,8,39,Moderate Delay
TRIP-10612,2024-01-18,06:20:00,BUS-101,Central Station ⇄ IT Tech Park,Bus,BUS-KA01-E104,Central Railway Station,Cyber City Tech Park,16.5,60,16,30.0,480.0,9,51,Moderate Delay
TRIP-10613,2024-01-18,10:15:45,BUS-101,Central Station ⇄ IT Tech Park,Bus,BUS-KA01-E104,Central Railway Station,Cyber City Tech Park,16.5,60,63,30.0,1890.0,9,51,Moderate Delay
TRIP-10614,2024-01-18,18:30:30,BUS-101,Central Station ⇄ IT Tech Park,Bus,BUS-KA01-E104,Central Railway Station,Cyber City Tech Park,16.5,60,64,30.0,1920.0,0,45,On-Time
TRIP-10615,2024-01-18,19:10:15,BUS-101,Central Station ⇄ IT Tech Park,Bus,BUS-KA01-E105,Central Railway Station,Cyber City Tech Park,16.5,60,53,30.0,1590.0,33,69,Major Delay
TRIP-10616,2024-01-18,06:00:00,BUS-102,Airport Express ⇄ Downtown Terminal,Bus,BUS-KA01-A208,International Airport Terminal 2,Downtown Central Terminal,28.0,50,11,90.0,990.0,5,62,Moderate Delay
TRIP-10617,2024-01-18,08:00:15,BUS-102,Airport Express ⇄ Downtown Terminal,Bus,BUS-KA01-A205,International Airport Terminal 2,Downtown Central Terminal,28.0,50,45,90.0,4050.0,17,70,Major Delay
TRIP-10618,2024-01-18,11:50:30,BUS-102,Airport Express ⇄ Downtown Terminal,Bus,BUS-KA01-A203,International Airport Terminal 2,Downtown Central Terminal,28.0,50,31,90.0,2790.0,0,60,On-Time
TRIP-10619,2024-01-18,12:00:30,BUS-102,Airport Express ⇄ Downtown Terminal,Bus,BUS-KA01-A205,International Airport Terminal 2,Downtown Central Terminal,28.0,50,33,90.0,2970.0,8,64,Moderate Delay
TRIP-10620,2024-01-18,21:45:00,BUS-102,Airport Express ⇄ Downtown Terminal,Bus,BUS-KA01-A208,International Airport Terminal 2,Downtown Central Terminal,28.0,50,20,90.0,1800.0,0,60,On-Time
TRIP-10621,2024-01-18,07:10:15,BUS-105,Westside Mall ⇄ Harbor Port,Bus,BUS-KA02-W306,Westside Mall Circle,South Harbor Port Gate,14.2,60,31,25.0,775.0,0,38,On-Time
TRIP-10622,2024-01-18,12:15:00,BUS-105,Westside Mall ⇄ Harbor Port,Bus,BUS-KA02-W308,Westside Mall Circle,South Harbor Port Gate,14.2,60,39,25.0,975.0,0,38,On-Time
TRIP-10623,2024-01-18,13:30:15,BUS-105,Westside Mall ⇄ Harbor Port,Bus,BUS-KA02-W304,Westside Mall Circle,South Harbor Port Gate,14.2,60,31,25.0,775.0,4,41,Moderate Delay
TRIP-10624,2024-01-18,06:30:00,BUS-110,University Campus ⇄ City Center,Bus,BUS-KA02-U408,State University North Gate,City Commercial Center,11.0,60,15,20.0,300.0,1,32,On-Time
TRIP-10625,2024-01-18,08:15:30,BUS-110,University Campus ⇄ City Center,Bus,BUS-KA02-U406,State University North Gate,City Commercial Center,11.0,60,64,20.0,1280.0,35,50,Major Delay
TRIP-10626,2024-01-18,16:00:00,BUS-110,University Campus ⇄ City Center,Bus,BUS-KA02-U403,State University North Gate,City Commercial Center,11.0,60,46,20.0,920.0,9,39,Moderate Delay
TRIP-10627,2024-01-18,18:50:15,BUS-110,University Campus ⇄ City Center,Bus,BUS-KA02-U406,State University North Gate,City Commercial Center,11.0,60,64,20.0,1280.0,0,32,On-Time
TRIP-10628,2024-01-18,19:50:15,BUS-110,University Campus ⇄ City Center,Bus,BUS-KA02-U401,State University North Gate,City Commercial Center,11.0,60,50,20.0,1000.0,12,39,Moderate Delay
TRIP-10629,2024-01-18,13:20:15,METRO-BLU,Metro Blue Line: North Ridge ⇄ Tech Valley,Metro,METRO-B-10,North Ridge Terminal,Tech Valley Central,24.5,320,183,45.0,8235.0,0,35,On-Time
TRIP-10630,2024-01-18,14:15:00,METRO-BLU,Metro Blue Line: North Ridge ⇄ Tech Valley,Metro,METRO-B-09,North Ridge Terminal,Tech Valley Central,24.5,320,194,45.0,8730.0,0,35,On-Time
TRIP-10631,2024-01-18,15:40:45,METRO-BLU,Metro Blue Line: North Ridge ⇄ Tech Valley,Metro,METRO-B-03,North Ridge Terminal,Tech Valley Central,24.5,320,172,45.0,7740.0,0,35,On-Time
TRIP-10632,2024-01-18,17:00:30,METRO-BLU,Metro Blue Line: North Ridge ⇄ Tech Valley,Metro,METRO-B-09,North Ridge Terminal,Tech Valley Central,24.5,320,345,45.0,15525.0,2,36,On-Time
TRIP-10633,2024-01-18,20:45:15,METRO-BLU,Metro Blue Line: North Ridge ⇄ Tech Valley,Metro,METRO-B-10,North Ridge Terminal,Tech Valley Central,24.5,320,254,45.0,11430.0,0,35,On-Time
TRIP-10634,2024-01-18,07:10:00,METRO-RED,Metro Red Line: East Suburb ⇄ Financial District,Metro,METRO-R-01,East Suburb Terminal,Financial District Hub,21.0,320,137,40.0,5480.0,0,30,On-Time
TRIP-10635,2024-01-18,11:20:00,METRO-RED,Metro Red Line: East Suburb ⇄ Financial District,Metro,METRO-R-07,East Suburb Terminal,Financial District Hub,21.0,320,202,40.0,8080.0,10,37,Moderate Delay
TRIP-10636,2024-01-18,16:50:30,METRO-RED,Metro Red Line: East Suburb ⇄ Financial District,Metro,METRO-R-04,East Suburb Terminal,Financial District Hub,21.0,320,216,40.0,8640.0,2,31,On-Time
TRIP-10637,2024-01-18,19:50:00,METRO-RED,Metro Red Line: East Suburb ⇄ Financial District,Metro,METRO-R-07,East Suburb Terminal,Financial District Hub,21.0,320,331,40.0,13240.0,0,30,On-Time
TRIP-10638,2024-01-18,22:40:00,METRO-RED,Metro Red Line: East Suburb ⇄ Financial District,Metro,METRO-R-02,East Suburb Terminal,Financial District Hub,21.0,320,108,40.0,4320.0,0,30,On-Time
TRIP-10639,2024-01-18,08:10:00,RAIL-CST,Suburban Rail: Coast Line ⇄ Old City Junction,Suburban Rail,RAIL-EMU-505,Coastal Harbor Junction,Old City Main Junction,38.0,750,810,25.0,20250.0,0,55,On-Time
TRIP-10640,2024-01-18,12:20:15,RAIL-CST,Suburban Rail: Coast Line ⇄ Old City Junction,Suburban Rail,RAIL-EMU-507,Coastal Harbor Junction,Old City Main Junction,38.0,750,460,25.0,11500.0,0,55,On-Time
TRIP-10641,2024-01-18,14:40:45,RAIL-CST,Suburban Rail: Coast Line ⇄ Old City Junction,Suburban Rail,RAIL-EMU-507,Coastal Harbor Junction,Old City Main Junction,38.0,750,486,25.0,12150.0,0,55,On-Time
TRIP-10642,2024-01-18,16:15:45,RAIL-EXT,Suburban Rail: Industrial Corridor ⇄ South Terminal,Suburban Rail,RAIL-EMU-603,Northern Industrial Zone,South Terminal Intermodal,42.5,750,726,30.0,21780.0,0,65,On-Time
TRIP-10643,2024-01-18,18:40:45,RAIL-EXT,Suburban Rail: Industrial Corridor ⇄ South Terminal,Suburban Rail,RAIL-EMU-605,Northern Industrial Zone,South Terminal Intermodal,42.5,750,810,30.0,24300.0,13,74,Moderate Delay
TRIP-10644,2024-01-18,12:30:30,BRTS-01,BRTS Ring Corridor: Outer Express,BRTS,BRTS-OR-01,East Ring Hub,West Ring Hub,18.0,85,60,35.0,2100.0,0,32,On-Time
TRIP-10645,2024-01-18,14:30:00,BRTS-01,BRTS Ring Corridor: Outer Express,BRTS,BRTS-OR-05,East Ring Hub,West Ring Hub,18.0,85,51,35.0,1785.0,0,32,On-Time
TRIP-10646,2024-01-18,17:20:15,BRTS-01,BRTS Ring Corridor: Outer Express,BRTS,BRTS-OR-03,East Ring Hub,West Ring Hub,18.0,85,91,35.0,3185.0,21,50,Major Delay
TRIP-10647,2024-01-18,18:10:00,BRTS-01,BRTS Ring Corridor: Outer Express,BRTS,BRTS-OR-04,East Ring Hub,West Ring Hub,18.0,85,91,35.0,3185.0,20,44,Major Delay
TRIP-10648,2024-01-18,21:20:30,BRTS-01,BRTS Ring Corridor: Outer Express,BRTS,BRTS-OR-04,East Ring Hub,West Ring Hub,18.0,85,46,35.0,1610.0,7,37,Moderate Delay
TRIP-10649,2024-01-19,08:50:00,BUS-101,Central Station ⇄ IT Tech Park,Bus,BUS-KA01-E101,Central Railway Station,Cyber City Tech Park,16.5,60,64,30.0,1920.0,28,59,Major Delay
TRIP-10650,2024-01-19,13:40:30,BUS-101,Central Station ⇄ IT Tech Park,Bus,BUS-KA01-E102,Central Railway Station,Cyber City Tech Park,16.5,60,38,30.0,1140.0,0,45,On-Time
TRIP-10651,2024-01-19,16:20:00,BUS-101,Central Station ⇄ IT Tech Park,Bus,BUS-KA01-E109,Central Railway Station,Cyber City Tech Park,16.5,60,52,30.0,1560.0,0,45,On-Time
TRIP-10652,2024-01-19,18:00:30,BUS-101,Central Station ⇄ IT Tech Park,Bus,BUS-KA01-E111,Central Railway Station,Cyber City Tech Park,16.5,60,64,30.0,1920.0,18,55,Major Delay
TRIP-10653,2024-01-19,22:45:45,BUS-101,Central Station ⇄ IT Tech Park,Bus,BUS-KA01-E107,Central Railway Station,Cyber City Tech Park,16.5,60,19,30.0,570.0,0,45,On-Time
TRIP-10654,2024-01-19,08:10:45,BUS-102,Airport Express ⇄ Downtown Terminal,Bus,BUS-KA01-A207,International Airport Terminal 2,Downtown Central Terminal,28.0,50,54,90.0,4860.0,29,77,Major Delay
TRIP-10655,2024-01-19,10:45:15,BUS-102,Airport Express ⇄ Downtown Terminal,Bus,BUS-KA01-A204,International Airport Terminal 2,Downtown Central Terminal,28.0,50,51,90.0,4590.0,16,71,Major Delay
TRIP-10656,2024-01-19,11:20:15,BUS-102,Airport Express ⇄ Downtown Terminal,Bus,BUS-KA01-A202,International Airport Terminal 2,Downtown Central Terminal,28.0,50,26,90.0,2340.0,0,60,On-Time
TRIP-10657,2024-01-19,18:10:45,BUS-102,Airport Express ⇄ Downtown Terminal,Bus,BUS-KA01-A201,International Airport Terminal 2,Downtown Central Terminal,28.0,50,54,90.0,4860.0,24,75,Major Delay
TRIP-10658,2024-01-19,11:50:15,BUS-105,Westside Mall ⇄ Harbor Port,Bus,BUS-KA02-W306,Westside Mall Circle,South Harbor Port Gate,14.2,60,37,25.0,925.0,0,38,On-Time
TRIP-10659,2024-01-19,15:15:00,BUS-105,Westside Mall ⇄ Harbor Port,Bus,BUS-KA02-W305,Westside Mall Circle,South Harbor Port Gate,14.2,60,34,25.0,850.0,10,46,Moderate Delay
TRIP-10660,2024-01-19,17:00:30,BUS-105,Westside Mall ⇄ Harbor Port,Bus,BUS-KA02-W306,Westside Mall Circle,South Harbor Port Gate,14.2,60,64,25.0,1600.0,32,60,Major Delay
TRIP-10661,2024-01-19,19:20:15,BUS-105,Westside Mall ⇄ Harbor Port,Bus,BUS-KA02-W308,Westside Mall Circle,South Harbor Port Gate,14.2,60,55,25.0,1375.0,0,38,On-Time
TRIP-10662,2024-01-19,06:00:30,BUS-110,University Campus ⇄ City Center,Bus,BUS-KA02-U405,State University North Gate,City Commercial Center,11.0,60,13,20.0,260.0,0,32,On-Time
TRIP-10663,2024-01-19,10:00:45,BUS-110,University Campus ⇄ City Center,Bus,BUS-KA02-U406,State University North Gate,City Commercial Center,11.0,60,59,20.0,1180.0,28,53,Major Delay
TRIP-10664,2024-01-19,12:10:00,BUS-110,University Campus ⇄ City Center,Bus,BUS-KA02-U407,State University North Gate,City Commercial Center,11.0,60,33,20.0,660.0,0,32,On-Time
TRIP-10665,2024-01-19,15:10:30,BUS-110,University Campus ⇄ City Center,Bus,BUS-KA02-U404,State University North Gate,City Commercial Center,11.0,60,40,20.0,800.0,0,32,On-Time
TRIP-10666,2024-01-19,16:50:00,BUS-110,University Campus ⇄ City Center,Bus,BUS-KA02-U408,State University North Gate,City Commercial Center,11.0,60,40,20.0,800.0,0,32,On-Time
TRIP-10667,2024-01-19,06:40:30,METRO-BLU,Metro Blue Line: North Ridge ⇄ Tech Valley,Metro,METRO-B-01,North Ridge Terminal,Tech Valley Central,24.5,320,75,45.0,3375.0,0,35,On-Time
TRIP-10668,2024-01-19,11:30:45,METRO-BLU,Metro Blue Line: North Ridge ⇄ Tech Valley,Metro,METRO-B-09,North Ridge Terminal,Tech Valley Central,24.5,320,235,45.0,10575.0,0,35,On-Time
TRIP-10669,2024-01-19,16:30:15,METRO-BLU,Metro Blue Line: North Ridge ⇄ Tech Valley,Metro,METRO-B-02,North Ridge Terminal,Tech Valley Central,24.5,320,227,45.0,10215.0,0,35,On-Time
TRIP-10670,2024-01-19,20:45:15,METRO-BLU,Metro Blue Line: North Ridge ⇄ Tech Valley,Metro,METRO-B-05,North Ridge Terminal,Tech Valley Central,24.5,320,243,45.0,10935.0,0,35,On-Time
TRIP-10671,2024-01-19,22:40:45,METRO-BLU,Metro Blue Line: North Ridge ⇄ Tech Valley,Metro,METRO-B-04,North Ridge Terminal,Tech Valley Central,24.5,320,97,45.0,4365.0,3,37,On-Time
TRIP-10672,2024-01-19,10:15:15,METRO-RED,Metro Red Line: East Suburb ⇄ Financial District,Metro,METRO-R-02,East Suburb Terminal,Financial District Hub,21.0,320,278,40.0,11120.0,0,30,On-Time
TRIP-10673,2024-01-19,12:15:30,METRO-RED,Metro Red Line: East Suburb ⇄ Financial District,Metro,METRO-R-07,East Suburb Terminal,Financial District Hub,21.0,320,218,40.0,8720.0,1,30,On-Time
TRIP-10674,2024-01-19,15:45:30,METRO-RED,Metro Red Line: East Suburb ⇄ Financial District,Metro,METRO-R-05,East Suburb Terminal,Financial District Hub,21.0,320,211,40.0,8440.0,0,30,On-Time
TRIP-10675,2024-01-19,18:15:15,METRO-RED,Metro Red Line: East Suburb ⇄ Financial District,Metro,METRO-R-10,East Suburb Terminal,Financial District Hub,21.0,320,333,40.0,13320.0,5,33,Moderate Delay
TRIP-10676,2024-01-19,13:00:30,RAIL-CST,Suburban Rail: Coast Line ⇄ Old City Junction,Suburban Rail,RAIL-EMU-507,Coastal Harbor Junction,Old City Main Junction,38.0,750,350,25.0,8750.0,0,55,On-Time
TRIP-10677,2024-01-19,22:50:30,RAIL-CST,Suburban Rail: Coast Line ⇄ Old City Junction,Suburban Rail,RAIL-EMU-502,Coastal Harbor Junction,Old City Main Junction,38.0,750,196,25.0,4900.0,0,55,On-Time
TRIP-10678,2024-01-19,07:45:00,RAIL-EXT,Suburban Rail: Industrial Corridor ⇄ South Terminal,Suburban Rail,RAIL-EMU-606,Northern Industrial Zone,South Terminal Intermodal,42.5,750,460,30.0,13800.0,0,65,On-Time
TRIP-10679,2024-01-19,13:20:15,RAIL-EXT,Suburban Rail: Industrial Corridor ⇄ South Terminal,Suburban Rail,RAIL-EMU-607,Northern Industrial Zone,South Terminal Intermodal,42.5,750,348,30.0,10440.0,0,65,On-Time
TRIP-10680,2024-01-19,09:45:45,BRTS-01,BRTS Ring Corridor: Outer Express,BRTS,BRTS-OR-06,East Ring Hub,West Ring Hub,18.0,85,91,35.0,3185.0,0,32,On-Time
TRIP-10681,2024-01-19,13:45:00,BRTS-01,BRTS Ring Corridor: Outer Express,BRTS,BRTS-OR-01,East Ring Hub,West Ring Hub,18.0,85,48,35.0,1680.0,0,32,On-Time
TRIP-10682,2024-01-19,16:20:45,BRTS-01,BRTS Ring Corridor: Outer Express,BRTS,BRTS-OR-01,East Ring Hub,West Ring Hub,18.0,85,83,35.0,2905.0,7,36,Moderate Delay
TRIP-10683,2024-01-19,19:20:30,BRTS-01,BRTS Ring Corridor: Outer Express,BRTS,BRTS-OR-05,East Ring Hub,West Ring Hub,18.0,85,87,35.0,3045.0,0,32,On-Time
TRIP-10684,2024-01-19,21:50:15,BRTS-01,BRTS Ring Corridor: Outer Express,BRTS,BRTS-OR-03,East Ring Hub,West Ring Hub,18.0,85,40,35.0,1400.0,0,32,On-Time
TRIP-10685,2024-01-20,08:10:15,BUS-101,Central Station ⇄ IT Tech Park,Bus,BUS-KA01-E103,Central Railway Station,Cyber City Tech Park,16.5,60,54,30.0,1620.0,0,45,On-Time
TRIP-10686,2024-01-20,14:45:45,BUS-101,Central Station ⇄ IT Tech Park,Bus,BUS-KA01-E104,Central Railway Station,Cyber City Tech Park,16.5,60,25,30.0,750.0,8,50,Moderate Delay
TRIP-10687,2024-01-20,17:50:00,BUS-101,Central Station ⇄ IT Tech Park,Bus,BUS-KA01-E103,Central Railway Station,Cyber City Tech Park,16.5,60,45,30.0,1350.0,0,45,On-Time
TRIP-10688,2024-01-20,20:10:00,BUS-101,Central Station ⇄ IT Tech Park,Bus,BUS-KA01-E109,Central Railway Station,Cyber City Tech Park,16.5,60,29,30.0,870.0,0,45,On-Time
TRIP-10689,2024-01-20,11:00:15,BUS-102,Airport Express ⇄ Downtown Terminal,Bus,BUS-KA01-A203,International Airport Terminal 2,Downtown Central Terminal,28.0,50,27,90.0,2430.0,0,60,On-Time
TRIP-10690,2024-01-20,12:15:15,BUS-102,Airport Express ⇄ Downtown Terminal,Bus,BUS-KA01-A205,International Airport Terminal 2,Downtown Central Terminal,28.0,50,19,90.0,1710.0,0,60,On-Time
TRIP-10691,2024-01-20,14:50:30,BUS-102,Airport Express ⇄ Downtown Terminal,Bus,BUS-KA01-A201,International Airport Terminal 2,Downtown Central Terminal,28.0,50,23,90.0,2070.0,3,62,On-Time
TRIP-10692,2024-01-20,18:30:00,BUS-102,Airport Express ⇄ Downtown Terminal,Bus,BUS-KA01-A201,International Airport Terminal 2,Downtown Central Terminal,28.0,50,45,90.0,4050.0,0,60,On-Time
TRIP-10693,2024-01-20,20:50:15,BUS-102,Airport Express ⇄ Downtown Terminal,Bus,BUS-KA01-A208,International Airport Terminal 2,Downtown Central Terminal,28.0,50,26,90.0,2340.0,0,60,On-Time
TRIP-10694,2024-01-20,06:30:15,BUS-105,Westside Mall ⇄ Harbor Port,Bus,BUS-KA02-W301,Westside Mall Circle,South Harbor Port Gate,14.2,60,12,25.0,300.0,6,41,Moderate Delay
TRIP-10695,2024-01-20,13:30:30,BUS-105,Westside Mall ⇄ Harbor Port,Bus,BUS-KA02-W303,Westside Mall Circle,South Harbor Port Gate,14.2,60,29,25.0,725.0,7,44,Moderate Delay
TRIP-10696,2024-01-20,20:30:15,BUS-105,Westside Mall ⇄ Harbor Port,Bus,BUS-KA02-W301,Westside Mall Circle,South Harbor Port Gate,14.2,60,42,25.0,1050.0,0,38,On-Time
TRIP-10697,2024-01-20,11:45:00,BUS-110,University Campus ⇄ City Center,Bus,BUS-KA02-U408,State University North Gate,City Commercial Center,11.0,60,31,20.0,620.0,0,32,On-Time
TRIP-10698,2024-01-20,15:15:00,BUS-110,University Campus ⇄ City Center,Bus,BUS-KA02-U409,State University North Gate,City Commercial Center,11.0,60,32,20.0,640.0,0,32,On-Time
TRIP-10699,2024-01-20,16:20:15,BUS-110,University Campus ⇄ City Center,Bus,BUS-KA02-U408,State University North Gate,City Commercial Center,11.0,60,38,20.0,760.0,9,40,Moderate Delay
TRIP-10700,2024-01-20,10:40:15,METRO-BLU,Metro Blue Line: North Ridge ⇄ Tech Valley,Metro,METRO-B-03,North Ridge Terminal,Tech Valley Central,24.5,320,235,45.0,10575.0,8,40,Moderate Delay
TRIP-10701,2024-01-20,11:20:30,METRO-BLU,Metro Blue Line: North Ridge ⇄ Tech Valley,Metro,METRO-B-02,North Ridge Terminal,Tech Valley Central,24.5,320,182,45.0,8190.0,1,35,On-Time
TRIP-10702,2024-01-20,15:20:45,METRO-BLU,Metro Blue Line: North Ridge ⇄ Tech Valley,Metro,METRO-B-04,North Ridge Terminal,Tech Valley Central,24.5,320,156,45.0,7020.0,0,35,On-Time
TRIP-10703,2024-01-20,19:00:15,METRO-BLU,Metro Blue Line: North Ridge ⇄ Tech Valley,Metro,METRO-B-09,North Ridge Terminal,Tech Valley Central,24.5,320,271,45.0,12195.0,2,36,On-Time
TRIP-10704,2024-01-20,21:40:00,METRO-BLU,Metro Blue Line: North Ridge ⇄ Tech Valley,Metro,METRO-B-10,North Ridge Terminal,Tech Valley Central,24.5,320,98,45.0,4410.0,0,35,On-Time
TRIP-10705,2024-01-20,22:00:15,METRO-BLU,Metro Blue Line: North Ridge ⇄ Tech Valley,Metro,METRO-B-08,North Ridge Terminal,Tech Valley Central,24.5,320,64,45.0,2880.0,0,35,On-Time
TRIP-10706,2024-01-20,07:50:30,METRO-RED,Metro Red Line: East Suburb ⇄ Financial District,Metro,METRO-R-01,East Suburb Terminal,Financial District Hub,21.0,320,124,40.0,4960.0,0,30,On-Time
TRIP-10707,2024-01-20,08:30:30,METRO-RED,Metro Red Line: East Suburb ⇄ Financial District,Metro,METRO-R-06,East Suburb Terminal,Financial District Hub,21.0,320,266,40.0,10640.0,6,34,Moderate Delay
TRIP-10708,2024-01-20,10:10:15,METRO-RED,Metro Red Line: East Suburb ⇄ Financial District,Metro,METRO-R-03,East Suburb Terminal,Financial District Hub,21.0,320,205,40.0,8200.0,7,35,Moderate Delay
TRIP-10709,2024-01-20,13:45:15,METRO-RED,Metro Red Line: East Suburb ⇄ Financial District,Metro,METRO-R-06,East Suburb Terminal,Financial District Hub,21.0,320,140,40.0,5600.0,0,30,On-Time
TRIP-10710,2024-01-20,16:00:30,METRO-RED,Metro Red Line: East Suburb ⇄ Financial District,Metro,METRO-R-08,East Suburb Terminal,Financial District Hub,21.0,320,191,40.0,7640.0,0,30,On-Time
TRIP-10711,2024-01-20,08:10:30,RAIL-CST,Suburban Rail: Coast Line ⇄ Old City Junction,Suburban Rail,RAIL-EMU-504,Coastal Harbor Junction,Old City Main Junction,38.0,750,681,25.0,17025.0,0,55,On-Time
TRIP-10712,2024-01-20,12:00:45,RAIL-CST,Suburban Rail: Coast Line ⇄ Old City Junction,Suburban Rail,RAIL-EMU-506,Coastal Harbor Junction,Old City Main Junction,38.0,750,392,25.0,9800.0,6,60,Moderate Delay
TRIP-10713,2024-01-20,15:30:30,RAIL-CST,Suburban Rail: Coast Line ⇄ Old City Junction,Suburban Rail,RAIL-EMU-505,Coastal Harbor Junction,Old City Main Junction,38.0,750,325,25.0,8125.0,0,55,On-Time
TRIP-10714,2024-01-20,06:50:45,RAIL-EXT,Suburban Rail: Industrial Corridor ⇄ South Terminal,Suburban Rail,RAIL-EMU-601,Northern Industrial Zone,South Terminal Intermodal,42.5,750,160,30.0,4800.0,0,65,On-Time
TRIP-10715,2024-01-20,10:10:30,RAIL-EXT,Suburban Rail: Industrial Corridor ⇄ South Terminal,Suburban Rail,RAIL-EMU-606,Northern Industrial Zone,South Terminal Intermodal,42.5,750,520,30.0,15600.0,19,80,Major Delay
TRIP-10716,2024-01-20,12:30:00,RAIL-EXT,Suburban Rail: Industrial Corridor ⇄ South Terminal,Suburban Rail,RAIL-EMU-603,Northern Industrial Zone,South Terminal Intermodal,42.5,750,347,30.0,10410.0,0,65,On-Time
TRIP-10717,2024-01-20,17:20:15,RAIL-EXT,Suburban Rail: Industrial Corridor ⇄ South Terminal,Suburban Rail,RAIL-EMU-606,Northern Industrial Zone,South Terminal Intermodal,42.5,750,578,30.0,17340.0,0,65,On-Time
TRIP-10718,2024-01-20,08:30:00,BRTS-01,BRTS Ring Corridor: Outer Express,BRTS,BRTS-OR-04,East Ring Hub,West Ring Hub,18.0,85,55,35.0,1925.0,0,32,On-Time
TRIP-10719,2024-01-20,10:40:30,BRTS-01,BRTS Ring Corridor: Outer Express,BRTS,BRTS-OR-04,East Ring Hub,West Ring Hub,18.0,85,54,35.0,1890.0,0,32,On-Time
TRIP-10720,2024-01-20,14:15:00,BRTS-01,BRTS Ring Corridor: Outer Express,BRTS,BRTS-OR-01,East Ring Hub,West Ring Hub,18.0,85,35,35.0,1225.0,0,32,On-Time
TRIP-10721,2024-01-21,06:00:00,BUS-101,Central Station ⇄ IT Tech Park,Bus,BUS-KA01-E110,Central Railway Station,Cyber City Tech Park,16.5,60,12,30.0,360.0,7,49,Moderate Delay
TRIP-10722,2024-01-21,20:50:30,BUS-101,Central Station ⇄ IT Tech Park,Bus,BUS-KA01-E111,Central Railway Station,Cyber City Tech Park,16.5,60,32,30.0,960.0,0,45,On-Time
TRIP-10723,2024-01-21,21:10:45,BUS-101,Central Station ⇄ IT Tech Park,Bus,BUS-KA01-E105,Central Railway Station,Cyber City Tech Park,16.5,60,22,30.0,660.0,8,49,Moderate Delay
TRIP-10724,2024-01-21,08:30:30,BUS-102,Airport Express ⇄ Downtown Terminal,Bus,BUS-KA01-A206,International Airport Terminal 2,Downtown Central Terminal,28.0,50,39,90.0,3510.0,0,60,On-Time
TRIP-10725,2024-01-21,09:50:45,BUS-102,Airport Express ⇄ Downtown Terminal,Bus,BUS-KA01-A203,International Airport Terminal 2,Downtown Central Terminal,28.0,50,36,90.0,3240.0,26,77,Major Delay
TRIP-10726,2024-01-21,20:30:30,BUS-102,Airport Express ⇄ Downtown Terminal,Bus,BUS-KA01-A202,International Airport Terminal 2,Downtown Central Terminal,28.0,50,30,90.0,2700.0,2,61,On-Time
TRIP-10727,2024-01-21,21:40:00,BUS-102,Airport Express ⇄ Downtown Terminal,Bus,BUS-KA01-A207,International Airport Terminal 2,Downtown Central Terminal,28.0,50,20,90.0,1800.0,0,60,On-Time
TRIP-10728,2024-01-21,22:20:15,BUS-102,Airport Express ⇄ Downtown Terminal,Bus,BUS-KA01-A206,International Airport Terminal 2,Downtown Central Terminal,28.0,50,11,90.0,990.0,0,60,On-Time
TRIP-10729,2024-01-21,15:40:15,BUS-105,Westside Mall ⇄ Harbor Port,Bus,BUS-KA02-W308,Westside Mall Circle,South Harbor Port Gate,14.2,60,26,25.0,650.0,0,38,On-Time
TRIP-10730,2024-01-21,19:10:45,BUS-105,Westside Mall ⇄ Harbor Port,Bus,BUS-KA02-W307,Westside Mall Circle,South Harbor Port Gate,14.2,60,43,25.0,1075.0,32,56,Major Delay
TRIP-10731,2024-01-21,22:10:00,BUS-105,Westside Mall ⇄ Harbor Port,Bus,BUS-KA02-W306,Westside Mall Circle,South Harbor Port Gate,14.2,60,14,25.0,350.0,0,38,On-Time
TRIP-10732,2024-01-21,07:15:00,BUS-110,University Campus ⇄ City Center,Bus,BUS-KA02-U405,State University North Gate,City Commercial Center,11.0,60,26,20.0,520.0,0,32,On-Time
TRIP-10733,2024-01-21,08:45:45,BUS-110,University Campus ⇄ City Center,Bus,BUS-KA02-U405,State University North Gate,City Commercial Center,11.0,60,42,20.0,840.0,0,32,On-Time
TRIP-10734,2024-01-21,09:45:30,BUS-110,University Campus ⇄ City Center,Bus,BUS-KA02-U409,State University North Gate,City Commercial Center,11.0,60,64,20.0,1280.0,0,32,On-Time
TRIP-10735,2024-01-21,19:45:15,BUS-110,University Campus ⇄ City Center,Bus,BUS-KA02-U409,State University North Gate,City Commercial Center,11.0,60,53,20.0,1060.0,7,35,Moderate Delay
TRIP-10736,2024-01-21,06:45:45,METRO-BLU,Metro Blue Line: North Ridge ⇄ Tech Valley,Metro,METRO-B-07,North Ridge Terminal,Tech Valley Central,24.5,320,66,45.0,2970.0,0,35,On-Time
TRIP-10737,2024-01-21,09:20:15,METRO-BLU,Metro Blue Line: North Ridge ⇄ Tech Valley,Metro,METRO-B-06,North Ridge Terminal,Tech Valley Central,24.5,320,285,45.0,12825.0,7,40,Moderate Delay
TRIP-10738,2024-01-21,15:45:15,METRO-BLU,Metro Blue Line: North Ridge ⇄ Tech Valley,Metro,METRO-B-01,North Ridge Terminal,Tech Valley Central,24.5,320,148,45.0,6660.0,0,35,On-Time
TRIP-10739,2024-01-21,19:10:00,METRO-BLU,Metro Blue Line: North Ridge ⇄ Tech Valley,Metro,METRO-B-03,North Ridge Terminal,Tech Valley Central,24.5,320,216,45.0,9720.0,0,35,On-Time
TRIP-10740,2024-01-21,22:10:15,METRO-BLU,Metro Blue Line: North Ridge ⇄ Tech Valley,Metro,METRO-B-10,North Ridge Terminal,Tech Valley Central,24.5,320,76,45.0,3420.0,0,35,On-Time
TRIP-10741,2024-01-21,11:50:45,METRO-RED,Metro Red Line: East Suburb ⇄ Financial District,Metro,METRO-R-08,East Suburb Terminal,Financial District Hub,21.0,320,144,40.0,5760.0,10,35,Moderate Delay
TRIP-10742,2024-01-21,12:20:30,METRO-RED,Metro Red Line: East Suburb ⇄ Financial District,Metro,METRO-R-01,East Suburb Terminal,Financial District Hub,21.0,320,138,40.0,5520.0,0,30,On-Time
TRIP-10743,2024-01-21,14:50:30,METRO-RED,Metro Red Line: East Suburb ⇄ Financial District,Metro,METRO-R-03,East Suburb Terminal,Financial District Hub,21.0,320,121,40.0,4840.0,0,30,On-Time
TRIP-10744,2024-01-21,20:30:45,METRO-RED,Metro Red Line: East Suburb ⇄ Financial District,Metro,METRO-R-04,East Suburb Terminal,Financial District Hub,21.0,320,190,40.0,7600.0,0,30,On-Time
TRIP-10745,2024-01-21,21:50:00,METRO-RED,Metro Red Line: East Suburb ⇄ Financial District,Metro,METRO-R-10,East Suburb Terminal,Financial District Hub,21.0,320,125,40.0,5000.0,0,30,On-Time
TRIP-10746,2024-01-21,06:50:45,RAIL-CST,Suburban Rail: Coast Line ⇄ Old City Junction,Suburban Rail,RAIL-EMU-504,Coastal Harbor Junction,Old City Main Junction,38.0,750,150,25.0,3750.0,0,55,On-Time
TRIP-10747,2024-01-21,16:40:30,RAIL-CST,Suburban Rail: Coast Line ⇄ Old City Junction,Suburban Rail,RAIL-EMU-506,Coastal Harbor Junction,Old City Main Junction,38.0,750,424,25.0,10600.0,10,62,Moderate Delay
TRIP-10748,2024-01-21,07:15:00,RAIL-EXT,Suburban Rail: Industrial Corridor ⇄ South Terminal,Suburban Rail,RAIL-EMU-601,Northern Industrial Zone,South Terminal Intermodal,42.5,750,313,30.0,9390.0,0,65,On-Time
TRIP-10749,2024-01-21,13:30:45,RAIL-EXT,Suburban Rail: Industrial Corridor ⇄ South Terminal,Suburban Rail,RAIL-EMU-603,Northern Industrial Zone,South Terminal Intermodal,42.5,750,263,30.0,7890.0,0,65,On-Time
TRIP-10750,2024-01-21,14:30:15,RAIL-EXT,Suburban Rail: Industrial Corridor ⇄ South Terminal,Suburban Rail,RAIL-EMU-606,Northern Industrial Zone,South Terminal Intermodal,42.5,750,353,30.0,10590.0,0,65,On-Time
TRIP-10751,2024-01-21,16:10:15,RAIL-EXT,Suburban Rail: Industrial Corridor ⇄ South Terminal,Suburban Rail,RAIL-EMU-603,Northern Industrial Zone,South Terminal Intermodal,42.5,750,540,30.0,16200.0,0,65,On-Time
TRIP-10752,2024-01-21,13:15:00,BRTS-01,BRTS Ring Corridor: Outer Express,BRTS,BRTS-OR-03,East Ring Hub,West Ring Hub,18.0,85,33,35.0,1155.0,3,34,On-Time
TRIP-10753,2024-01-21,14:50:45,BRTS-01,BRTS Ring Corridor: Outer Express,BRTS,BRTS-OR-03,East Ring Hub,West Ring Hub,18.0,85,42,35.0,1470.0,8,38,Moderate Delay
TRIP-10754,2024-01-21,21:20:30,BRTS-01,BRTS Ring Corridor: Outer Express,BRTS,BRTS-OR-01,East Ring Hub,West Ring Hub,18.0,85,25,35.0,875.0,0,32,On-Time
TRIP-10755,2024-01-22,13:30:45,BUS-101,Central Station ⇄ IT Tech Park,Bus,BUS-KA01-E107,Central Railway Station,Cyber City Tech Park,16.5,60,37,30.0,1110.0,0,45,On-Time
TRIP-10756,2024-01-22,18:45:45,BUS-101,Central Station ⇄ IT Tech Park,Bus,BUS-KA01-E105,Central Railway Station,Cyber City Tech Park,16.5,60,64,30.0,1920.0,0,45,On-Time
TRIP-10757,2024-01-22,20:50:45,BUS-101,Central Station ⇄ IT Tech Park,Bus,BUS-KA01-E101,Central Railway Station,Cyber City Tech Park,16.5,60,50,30.0,1500.0,0,45,On-Time
TRIP-10758,2024-01-22,15:30:30,BUS-102,Airport Express ⇄ Downtown Terminal,Bus,BUS-KA01-A207,International Airport Terminal 2,Downtown Central Terminal,28.0,50,30,90.0,2700.0,0,60,On-Time
TRIP-10759,2024-01-22,17:50:15,BUS-102,Airport Express ⇄ Downtown Terminal,Bus,BUS-KA01-A206,International Airport Terminal 2,Downtown Central Terminal,28.0,50,54,90.0,4860.0,0,60,On-Time
TRIP-10760,2024-01-22,19:15:30,BUS-102,Airport Express ⇄ Downtown Terminal,Bus,BUS-KA01-A201,International Airport Terminal 2,Downtown Central Terminal,28.0,50,53,90.0,4770.0,0,60,On-Time
TRIP-10761,2024-01-22,09:40:15,BUS-105,Westside Mall ⇄ Harbor Port,Bus,BUS-KA02-W302,Westside Mall Circle,South Harbor Port Gate,14.2,60,64,25.0,1600.0,6,41,Moderate Delay
TRIP-10762,2024-01-22,13:00:15,BUS-105,Westside Mall ⇄ Harbor Port,Bus,BUS-KA02-W302,Westside Mall Circle,South Harbor Port Gate,14.2,60,39,25.0,975.0,0,38,On-Time
TRIP-10763,2024-01-22,16:10:15,BUS-105,Westside Mall ⇄ Harbor Port,Bus,BUS-KA02-W303,Westside Mall Circle,South Harbor Port Gate,14.2,60,47,25.0,1175.0,0,38,On-Time
TRIP-10764,2024-01-22,22:10:15,BUS-105,Westside Mall ⇄ Harbor Port,Bus,BUS-KA02-W308,Westside Mall Circle,South Harbor Port Gate,14.2,60,16,25.0,400.0,0,38,On-Time
TRIP-10765,2024-01-22,08:10:30,BUS-110,University Campus ⇄ City Center,Bus,BUS-KA02-U405,State University North Gate,City Commercial Center,11.0,60,64,20.0,1280.0,25,54,Major Delay
TRIP-10766,2024-01-22,10:30:15,BUS-110,University Campus ⇄ City Center,Bus,BUS-KA02-U403,State University North Gate,City Commercial Center,11.0,60,54,20.0,1080.0,16,43,Major Delay
TRIP-10767,2024-01-22,16:50:00,BUS-110,University Campus ⇄ City Center,Bus,BUS-KA02-U402,State University North Gate,City Commercial Center,11.0,60,42,20.0,840.0,0,32,On-Time
TRIP-10768,2024-01-22,19:50:30,BUS-110,University Campus ⇄ City Center,Bus,BUS-KA02-U401,State University North Gate,City Commercial Center,11.0,60,53,20.0,1060.0,20,48,Major Delay
TRIP-10769,2024-01-22,06:45:30,METRO-BLU,Metro Blue Line: North Ridge ⇄ Tech Valley,Metro,METRO-B-01,North Ridge Terminal,Tech Valley Central,24.5,320,72,45.0,3240.0,0,35,On-Time
TRIP-10770,2024-01-22,10:50:45,METRO-BLU,Metro Blue Line: North Ridge ⇄ Tech Valley,Metro,METRO-B-02,North Ridge Terminal,Tech Valley Central,24.5,320,292,45.0,13140.0,0,35,On-Time
TRIP-10771,2024-01-22,16:20:00,METRO-BLU,Metro Blue Line: North Ridge ⇄ Tech Valley,Metro,METRO-B-02,North Ridge Terminal,Tech Valley Central,24.5,320,251,45.0,11295.0,0,35,On-Time
TRIP-10772,2024-01-22,20:40:30,METRO-BLU,Metro Blue Line: North Ridge ⇄ Tech Valley,Metro,METRO-B-02,North Ridge Terminal,Tech Valley Central,24.5,320,270,45.0,12150.0,0,35,On-Time
TRIP-10773,2024-01-22,21:40:30,METRO-BLU,Metro Blue Line: North Ridge ⇄ Tech Valley,Metro,METRO-B-04,North Ridge Terminal,Tech Valley Central,24.5,320,129,45.0,5805.0,0,35,On-Time
TRIP-10774,2024-01-22,07:30:45,METRO-RED,Metro Red Line: East Suburb ⇄ Financial District,Metro,METRO-R-02,East Suburb Terminal,Financial District Hub,21.0,320,194,40.0,7760.0,0,30,On-Time
TRIP-10775,2024-01-22,09:50:15,METRO-RED,Metro Red Line: East Suburb ⇄ Financial District,Metro,METRO-R-02,East Suburb Terminal,Financial District Hub,21.0,320,328,40.0,13120.0,4,32,Moderate Delay
TRIP-10776,2024-01-22,16:30:45,METRO-RED,Metro Red Line: East Suburb ⇄ Financial District,Metro,METRO-R-01,East Suburb Terminal,Financial District Hub,21.0,320,267,40.0,10680.0,0,30,On-Time
TRIP-10777,2024-01-22,18:00:30,METRO-RED,Metro Red Line: East Suburb ⇄ Financial District,Metro,METRO-R-02,East Suburb Terminal,Financial District Hub,21.0,320,325,40.0,13000.0,0,30,On-Time
TRIP-10778,2024-01-22,20:15:15,RAIL-CST,Suburban Rail: Coast Line ⇄ Old City Junction,Suburban Rail,RAIL-EMU-501,Coastal Harbor Junction,Old City Main Junction,38.0,750,690,25.0,17250.0,3,57,On-Time
TRIP-10779,2024-01-22,22:50:00,RAIL-CST,Suburban Rail: Coast Line ⇄ Old City Junction,Suburban Rail,RAIL-EMU-506,Coastal Harbor Junction,Old City Main Junction,38.0,750,201,25.0,5025.0,0,55,On-Time
TRIP-10780,2024-01-22,09:50:15,RAIL-EXT,Suburban Rail: Industrial Corridor ⇄ South Terminal,Suburban Rail,RAIL-EMU-605,Northern Industrial Zone,South Terminal Intermodal,42.5,750,810,30.0,24300.0,6,68,Moderate Delay
TRIP-10781,2024-01-22,15:20:00,RAIL-EXT,Suburban Rail: Industrial Corridor ⇄ South Terminal,Suburban Rail,RAIL-EMU-606,Northern Industrial Zone,South Terminal Intermodal,42.5,750,567,30.0,17010.0,0,65,On-Time
TRIP-10782,2024-01-22,07:15:30,BRTS-01,BRTS Ring Corridor: Outer Express,BRTS,BRTS-OR-03,East Ring Hub,West Ring Hub,18.0,85,50,35.0,1750.0,0,32,On-Time
TRIP-10783,2024-01-22,15:40:00,BRTS-01,BRTS Ring Corridor: Outer Express,BRTS,BRTS-OR-06,East Ring Hub,West Ring Hub,18.0,85,48,35.0,1680.0,7,35,Moderate Delay
TRIP-10784,2024-01-22,16:15:45,BRTS-01,BRTS Ring Corridor: Outer Express,BRTS,BRTS-OR-07,East Ring Hub,West Ring Hub,18.0,85,62,35.0,2170.0,0,32,On-Time
TRIP-10785,2024-01-22,18:15:00,BRTS-01,BRTS Ring Corridor: Outer Express,BRTS,BRTS-OR-02,East Ring Hub,West Ring Hub,18.0,85,91,35.0,3185.0,4,34,Moderate Delay
TRIP-10786,2024-01-22,21:30:45,BRTS-01,BRTS Ring Corridor: Outer Express,BRTS,BRTS-OR-03,East Ring Hub,West Ring Hub,18.0,85,44,35.0,1540.0,0,32,On-Time
TRIP-10787,2024-01-23,10:50:45,BUS-101,Central Station ⇄ IT Tech Park,Bus,BUS-KA01-E108,Central Railway Station,Cyber City Tech Park,16.5,60,50,30.0,1500.0,6,49,Moderate Delay
TRIP-10788,2024-01-23,14:10:30,BUS-101,Central Station ⇄ IT Tech Park,Bus,BUS-KA01-E109,Central Railway Station,Cyber City Tech Park,16.5,60,33,30.0,990.0,4,47,Moderate Delay
TRIP-10789,2024-01-23,21:10:30,BUS-101,Central Station ⇄ IT Tech Park,Bus,BUS-KA01-E108,Central Railway Station,Cyber City Tech Park,16.5,60,33,30.0,990.0,0,45,On-Time
TRIP-10790,2024-01-23,06:15:45,BUS-102,Airport Express ⇄ Downtown Terminal,Bus,BUS-KA01-A206,International Airport Terminal 2,Downtown Central Terminal,28.0,50,13,90.0,1170.0,1,60,On-Time
TRIP-10791,2024-01-23,07:30:15,BUS-102,Airport Express ⇄ Downtown Terminal,Bus,BUS-KA01-A208,International Airport Terminal 2,Downtown Central Terminal,28.0,50,25,90.0,2250.0,0,60,On-Time
TRIP-10792,2024-01-23,09:00:00,BUS-102,Airport Express ⇄ Downtown Terminal,Bus,BUS-KA01-A201,International Airport Terminal 2,Downtown Central Terminal,28.0,50,54,90.0,4860.0,0,60,On-Time
TRIP-10793,2024-01-23,12:50:00,BUS-102,Airport Express ⇄ Downtown Terminal,Bus,BUS-KA01-A206,International Airport Terminal 2,Downtown Central Terminal,28.0,50,24,90.0,2160.0,8,65,Moderate Delay
TRIP-10794,2024-01-23,14:45:15,BUS-102,Airport Express ⇄ Downtown Terminal,Bus,BUS-KA01-A202,International Airport Terminal 2,Downtown Central Terminal,28.0,50,32,90.0,2880.0,0,60,On-Time
TRIP-10795,2024-01-23,09:45:15,BUS-105,Westside Mall ⇄ Harbor Port,Bus,BUS-KA02-W301,Westside Mall Circle,South Harbor Port Gate,14.2,60,64,25.0,1600.0,34,62,Major Delay
TRIP-10796,2024-01-23,13:45:15,BUS-105,Westside Mall ⇄ Harbor Port,Bus,BUS-KA02-W306,Westside Mall Circle,South Harbor Port Gate,14.2,60,29,25.0,725.0,0,38,On-Time
TRIP-10797,2024-01-23,17:15:45,BUS-105,Westside Mall ⇄ Harbor Port,Bus,BUS-KA02-W304,Westside Mall Circle,South Harbor Port Gate,14.2,60,64,25.0,1600.0,0,38,On-Time
TRIP-10798,2024-01-23,21:40:15,BUS-105,Westside Mall ⇄ Harbor Port,Bus,BUS-KA02-W302,Westside Mall Circle,South Harbor Port Gate,14.2,60,23,25.0,575.0,0,38,On-Time
TRIP-10799,2024-01-23,08:40:15,BUS-110,University Campus ⇄ City Center,Bus,BUS-KA02-U403,State University North Gate,City Commercial Center,11.0,60,64,20.0,1280.0,0,32,On-Time
TRIP-10800,2024-01-23,18:20:00,BUS-110,University Campus ⇄ City Center,Bus,BUS-KA02-U404,State University North Gate,City Commercial Center,11.0,60,64,20.0,1280.0,0,32,On-Time
TRIP-10801,2024-01-23,19:50:45,BUS-110,University Campus ⇄ City Center,Bus,BUS-KA02-U404,State University North Gate,City Commercial Center,11.0,60,57,20.0,1140.0,0,32,On-Time
TRIP-10802,2024-01-23,20:20:30,BUS-110,University Campus ⇄ City Center,Bus,BUS-KA02-U401,State University North Gate,City Commercial Center,11.0,60,46,20.0,920.0,10,40,Moderate Delay
TRIP-10803,2024-01-23,07:00:45,METRO-BLU,Metro Blue Line: North Ridge ⇄ Tech Valley,Metro,METRO-B-02,North Ridge Terminal,Tech Valley Central,24.5,320,170,45.0,7650.0,0,35,On-Time
TRIP-10804,2024-01-23,13:50:45,METRO-BLU,Metro Blue Line: North Ridge ⇄ Tech Valley,Metro,METRO-B-07,North Ridge Terminal,Tech Valley Central,24.5,320,161,45.0,7245.0,0,35,On-Time
TRIP-10805,2024-01-23,17:20:15,METRO-BLU,Metro Blue Line: North Ridge ⇄ Tech Valley,Metro,METRO-B-05,North Ridge Terminal,Tech Valley Central,24.5,320,339,45.0,15255.0,2,36,On-Time
TRIP-10806,2024-01-23,18:15:45,METRO-BLU,Metro Blue Line: North Ridge ⇄ Tech Valley,Metro,METRO-B-08,North Ridge Terminal,Tech Valley Central,24.5,320,345,45.0,15525.0,0,35,On-Time
TRIP-10807,2024-01-23,22:50:15,METRO-BLU,Metro Blue Line: North Ridge ⇄ Tech Valley,Metro,METRO-B-06,North Ridge Terminal,Tech Valley Central,24.5,320,110,45.0,4950.0,0,35,On-Time
TRIP-10808,2024-01-23,06:40:00,METRO-RED,Metro Red Line: East Suburb ⇄ Financial District,Metro,METRO-R-10,East Suburb Terminal,Financial District Hub,21.0,320,77,40.0,3080.0,0,30,On-Time
TRIP-10809,2024-01-23,07:20:00,METRO-RED,Metro Red Line: East Suburb ⇄ Financial District,Metro,METRO-R-09,East Suburb Terminal,Financial District Hub,21.0,320,176,40.0,7040.0,0,30,On-Time
TRIP-10810,2024-01-23,12:40:00,METRO-RED,Metro Red Line: East Suburb ⇄ Financial District,Metro,METRO-R-06,East Suburb Terminal,Financial District Hub,21.0,320,162,40.0,6480.0,0,30,On-Time
TRIP-10811,2024-01-23,16:40:15,METRO-RED,Metro Red Line: East Suburb ⇄ Financial District,Metro,METRO-R-04,East Suburb Terminal,Financial District Hub,21.0,320,279,40.0,11160.0,0,30,On-Time
TRIP-10812,2024-01-23,19:15:30,METRO-RED,Metro Red Line: East Suburb ⇄ Financial District,Metro,METRO-R-10,East Suburb Terminal,Financial District Hub,21.0,320,300,40.0,12000.0,8,36,Moderate Delay
TRIP-10813,2024-01-23,20:20:15,METRO-RED,Metro Red Line: East Suburb ⇄ Financial District,Metro,METRO-R-07,East Suburb Terminal,Financial District Hub,21.0,320,233,40.0,9320.0,0,30,On-Time
TRIP-10814,2024-01-23,07:40:45,RAIL-CST,Suburban Rail: Coast Line ⇄ Old City Junction,Suburban Rail,RAIL-EMU-506,Coastal Harbor Junction,Old City Main Junction,38.0,750,391,25.0,9775.0,0,55,On-Time
TRIP-10815,2024-01-23,08:30:45,RAIL-CST,Suburban Rail: Coast Line ⇄ Old City Junction,Suburban Rail,RAIL-EMU-507,Coastal Harbor Junction,Old City Main Junction,38.0,750,810,25.0,20250.0,0,55,On-Time
TRIP-10816,2024-01-23,11:10:15,RAIL-CST,Suburban Rail: Coast Line ⇄ Old City Junction,Suburban Rail,RAIL-EMU-502,Coastal Harbor Junction,Old City Main Junction,38.0,750,553,25.0,13825.0,0,55,On-Time
TRIP-10817,2024-01-23,08:30:00,RAIL-EXT,Suburban Rail: Industrial Corridor ⇄ South Terminal,Suburban Rail,RAIL-EMU-606,Northern Industrial Zone,South Terminal Intermodal,42.5,750,810,30.0,24300.0,9,71,Moderate Delay
TRIP-10818,2024-01-23,09:00:30,RAIL-EXT,Suburban Rail: Industrial Corridor ⇄ South Terminal,Suburban Rail,RAIL-EMU-604,Northern Industrial Zone,South Terminal Intermodal,42.5,750,810,30.0,24300.0,0,65,On-Time
TRIP-10819,2024-01-23,22:40:45,RAIL-EXT,Suburban Rail: Industrial Corridor ⇄ South Terminal,Suburban Rail,RAIL-EMU-601,Northern Industrial Zone,South Terminal Intermodal,42.5,750,219,30.0,6570.0,0,65,On-Time
TRIP-10820,2024-01-23,12:40:30,BRTS-01,BRTS Ring Corridor: Outer Express,BRTS,BRTS-OR-08,East Ring Hub,West Ring Hub,18.0,85,50,35.0,1750.0,0,32,On-Time
TRIP-10821,2024-01-23,13:50:30,BRTS-01,BRTS Ring Corridor: Outer Express,BRTS,BRTS-OR-05,East Ring Hub,West Ring Hub,18.0,85,49,35.0,1715.0,0,32,On-Time
TRIP-10822,2024-01-23,16:20:45,BRTS-01,BRTS Ring Corridor: Outer Express,BRTS,BRTS-OR-03,East Ring Hub,West Ring Hub,18.0,85,66,35.0,2310.0,0,32,On-Time
TRIP-10823,2024-01-24,08:15:30,BUS-101,Central Station ⇄ IT Tech Park,Bus,BUS-KA01-E102,Central Railway Station,Cyber City Tech Park,16.5,60,56,30.0,1680.0,13,52,Moderate Delay
TRIP-10824,2024-01-24,15:00:30,BUS-101,Central Station ⇄ IT Tech Park,Bus,BUS-KA01-E104,Central Railway Station,Cyber City Tech Park,16.5,60,41,30.0,1230.0,0,45,On-Time
TRIP-10825,2024-01-24,20:00:30,BUS-101,Central Station ⇄ IT Tech Park,Bus,BUS-KA01-E103,Central Railway Station,Cyber City Tech Park,16.5,60,56,30.0,1680.0,8,50,Moderate Delay
TRIP-10826,2024-01-24,22:30:00,BUS-101,Central Station ⇄ IT Tech Park,Bus,BUS-KA01-E103,Central Railway Station,Cyber City Tech Park,16.5,60,21,30.0,630.0,0,45,On-Time
TRIP-10827,2024-01-24,06:40:30,BUS-102,Airport Express ⇄ Downtown Terminal,Bus,BUS-KA01-A203,International Airport Terminal 2,Downtown Central Terminal,28.0,50,12,90.0,1080.0,0,60,On-Time
TRIP-10828,2024-01-24,10:50:30,BUS-102,Airport Express ⇄ Downtown Terminal,Bus,BUS-KA01-A203,International Airport Terminal 2,Downtown Central Terminal,28.0,50,50,90.0,4500.0,0,60,On-Time
TRIP-10829,2024-01-24,16:10:30,BUS-102,Airport Express ⇄ Downtown Terminal,Bus,BUS-KA01-A206,International Airport Terminal 2,Downtown Central Terminal,28.0,50,33,90.0,2970.0,0,60,On-Time
TRIP-10830,2024-01-24,17:10:30,BUS-102,Airport Express ⇄ Downtown Terminal,Bus,BUS-KA01-A204,International Airport Terminal 2,Downtown Central Terminal,28.0,50,46,90.0,4140.0,0,60,On-Time
TRIP-10831,2024-01-24,06:50:00,BUS-105,Westside Mall ⇄ Harbor Port,Bus,BUS-KA02-W309,Westside Mall Circle,South Harbor Port Gate,14.2,60,18,25.0,450.0,0,38,On-Time
TRIP-10832,2024-01-24,07:00:30,BUS-105,Westside Mall ⇄ Harbor Port,Bus,BUS-KA02-W307,Westside Mall Circle,South Harbor Port Gate,14.2,60,30,25.0,750.0,0,38,On-Time
TRIP-10833,2024-01-24,12:40:00,BUS-105,Westside Mall ⇄ Harbor Port,Bus,BUS-KA02-W309,Westside Mall Circle,South Harbor Port Gate,14.2,60,32,25.0,800.0,0,38,On-Time
TRIP-10834,2024-01-24,14:10:15,BUS-105,Westside Mall ⇄ Harbor Port,Bus,BUS-KA02-W308,Westside Mall Circle,South Harbor Port Gate,14.2,60,39,25.0,975.0,0,38,On-Time
TRIP-10835,2024-01-24,11:15:00,BUS-110,University Campus ⇄ City Center,Bus,BUS-KA02-U409,State University North Gate,City Commercial Center,11.0,60,32,20.0,640.0,0,32,On-Time
TRIP-10836,2024-01-24,12:40:00,BUS-110,University Campus ⇄ City Center,Bus,BUS-KA02-U401,State University North Gate,City Commercial Center,11.0,60,42,20.0,840.0,0,32,On-Time
TRIP-10837,2024-01-24,17:45:30,BUS-110,University Campus ⇄ City Center,Bus,BUS-KA02-U403,State University North Gate,City Commercial Center,11.0,60,64,20.0,1280.0,0,32,On-Time
TRIP-10838,2024-01-24,19:20:15,BUS-110,University Campus ⇄ City Center,Bus,BUS-KA02-U405,State University North Gate,City Commercial Center,11.0,60,64,20.0,1280.0,35,50,Major Delay
TRIP-10839,2024-01-24,09:00:00,METRO-BLU,Metro Blue Line: North Ridge ⇄ Tech Valley,Metro,METRO-B-05,North Ridge Terminal,Tech Valley Central,24.5,320,330,45.0,14850.0,8,39,Moderate Delay
TRIP-10840,2024-01-24,13:45:15,METRO-BLU,Metro Blue Line: North Ridge ⇄ Tech Valley,Metro,METRO-B-02,North Ridge Terminal,Tech Valley Central,24.5,320,179,45.0,8055.0,0,35,On-Time
TRIP-10841,2024-01-24,14:30:45,METRO-BLU,Metro Blue Line: North Ridge ⇄ Tech Valley,Metro,METRO-B-10,North Ridge Terminal,Tech Valley Central,24.5,320,229,45.0,10305.0,6,39,Moderate Delay
TRIP-10842,2024-01-24,15:45:30,METRO-BLU,Metro Blue Line: North Ridge ⇄ Tech Valley,Metro,METRO-B-02,North Ridge Terminal,Tech Valley Central,24.5,320,227,45.0,10215.0,0,35,On-Time
TRIP-10843,2024-01-24,17:40:00,METRO-BLU,Metro Blue Line: North Ridge ⇄ Tech Valley,Metro,METRO-B-08,North Ridge Terminal,Tech Valley Central,24.5,320,345,45.0,15525.0,1,35,On-Time
TRIP-10844,2024-01-24,21:15:30,METRO-BLU,Metro Blue Line: North Ridge ⇄ Tech Valley,Metro,METRO-B-06,North Ridge Terminal,Tech Valley Central,24.5,320,134,45.0,6030.0,0,35,On-Time
TRIP-10845,2024-01-24,14:10:15,METRO-RED,Metro Red Line: East Suburb ⇄ Financial District,Metro,METRO-R-03,East Suburb Terminal,Financial District Hub,21.0,320,212,40.0,8480.0,2,31,On-Time
TRIP-10846,2024-01-24,15:40:30,METRO-RED,Metro Red Line: East Suburb ⇄ Financial District,Metro,METRO-R-06,East Suburb Terminal,Financial District Hub,21.0,320,244,40.0,9760.0,0,30,On-Time
TRIP-10847,2024-01-24,16:10:30,METRO-RED,Metro Red Line: East Suburb ⇄ Financial District,Metro,METRO-R-08,East Suburb Terminal,Financial District Hub,21.0,320,298,40.0,11920.0,9,35,Moderate Delay
TRIP-10848,2024-01-24,22:45:30,METRO-RED,Metro Red Line: East Suburb ⇄ Financial District,Metro,METRO-R-04,East Suburb Terminal,Financial District Hub,21.0,320,112,40.0,4480.0,4,32,Moderate Delay
TRIP-10849,2024-01-24,09:45:45,RAIL-CST,Suburban Rail: Coast Line ⇄ Old City Junction,Suburban Rail,RAIL-EMU-504,Coastal Harbor Junction,Old City Main Junction,38.0,750,810,25.0,20250.0,7,61,Moderate Delay
TRIP-10850,2024-01-24,22:40:30,RAIL-CST,Suburban Rail: Coast Line ⇄ Old City Junction,Suburban Rail,RAIL-EMU-505,Coastal Harbor Junction,Old City Main Junction,38.0,750,242,25.0,6050.0,8,61,Moderate Delay
TRIP-10851,2024-01-24,10:00:00,RAIL-EXT,Suburban Rail: Industrial Corridor ⇄ South Terminal,Suburban Rail,RAIL-EMU-602,Northern Industrial Zone,South Terminal Intermodal,42.5,750,625,30.0,18750.0,0,65,On-Time
TRIP-10852,2024-01-24,11:30:15,RAIL-EXT,Suburban Rail: Industrial Corridor ⇄ South Terminal,Suburban Rail,RAIL-EMU-607,Northern Industrial Zone,South Terminal Intermodal,42.5,750,422,30.0,12660.0,0,65,On-Time
TRIP-10853,2024-01-24,16:10:00,RAIL-EXT,Suburban Rail: Industrial Corridor ⇄ South Terminal,Suburban Rail,RAIL-EMU-602,Northern Industrial Zone,South Terminal Intermodal,42.5,750,499,30.0,14970.0,0,65,On-Time
TRIP-10854,2024-01-24,17:10:00,RAIL-EXT,Suburban Rail: Industrial Corridor ⇄ South Terminal,Suburban Rail,RAIL-EMU-603,Northern Industrial Zone,South Terminal Intermodal,42.5,750,810,30.0,24300.0,4,67,Moderate Delay
TRIP-10855,2024-01-24,08:00:00,BRTS-01,BRTS Ring Corridor: Outer Express,BRTS,BRTS-OR-04,East Ring Hub,West Ring Hub,18.0,85,91,35.0,3185.0,0,32,On-Time
TRIP-10856,2024-01-24,15:15:30,BRTS-01,BRTS Ring Corridor: Outer Express,BRTS,BRTS-OR-06,East Ring Hub,West Ring Hub,18.0,85,46,35.0,1610.0,5,36,Moderate Delay
TRIP-10857,2024-01-24,16:40:15,BRTS-01,BRTS Ring Corridor: Outer Express,BRTS,BRTS-OR-02,East Ring Hub,West Ring Hub,18.0,85,80,35.0,2800.0,0,32,On-Time
TRIP-10858,2024-01-25,06:20:30,BUS-101,Central Station ⇄ IT Tech Park,Bus,BUS-KA01-E102,Central Railway Station,Cyber City Tech Park,16.5,60,13,30.0,390.0,0,45,On-Time
TRIP-10859,2024-01-25,12:20:45,BUS-101,Central Station ⇄ IT Tech Park,Bus,BUS-KA01-E102,Central Railway Station,Cyber City Tech Park,16.5,60,34,30.0,1020.0,0,45,On-Time
TRIP-10860,2024-01-25,17:15:30,BUS-101,Central Station ⇄ IT Tech Park,Bus,BUS-KA01-E106,Central Railway Station,Cyber City Tech Park,16.5,60,64,30.0,1920.0,18,56,Major Delay
TRIP-10861,2024-01-25,09:15:45,BUS-102,Airport Express ⇄ Downtown Terminal,Bus,BUS-KA01-A201,International Airport Terminal 2,Downtown Central Terminal,28.0,50,54,90.0,4860.0,0,60,On-Time
TRIP-10862,2024-01-25,14:10:30,BUS-102,Airport Express ⇄ Downtown Terminal,Bus,BUS-KA01-A205,International Airport Terminal 2,Downtown Central Terminal,28.0,50,29,90.0,2610.0,0,60,On-Time
TRIP-10863,2024-01-25,20:50:15,BUS-102,Airport Express ⇄ Downtown Terminal,Bus,BUS-KA01-A204,International Airport Terminal 2,Downtown Central Terminal,28.0,50,40,90.0,3600.0,0,60,On-Time
TRIP-10864,2024-01-25,08:00:45,BUS-105,Westside Mall ⇄ Harbor Port,Bus,BUS-KA02-W307,Westside Mall Circle,South Harbor Port Gate,14.2,60,64,25.0,1600.0,9,42,Moderate Delay
TRIP-10865,2024-01-25,17:45:00,BUS-105,Westside Mall ⇄ Harbor Port,Bus,BUS-KA02-W306,Westside Mall Circle,South Harbor Port Gate,14.2,60,64,25.0,1600.0,0,38,On-Time
TRIP-10866,2024-01-25,21:20:30,BUS-105,Westside Mall ⇄ Harbor Port,Bus,BUS-KA02-W304,Westside Mall Circle,South Harbor Port Gate,14.2,60,25,25.0,625.0,0,38,On-Time
TRIP-10867,2024-01-25,14:30:45,BUS-110,University Campus ⇄ City Center,Bus,BUS-KA02-U408,State University North Gate,City Commercial Center,11.0,60,33,20.0,660.0,0,32,On-Time
TRIP-10868,2024-01-25,17:30:15,BUS-110,University Campus ⇄ City Center,Bus,BUS-KA02-U404,State University North Gate,City Commercial Center,11.0,60,64,20.0,1280.0,20,45,Major Delay
TRIP-10869,2024-01-25,18:15:00,BUS-110,University Campus ⇄ City Center,Bus,BUS-KA02-U401,State University North Gate,City Commercial Center,11.0,60,62,20.0,1240.0,8,37,Moderate Delay
TRIP-10870,2024-01-25,21:15:45,BUS-110,University Campus ⇄ City Center,Bus,BUS-KA02-U402,State University North Gate,City Commercial Center,11.0,60,30,20.0,600.0,0,32,On-Time
TRIP-10871,2024-01-25,13:20:30,METRO-BLU,Metro Blue Line: North Ridge ⇄ Tech Valley,Metro,METRO-B-06,North Ridge Terminal,Tech Valley Central,24.5,320,191,45.0,8595.0,0,35,On-Time
TRIP-10872,2024-01-25,18:00:00,METRO-BLU,Metro Blue Line: North Ridge ⇄ Tech Valley,Metro,METRO-B-08,North Ridge Terminal,Tech Valley Central,24.5,320,345,45.0,15525.0,0,35,On-Time
TRIP-10873,2024-01-25,21:40:45,METRO-BLU,Metro Blue Line: North Ridge ⇄ Tech Valley,Metro,METRO-B-05,North Ridge Terminal,Tech Valley Central,24.5,320,152,45.0,6840.0,3,37,On-Time
TRIP-10874,2024-01-25,22:15:45,METRO-BLU,Metro Blue Line: North Ridge ⇄ Tech Valley,Metro,METRO-B-02,North Ridge Terminal,Tech Valley Central,24.5,320,93,45.0,4185.0,0,35,On-Time
TRIP-10875,2024-01-25,08:00:45,METRO-RED,Metro Red Line: East Suburb ⇄ Financial District,Metro,METRO-R-06,East Suburb Terminal,Financial District Hub,21.0,320,315,40.0,12600.0,0,30,On-Time
TRIP-10876,2024-01-25,13:30:30,METRO-RED,Metro Red Line: East Suburb ⇄ Financial District,Metro,METRO-R-06,East Suburb Terminal,Financial District Hub,21.0,320,148,40.0,5920.0,0,30,On-Time
TRIP-10877,2024-01-25,14:40:00,METRO-RED,Metro Red Line: East Suburb ⇄ Financial District,Metro,METRO-R-07,East Suburb Terminal,Financial District Hub,21.0,320,212,40.0,8480.0,0,30,On-Time
TRIP-10878,2024-01-25,19:40:30,METRO-RED,Metro Red Line: East Suburb ⇄ Financial District,Metro,METRO-R-05,East Suburb Terminal,Financial District Hub,21.0,320,324,40.0,12960.0,4,32,Moderate Delay
TRIP-10879,2024-01-25,21:10:00,METRO-RED,Metro Red Line: East Suburb ⇄ Financial District,Metro,METRO-R-06,East Suburb Terminal,Financial District Hub,21.0,320,179,40.0,7160.0,3,31,On-Time
TRIP-10880,2024-01-25,22:00:45,METRO-RED,Metro Red Line: East Suburb ⇄ Financial District,Metro,METRO-R-07,East Suburb Terminal,Financial District Hub,21.0,320,102,40.0,4080.0,0,30,On-Time
TRIP-10881,2024-01-25,06:00:30,RAIL-CST,Suburban Rail: Coast Line ⇄ Old City Junction,Suburban Rail,RAIL-EMU-507,Coastal Harbor Junction,Old City Main Junction,38.0,750,187,25.0,4675.0,0,55,On-Time
TRIP-10882,2024-01-25,15:50:00,RAIL-CST,Suburban Rail: Coast Line ⇄ Old City Junction,Suburban Rail,RAIL-EMU-507,Coastal Harbor Junction,Old City Main Junction,38.0,750,544,25.0,13600.0,8,60,Moderate Delay
TRIP-10883,2024-01-25,21:40:15,RAIL-CST,Suburban Rail: Coast Line ⇄ Old City Junction,Suburban Rail,RAIL-EMU-504,Coastal Harbor Junction,Old City Main Junction,38.0,750,382,25.0,9550.0,0,55,On-Time
TRIP-10884,2024-01-25,08:00:30,RAIL-EXT,Suburban Rail: Industrial Corridor ⇄ South Terminal,Suburban Rail,RAIL-EMU-601,Northern Industrial Zone,South Terminal Intermodal,42.5,750,810,30.0,24300.0,10,72,Moderate Delay
TRIP-10885,2024-01-25,10:10:30,RAIL-EXT,Suburban Rail: Industrial Corridor ⇄ South Terminal,Suburban Rail,RAIL-EMU-604,Northern Industrial Zone,South Terminal Intermodal,42.5,750,639,30.0,19170.0,0,65,On-Time
TRIP-10886,2024-01-25,12:20:30,RAIL-EXT,Suburban Rail: Industrial Corridor ⇄ South Terminal,Suburban Rail,RAIL-EMU-607,Northern Industrial Zone,South Terminal Intermodal,42.5,750,503,30.0,15090.0,0,65,On-Time
TRIP-10887,2024-01-25,20:30:45,RAIL-EXT,Suburban Rail: Industrial Corridor ⇄ South Terminal,Suburban Rail,RAIL-EMU-603,Northern Industrial Zone,South Terminal Intermodal,42.5,750,629,30.0,18870.0,0,65,On-Time
TRIP-10888,2024-01-25,14:15:00,BRTS-01,BRTS Ring Corridor: Outer Express,BRTS,BRTS-OR-08,East Ring Hub,West Ring Hub,18.0,85,53,35.0,1855.0,0,32,On-Time
TRIP-10889,2024-01-25,16:20:45,BRTS-01,BRTS Ring Corridor: Outer Express,BRTS,BRTS-OR-07,East Ring Hub,West Ring Hub,18.0,85,63,35.0,2205.0,0,32,On-Time
TRIP-10890,2024-01-25,18:00:15,BRTS-01,BRTS Ring Corridor: Outer Express,BRTS,BRTS-OR-05,East Ring Hub,West Ring Hub,18.0,85,91,35.0,3185.0,13,42,Moderate Delay
TRIP-10891,2024-01-25,20:45:45,BRTS-01,BRTS Ring Corridor: Outer Express,BRTS,BRTS-OR-04,East Ring Hub,West Ring Hub,18.0,85,62,35.0,2170.0,0,32,On-Time
TRIP-10892,2024-01-25,22:45:30,BRTS-01,BRTS Ring Corridor: Outer Express,BRTS,BRTS-OR-04,East Ring Hub,West Ring Hub,18.0,85,28,35.0,980.0,0,32,On-Time
TRIP-10893,2024-01-26,08:00:15,BUS-101,Central Station ⇄ IT Tech Park,Bus,BUS-KA01-E107,Central Railway Station,Cyber City Tech Park,16.5,60,64,30.0,1920.0,35,70,Major Delay
TRIP-10894,2024-01-26,09:45:00,BUS-101,Central Station ⇄ IT Tech Park,Bus,BUS-KA01-E105,Central Railway Station,Cyber City Tech Park,16.5,60,63,30.0,1890.0,5,48,Moderate Delay
TRIP-10895,2024-01-26,13:15:00,BUS-101,Central Station ⇄ IT Tech Park,Bus,BUS-KA01-E102,Central Railway Station,Cyber City Tech Park,16.5,60,40,30.0,1200.0,0,45,On-Time
TRIP-10896,2024-01-26,21:40:30,BUS-101,Central Station ⇄ IT Tech Park,Bus,BUS-KA01-E106,Central Railway Station,Cyber City Tech Park,16.5,60,33,30.0,990.0,0,45,On-Time
TRIP-10897,2024-01-26,08:20:00,BUS-102,Airport Express ⇄ Downtown Terminal,Bus,BUS-KA01-A209,International Airport Terminal 2,Downtown Central Terminal,28.0,50,54,90.0,4860.0,11,67,Moderate Delay
TRIP-10898,2024-01-26,17:30:45,BUS-102,Airport Express ⇄ Downtown Terminal,Bus,BUS-KA01-A206,International Airport Terminal 2,Downtown Central Terminal,28.0,50,54,90.0,4860.0,11,68,Moderate Delay
TRIP-10899,2024-01-26,18:40:45,BUS-102,Airport Express ⇄ Downtown Terminal,Bus,BUS-KA01-A204,International Airport Terminal 2,Downtown Central Terminal,28.0,50,54,90.0,4860.0,0,60,On-Time
TRIP-10900,2024-01-26,19:15:00,BUS-102,Airport Express ⇄ Downtown Terminal,Bus,BUS-KA01-A205,International Airport Terminal 2,Downtown Central Terminal,28.0,50,45,90.0,4050.0,0,60,On-Time
TRIP-10901,2024-01-26,22:00:45,BUS-102,Airport Express ⇄ Downtown Terminal,Bus,BUS-KA01-A209,International Airport Terminal 2,Downtown Central Terminal,28.0,50,15,90.0,1350.0,0,60,On-Time
TRIP-10902,2024-01-26,10:15:30,BUS-105,Westside Mall ⇄ Harbor Port,Bus,BUS-KA02-W301,Westside Mall Circle,South Harbor Port Gate,14.2,60,55,25.0,1375.0,23,49,Major Delay
TRIP-10903,2024-01-26,13:00:15,BUS-105,Westside Mall ⇄ Harbor Port,Bus,BUS-KA02-W306,Westside Mall Circle,South Harbor Port Gate,14.2,60,30,25.0,750.0,0,38,On-Time
TRIP-10904,2024-01-26,18:10:15,BUS-105,Westside Mall ⇄ Harbor Port,Bus,BUS-KA02-W305,Westside Mall Circle,South Harbor Port Gate,14.2,60,64,25.0,1600.0,29,63,Major Delay
TRIP-10905,2024-01-26,21:30:00,BUS-105,Westside Mall ⇄ Harbor Port,Bus,BUS-KA02-W303,Westside Mall Circle,South Harbor Port Gate,14.2,60,34,25.0,850.0,0,38,On-Time
TRIP-10906,2024-01-26,06:30:00,BUS-110,University Campus ⇄ City Center,Bus,BUS-KA02-U407,State University North Gate,City Commercial Center,11.0,60,17,20.0,340.0,0,32,On-Time
TRIP-10907,2024-01-26,16:40:45,BUS-110,University Campus ⇄ City Center,Bus,BUS-KA02-U405,State University North Gate,City Commercial Center,11.0,60,56,20.0,1120.0,0,32,On-Time
TRIP-10908,2024-01-26,18:10:30,BUS-110,University Campus ⇄ City Center,Bus,BUS-KA02-U406,State University North Gate,City Commercial Center,11.0,60,64,20.0,1280.0,0,32,On-Time
TRIP-10909,2024-01-26,19:50:00,BUS-110,University Campus ⇄ City Center,Bus,BUS-KA02-U408,State University North Gate,City Commercial Center,11.0,60,64,20.0,1280.0,0,32,On-Time
TRIP-10910,2024-01-26,06:40:00,METRO-BLU,Metro Blue Line: North Ridge ⇄ Tech Valley,Metro,METRO-B-07,North Ridge Terminal,Tech Valley Central,24.5,320,70,45.0,3150.0,3,37,On-Time
TRIP-10911,2024-01-26,09:40:45,METRO-BLU,Metro Blue Line: North Ridge ⇄ Tech Valley,Metro,METRO-B-10,North Ridge Terminal,Tech Valley Central,24.5,320,345,45.0,15525.0,0,35,On-Time
TRIP-10912,2024-01-26,10:40:30,METRO-BLU,Metro Blue Line: North Ridge ⇄ Tech Valley,Metro,METRO-B-07,North Ridge Terminal,Tech Valley Central,24.5,320,263,45.0,11835.0,3,36,On-Time
TRIP-10913,2024-01-26,12:20:00,METRO-BLU,Metro Blue Line: North Ridge ⇄ Tech Valley,Metro,METRO-B-04,North Ridge Terminal,Tech Valley Central,24.5,320,226,45.0,10170.0,0,35,On-Time
TRIP-10914,2024-01-26,16:10:45,METRO-BLU,Metro Blue Line: North Ridge ⇄ Tech Valley,Metro,METRO-B-07,North Ridge Terminal,Tech Valley Central,24.5,320,232,45.0,10440.0,0,35,On-Time
TRIP-10915,2024-01-26,22:45:30,METRO-BLU,Metro Blue Line: North Ridge ⇄ Tech Valley,Metro,METRO-B-10,North Ridge Terminal,Tech Valley Central,24.5,320,82,45.0,3690.0,0,35,On-Time
TRIP-10916,2024-01-26,06:50:00,METRO-RED,Metro Red Line: East Suburb ⇄ Financial District,Metro,METRO-R-08,East Suburb Terminal,Financial District Hub,21.0,320,74,40.0,2960.0,5,33,Moderate Delay
TRIP-10917,2024-01-26,13:45:15,METRO-RED,Metro Red Line: East Suburb ⇄ Financial District,Metro,METRO-R-05,East Suburb Terminal,Financial District Hub,21.0,320,175,40.0,7000.0,4,33,Moderate Delay
TRIP-10918,2024-01-26,18:20:45,METRO-RED,Metro Red Line: East Suburb ⇄ Financial District,Metro,METRO-R-05,East Suburb Terminal,Financial District Hub,21.0,320,345,40.0,13800.0,0,30,On-Time
TRIP-10919,2024-01-26,19:20:45,METRO-RED,Metro Red Line: East Suburb ⇄ Financial District,Metro,METRO-R-08,East Suburb Terminal,Financial District Hub,21.0,320,345,40.0,13800.0,8,34,Moderate Delay
TRIP-10920,2024-01-26,16:20:45,RAIL-CST,Suburban Rail: Coast Line ⇄ Old City Junction,Suburban Rail,RAIL-EMU-501,Coastal Harbor Junction,Old City Main Junction,38.0,750,670,25.0,16750.0,0,55,On-Time
TRIP-10921,2024-01-26,18:00:00,RAIL-CST,Suburban Rail: Coast Line ⇄ Old City Junction,Suburban Rail,RAIL-EMU-506,Coastal Harbor Junction,Old City Main Junction,38.0,750,810,25.0,20250.0,14,67,Moderate Delay
TRIP-10922,2024-01-26,06:45:30,RAIL-EXT,Suburban Rail: Industrial Corridor ⇄ South Terminal,Suburban Rail,RAIL-EMU-605,Northern Industrial Zone,South Terminal Intermodal,42.5,750,234,30.0,7020.0,0,65,On-Time
TRIP-10923,2024-01-26,07:00:15,RAIL-EXT,Suburban Rail: Industrial Corridor ⇄ South Terminal,Suburban Rail,RAIL-EMU-604,Northern Industrial Zone,South Terminal Intermodal,42.5,750,355,30.0,10650.0,0,65,On-Time
TRIP-10924,2024-01-26,10:15:00,RAIL-EXT,Suburban Rail: Industrial Corridor ⇄ South Terminal,Suburban Rail,RAIL-EMU-601,Northern Industrial Zone,South Terminal Intermodal,42.5,750,651,30.0,19530.0,0,65,On-Time
TRIP-10925,2024-01-26,14:40:00,RAIL-EXT,Suburban Rail: Industrial Corridor ⇄ South Terminal,Suburban Rail,RAIL-EMU-603,Northern Industrial Zone,South Terminal Intermodal,42.5,750,536,30.0,16080.0,0,65,On-Time
TRIP-10926,2024-01-26,10:30:30,BRTS-01,BRTS Ring Corridor: Outer Express,BRTS,BRTS-OR-03,East Ring Hub,West Ring Hub,18.0,85,77,35.0,2695.0,35,60,Major Delay
TRIP-10927,2024-01-26,15:50:00,BRTS-01,BRTS Ring Corridor: Outer Express,BRTS,BRTS-OR-05,East Ring Hub,West Ring Hub,18.0,85,50,35.0,1750.0,3,33,On-Time
TRIP-10928,2024-01-26,17:15:45,BRTS-01,BRTS Ring Corridor: Outer Express,BRTS,BRTS-OR-01,East Ring Hub,West Ring Hub,18.0,85,91,35.0,3185.0,0,32,On-Time
TRIP-10929,2024-01-26,19:50:30,BRTS-01,BRTS Ring Corridor: Outer Express,BRTS,BRTS-OR-02,East Ring Hub,West Ring Hub,18.0,85,91,35.0,3185.0,0,32,On-Time
TRIP-10930,2024-01-26,20:15:00,BRTS-01,BRTS Ring Corridor: Outer Express,BRTS,BRTS-OR-03,East Ring Hub,West Ring Hub,18.0,85,62,35.0,2170.0,5,34,Moderate Delay
TRIP-10931,2024-01-27,14:20:00,BUS-101,Central Station ⇄ IT Tech Park,Bus,BUS-KA01-E102,Central Railway Station,Cyber City Tech Park,16.5,60,27,30.0,810.0,0,45,On-Time
TRIP-10932,2024-01-27,15:20:45,BUS-101,Central Station ⇄ IT Tech Park,Bus,BUS-KA01-E111,Central Railway Station,Cyber City Tech Park,16.5,60,32,30.0,960.0,0,45,On-Time
TRIP-10933,2024-01-27,16:10:45,BUS-101,Central Station ⇄ IT Tech Park,Bus,BUS-KA01-E106,Central Railway Station,Cyber City Tech Park,16.5,60,35,30.0,1050.0,0,45,On-Time
TRIP-10934,2024-01-27,20:15:00,BUS-101,Central Station ⇄ IT Tech Park,Bus,BUS-KA01-E108,Central Railway Station,Cyber City Tech Park,16.5,60,29,30.0,870.0,0,45,On-Time
TRIP-10935,2024-01-27,22:30:00,BUS-101,Central Station ⇄ IT Tech Park,Bus,BUS-KA01-E106,Central Railway Station,Cyber City Tech Park,16.5,60,12,30.0,360.0,10,53,Moderate Delay
TRIP-10936,2024-01-27,06:30:30,BUS-102,Airport Express ⇄ Downtown Terminal,Bus,BUS-KA01-A207,International Airport Terminal 2,Downtown Central Terminal,28.0,50,11,90.0,990.0,0,60,On-Time
TRIP-10937,2024-01-27,10:10:45,BUS-102,Airport Express ⇄ Downtown Terminal,Bus,BUS-KA01-A204,International Airport Terminal 2,Downtown Central Terminal,28.0,50,31,90.0,2790.0,29,75,Major Delay
TRIP-10938,2024-01-27,12:15:45,BUS-102,Airport Express ⇄ Downtown Terminal,Bus,BUS-KA01-A203,International Airport Terminal 2,Downtown Central Terminal,28.0,50,25,90.0,2250.0,0,60,On-Time
TRIP-10939,2024-01-27,18:10:30,BUS-102,Airport Express ⇄ Downtown Terminal,Bus,BUS-KA01-A203,International Airport Terminal 2,Downtown Central Terminal,28.0,50,46,90.0,4140.0,23,79,Major Delay
TRIP-10940,2024-01-27,19:40:00,BUS-102,Airport Express ⇄ Downtown Terminal,Bus,BUS-KA01-A207,International Airport Terminal 2,Downtown Central Terminal,28.0,50,44,90.0,3960.0,35,83,Major Delay
TRIP-10941,2024-01-27,07:45:30,BUS-105,Westside Mall ⇄ Harbor Port,Bus,BUS-KA02-W301,Westside Mall Circle,South Harbor Port Gate,14.2,60,24,25.0,600.0,0,38,On-Time
TRIP-10942,2024-01-27,14:40:45,BUS-105,Westside Mall ⇄ Harbor Port,Bus,BUS-KA02-W308,Westside Mall Circle,South Harbor Port Gate,14.2,60,28,25.0,700.0,0,38,On-Time
TRIP-10943,2024-01-27,18:10:30,BUS-105,Westside Mall ⇄ Harbor Port,Bus,BUS-KA02-W303,Westside Mall Circle,South Harbor Port Gate,14.2,60,54,25.0,1350.0,34,59,Major Delay
TRIP-10944,2024-01-27,19:30:15,BUS-105,Westside Mall ⇄ Harbor Port,Bus,BUS-KA02-W301,Westside Mall Circle,South Harbor Port Gate,14.2,60,47,25.0,1175.0,7,43,Moderate Delay
TRIP-10945,2024-01-27,07:30:30,BUS-110,University Campus ⇄ City Center,Bus,BUS-KA02-U408,State University North Gate,City Commercial Center,11.0,60,21,20.0,420.0,9,36,Moderate Delay
TRIP-10946,2024-01-27,09:15:15,BUS-110,University Campus ⇄ City Center,Bus,BUS-KA02-U405,State University North Gate,City Commercial Center,11.0,60,61,20.0,1220.0,30,57,Major Delay
TRIP-10947,2024-01-27,12:40:45,BUS-110,University Campus ⇄ City Center,Bus,BUS-KA02-U406,State University North Gate,City Commercial Center,11.0,60,29,20.0,580.0,0,32,On-Time
TRIP-10948,2024-01-27,13:15:15,BUS-110,University Campus ⇄ City Center,Bus,BUS-KA02-U402,State University North Gate,City Commercial Center,11.0,60,22,20.0,440.0,0,32,On-Time
TRIP-10949,2024-01-27,19:45:00,BUS-110,University Campus ⇄ City Center,Bus,BUS-KA02-U408,State University North Gate,City Commercial Center,11.0,60,37,20.0,740.0,14,42,Moderate Delay
TRIP-10950,2024-01-27,10:45:30,METRO-BLU,Metro Blue Line: North Ridge ⇄ Tech Valley,Metro,METRO-B-01,North Ridge Terminal,Tech Valley Central,24.5,320,187,45.0,8415.0,4,37,Moderate Delay
TRIP-10951,2024-01-27,11:20:00,METRO-BLU,Metro Blue Line: North Ridge ⇄ Tech Valley,Metro,METRO-B-07,North Ridge Terminal,Tech Valley Central,24.5,320,135,45.0,6075.0,0,35,On-Time
TRIP-10952,2024-01-27,15:20:00,METRO-BLU,Metro Blue Line: North Ridge ⇄ Tech Valley,Metro,METRO-B-01,North Ridge Terminal,Tech Valley Central,24.5,320,149,45.0,6705.0,0,35,On-Time
TRIP-10953,2024-01-27,18:10:15,METRO-BLU,Metro Blue Line: North Ridge ⇄ Tech Valley,Metro,METRO-B-08,North Ridge Terminal,Tech Valley Central,24.5,320,344,45.0,15480.0,0,35,On-Time
TRIP-10954,2024-01-27,19:50:00,METRO-BLU,Metro Blue Line: North Ridge ⇄ Tech Valley,Metro,METRO-B-10,North Ridge Terminal,Tech Valley Central,24.5,320,288,45.0,12960.0,0,35,On-Time
TRIP-10955,2024-01-27,21:45:00,METRO-BLU,Metro Blue Line: North Ridge ⇄ Tech Valley,Metro,METRO-B-08,North Ridge Terminal,Tech Valley Central,24.5,320,109,45.0,4905.0,7,41,Moderate Delay
TRIP-10956,2024-01-27,07:50:15,METRO-RED,Metro Red Line: East Suburb ⇄ Financial District,Metro,METRO-R-06,East Suburb Terminal,Financial District Hub,21.0,320,136,40.0,5440.0,0,30,On-Time
TRIP-10957,2024-01-27,12:10:30,METRO-RED,Metro Red Line: East Suburb ⇄ Financial District,Metro,METRO-R-08,East Suburb Terminal,Financial District Hub,21.0,320,166,40.0,6640.0,0,30,On-Time
TRIP-10958,2024-01-27,13:40:45,METRO-RED,Metro Red Line: East Suburb ⇄ Financial District,Metro,METRO-R-08,East Suburb Terminal,Financial District Hub,21.0,320,145,40.0,5800.0,5,33,Moderate Delay
TRIP-10959,2024-01-27,14:40:45,METRO-RED,Metro Red Line: East Suburb ⇄ Financial District,Metro,METRO-R-08,East Suburb Terminal,Financial District Hub,21.0,320,128,40.0,5120.0,6,35,Moderate Delay
TRIP-10960,2024-01-27,15:15:30,METRO-RED,Metro Red Line: East Suburb ⇄ Financial District,Metro,METRO-R-06,East Suburb Terminal,Financial District Hub,21.0,320,176,40.0,7040.0,0,30,On-Time
TRIP-10961,2024-01-27,20:50:15,METRO-RED,Metro Red Line: East Suburb ⇄ Financial District,Metro,METRO-R-08,East Suburb Terminal,Financial District Hub,21.0,320,198,40.0,7920.0,0,30,On-Time
TRIP-10962,2024-01-27,11:15:45,RAIL-CST,Suburban Rail: Coast Line ⇄ Old City Junction,Suburban Rail,RAIL-EMU-503,Coastal Harbor Junction,Old City Main Junction,38.0,750,301,25.0,7525.0,0,55,On-Time
TRIP-10963,2024-01-27,12:20:15,RAIL-CST,Suburban Rail: Coast Line ⇄ Old City Junction,Suburban Rail,RAIL-EMU-503,Coastal Harbor Junction,Old City Main Junction,38.0,750,345,25.0,8625.0,0,55,On-Time
TRIP-10964,2024-01-27,11:00:00,RAIL-EXT,Suburban Rail: Industrial Corridor ⇄ South Terminal,Suburban Rail,RAIL-EMU-602,Northern Industrial Zone,South Terminal Intermodal,42.5,750,335,30.0,10050.0,4,67,Moderate Delay
TRIP-10965,2024-01-27,19:50:30,RAIL-EXT,Suburban Rail: Industrial Corridor ⇄ South Terminal,Suburban Rail,RAIL-EMU-607,Northern Industrial Zone,South Terminal Intermodal,42.5,750,707,30.0,21210.0,0,65,On-Time
TRIP-10966,2024-01-27,22:30:15,RAIL-EXT,Suburban Rail: Industrial Corridor ⇄ South Terminal,Suburban Rail,RAIL-EMU-601,Northern Industrial Zone,South Terminal Intermodal,42.5,750,192,30.0,5760.0,0,65,On-Time
TRIP-10967,2024-01-27,07:10:00,BRTS-01,BRTS Ring Corridor: Outer Express,BRTS,BRTS-OR-02,East Ring Hub,West Ring Hub,18.0,85,37,35.0,1295.0,0,32,On-Time
TRIP-10968,2024-01-27,13:00:00,BRTS-01,BRTS Ring Corridor: Outer Express,BRTS,BRTS-OR-03,East Ring Hub,West Ring Hub,18.0,85,31,35.0,1085.0,4,35,Moderate Delay
TRIP-10969,2024-01-27,18:30:45,BRTS-01,BRTS Ring Corridor: Outer Express,BRTS,BRTS-OR-06,East Ring Hub,West Ring Hub,18.0,85,87,35.0,3045.0,10,37,Moderate Delay
TRIP-10970,2024-01-27,20:40:15,BRTS-01,BRTS Ring Corridor: Outer Express,BRTS,BRTS-OR-01,East Ring Hub,West Ring Hub,18.0,85,42,35.0,1470.0,7,37,Moderate Delay
TRIP-10971,2024-01-27,21:20:45,BRTS-01,BRTS Ring Corridor: Outer Express,BRTS,BRTS-OR-06,East Ring Hub,West Ring Hub,18.0,85,29,35.0,1015.0,0,32,On-Time
TRIP-10972,2024-01-28,09:15:45,BUS-101,Central Station ⇄ IT Tech Park,Bus,BUS-KA01-E107,Central Railway Station,Cyber City Tech Park,16.5,60,60,30.0,1800.0,31,65,Major Delay
TRIP-10973,2024-01-28,16:50:30,BUS-101,Central Station ⇄ IT Tech Park,Bus,BUS-KA01-E109,Central Railway Station,Cyber City Tech Park,16.5,60,43,30.0,1290.0,0,45,On-Time
TRIP-10974,2024-01-28,17:10:00,BUS-101,Central Station ⇄ IT Tech Park,Bus,BUS-KA01-E107,Central Railway Station,Cyber City Tech Park,16.5,60,47,30.0,1410.0,14,54,Moderate Delay
TRIP-10975,2024-01-28,19:00:15,BUS-101,Central Station ⇄ IT Tech Park,Bus,BUS-KA01-E111,Central Railway Station,Cyber City Tech Park,16.5,60,54,30.0,1620.0,22,59,Major Delay
TRIP-10976,2024-01-28,20:30:30,BUS-101,Central Station ⇄ IT Tech Park,Bus,BUS-KA01-E110,Central Railway Station,Cyber City Tech Park,16.5,60,41,30.0,1230.0,5,49,Moderate Delay
TRIP-10977,2024-01-28,16:20:45,BUS-102,Airport Express ⇄ Downtown Terminal,Bus,BUS-KA01-A207,International Airport Terminal 2,Downtown Central Terminal,28.0,50,33,90.0,2970.0,0,60,On-Time
TRIP-10978,2024-01-28,18:20:30,BUS-102,Airport Express ⇄ Downtown Terminal,Bus,BUS-KA01-A203,International Airport Terminal 2,Downtown Central Terminal,28.0,50,38,90.0,3420.0,0,60,On-Time
TRIP-10979,2024-01-28,20:30:15,BUS-102,Airport Express ⇄ Downtown Terminal,Bus,BUS-KA01-A203,International Airport Terminal 2,Downtown Central Terminal,28.0,50,24,90.0,2160.0,0,60,On-Time
TRIP-10980,2024-01-28,06:30:45,BUS-105,Westside Mall ⇄ Harbor Port,Bus,BUS-KA02-W305,Westside Mall Circle,South Harbor Port Gate,14.2,60,14,25.0,350.0,1,38,On-Time
TRIP-10981,2024-01-28,09:40:00,BUS-105,Westside Mall ⇄ Harbor Port,Bus,BUS-KA02-W305,Westside Mall Circle,South Harbor Port Gate,14.2,60,44,25.0,1100.0,0,38,On-Time
TRIP-10982,2024-01-28,14:00:45,BUS-105,Westside Mall ⇄ Harbor Port,Bus,BUS-KA02-W309,Westside Mall Circle,South Harbor Port Gate,14.2,60,25,25.0,625.0,10,45,Moderate Delay
TRIP-10983,2024-01-28,10:15:45,BUS-110,University Campus ⇄ City Center,Bus,BUS-KA02-U404,State University North Gate,City Commercial Center,11.0,60,42,20.0,840.0,24,48,Major Delay
TRIP-10984,2024-01-28,13:40:45,BUS-110,University Campus ⇄ City Center,Bus,BUS-KA02-U402,State University North Gate,City Commercial Center,11.0,60,21,20.0,420.0,0,32,On-Time
TRIP-10985,2024-01-28,16:10:00,BUS-110,University Campus ⇄ City Center,Bus,BUS-KA02-U406,State University North Gate,City Commercial Center,11.0,60,36,20.0,720.0,4,34,Moderate Delay
TRIP-10986,2024-01-28,17:45:45,BUS-110,University Campus ⇄ City Center,Bus,BUS-KA02-U408,State University North Gate,City Commercial Center,11.0,60,58,20.0,1160.0,0,32,On-Time
TRIP-10987,2024-01-28,20:50:45,BUS-110,University Campus ⇄ City Center,Bus,BUS-KA02-U408,State University North Gate,City Commercial Center,11.0,60,40,20.0,800.0,3,34,On-Time
TRIP-10988,2024-01-28,09:50:45,METRO-BLU,Metro Blue Line: North Ridge ⇄ Tech Valley,Metro,METRO-B-02,North Ridge Terminal,Tech Valley Central,24.5,320,234,45.0,10530.0,6,40,Moderate Delay
TRIP-10989,2024-01-28,17:45:00,METRO-BLU,Metro Blue Line: North Ridge ⇄ Tech Valley,Metro,METRO-B-03,North Ridge Terminal,Tech Valley Central,24.5,320,229,45.0,10305.0,0,35,On-Time
TRIP-10990,2024-01-28,21:10:30,METRO-BLU,Metro Blue Line: North Ridge ⇄ Tech Valley,Metro,METRO-B-01,North Ridge Terminal,Tech Valley Central,24.5,320,107,45.0,4815.0,0,35,On-Time
TRIP-10991,2024-01-28,22:15:15,METRO-BLU,Metro Blue Line: North Ridge ⇄ Tech Valley,Metro,METRO-B-05,North Ridge Terminal,Tech Valley Central,24.5,320,80,45.0,3600.0,0,35,On-Time
TRIP-10992,2024-01-28,11:00:00,METRO-RED,Metro Red Line: East Suburb ⇄ Financial District,Metro,METRO-R-10,East Suburb Terminal,Financial District Hub,21.0,320,155,40.0,6200.0,1,30,On-Time
TRIP-10993,2024-01-28,12:30:45,METRO-RED,Metro Red Line: East Suburb ⇄ Financial District,Metro,METRO-R-10,East Suburb Terminal,Financial District Hub,21.0,320,167,40.0,6680.0,0,30,On-Time
TRIP-10994,2024-01-28,13:15:15,METRO-RED,Metro Red Line: East Suburb ⇄ Financial District,Metro,METRO-R-08,East Suburb Terminal,Financial District Hub,21.0,320,135,40.0,5400.0,0,30,On-Time
TRIP-10995,2024-01-28,17:15:30,METRO-RED,Metro Red Line: East Suburb ⇄ Financial District,Metro,METRO-R-07,East Suburb Terminal,Financial District Hub,21.0,320,225,40.0,9000.0,0,30,On-Time
TRIP-10996,2024-01-28,19:20:45,METRO-RED,Metro Red Line: East Suburb ⇄ Financial District,Metro,METRO-R-02,East Suburb Terminal,Financial District Hub,21.0,320,235,40.0,9400.0,8,36,Moderate Delay
TRIP-10997,2024-01-28,06:10:00,RAIL-CST,Suburban Rail: Coast Line ⇄ Old City Junction,Suburban Rail,RAIL-EMU-501,Coastal Harbor Junction,Old City Main Junction,38.0,750,150,25.0,3750.0,0,55,On-Time
TRIP-10998,2024-01-28,15:20:45,RAIL-CST,Suburban Rail: Coast Line ⇄ Old City Junction,Suburban Rail,RAIL-EMU-501,Coastal Harbor Junction,Old City Main Junction,38.0,750,380,25.0,9500.0,9,60,Moderate Delay
TRIP-10999,2024-01-28,12:50:00,RAIL-EXT,Suburban Rail: Industrial Corridor ⇄ South Terminal,Suburban Rail,RAIL-EMU-601,Northern Industrial Zone,South Terminal Intermodal,42.5,750,378,30.0,11340.0,0,65,On-Time
TRIP-11000,2024-01-28,13:50:00,RAIL-EXT,Suburban Rail: Industrial Corridor ⇄ South Terminal,Suburban Rail,RAIL-EMU-603,Northern Industrial Zone,South Terminal Intermodal,42.5,750,296,30.0,8880.0,1,65,On-Time
TRIP-11001,2024-01-28,19:45:30,RAIL-EXT,Suburban Rail: Industrial Corridor ⇄ South Terminal,Suburban Rail,RAIL-EMU-603,Northern Industrial Zone,South Terminal Intermodal,42.5,750,494,30.0,14820.0,0,65,On-Time
TRIP-11002,2024-01-28,11:10:15,BRTS-01,BRTS Ring Corridor: Outer Express,BRTS,BRTS-OR-06,East Ring Hub,West Ring Hub,18.0,85,37,35.0,1295.0,0,32,On-Time
TRIP-11003,2024-01-28,14:15:00,BRTS-01,BRTS Ring Corridor: Outer Express,BRTS,BRTS-OR-03,East Ring Hub,West Ring Hub,18.0,85,41,35.0,1435.0,0,32,On-Time
TRIP-11004,2024-01-28,18:45:30,BRTS-01,BRTS Ring Corridor: Outer Express,BRTS,BRTS-OR-01,East Ring Hub,West Ring Hub,18.0,85,71,35.0,2485.0,0,32,On-Time
TRIP-11005,2024-01-29,13:45:00,BUS-101,Central Station ⇄ IT Tech Park,Bus,BUS-KA01-E102,Central Railway Station,Cyber City Tech Park,16.5,60,30,30.0,900.0,0,45,On-Time
TRIP-11006,2024-01-29,21:50:00,BUS-101,Central Station ⇄ IT Tech Park,Bus,BUS-KA01-E110,Central Railway Station,Cyber City Tech Park,16.5,60,28,30.0,840.0,1,45,On-Time
TRIP-11007,2024-01-29,22:10:15,BUS-101,Central Station ⇄ IT Tech Park,Bus,BUS-KA01-E110,Central Railway Station,Cyber City Tech Park,16.5,60,19,30.0,570.0,0,45,On-Time
TRIP-11008,2024-01-29,08:20:15,BUS-102,Airport Express ⇄ Downtown Terminal,Bus,BUS-KA01-A209,International Airport Terminal 2,Downtown Central Terminal,28.0,50,51,90.0,4590.0,0,60,On-Time
TRIP-11009,2024-01-29,16:45:45,BUS-102,Airport Express ⇄ Downtown Terminal,Bus,BUS-KA01-A205,International Airport Terminal 2,Downtown Central Terminal,28.0,50,33,90.0,2970.0,0,60,On-Time
TRIP-11010,2024-01-29,19:15:00,BUS-102,Airport Express ⇄ Downtown Terminal,Bus,BUS-KA01-A205,International Airport Terminal 2,Downtown Central Terminal,28.0,50,43,90.0,3870.0,0,60,On-Time
TRIP-11011,2024-01-29,20:45:30,BUS-102,Airport Express ⇄ Downtown Terminal,Bus,BUS-KA01-A203,International Airport Terminal 2,Downtown Central Terminal,28.0,50,44,90.0,3960.0,9,65,Moderate Delay
TRIP-11012,2024-01-29,07:10:15,BUS-105,Westside Mall ⇄ Harbor Port,Bus,BUS-KA02-W304,Westside Mall Circle,South Harbor Port Gate,14.2,60,34,25.0,850.0,0,38,On-Time
TRIP-11013,2024-01-29,08:40:30,BUS-105,Westside Mall ⇄ Harbor Port,Bus,BUS-KA02-W305,Westside Mall Circle,South Harbor Port Gate,14.2,60,64,25.0,1600.0,0,38,On-Time
TRIP-11014,2024-01-29,12:20:30,BUS-105,Westside Mall ⇄ Harbor Port,Bus,BUS-KA02-W301,Westside Mall Circle,South Harbor Port Gate,14.2,60,33,25.0,825.0,0,38,On-Time
TRIP-11015,2024-01-29,15:15:00,BUS-105,Westside Mall ⇄ Harbor Port,Bus,BUS-KA02-W307,Westside Mall Circle,South Harbor Port Gate,14.2,60,42,25.0,1050.0,1,38,On-Time
TRIP-11016,2024-01-29,17:50:45,BUS-105,Westside Mall ⇄ Harbor Port,Bus,BUS-KA02-W302,Westside Mall Circle,South Harbor Port Gate,14.2,60,64,25.0,1600.0,0,38,On-Time
TRIP-11017,2024-01-29,06:45:30,BUS-110,University Campus ⇄ City Center,Bus,BUS-KA02-U401,State University North Gate,City Commercial Center,11.0,60,15,20.0,300.0,0,32,On-Time
TRIP-11018,2024-01-29,07:10:45,BUS-110,University Campus ⇄ City Center,Bus,BUS-KA02-U401,State University North Gate,City Commercial Center,11.0,60,29,20.0,580.0,1,32,On-Time
TRIP-11019,2024-01-29,11:30:30,BUS-110,University Campus ⇄ City Center,Bus,BUS-KA02-U404,State University North Gate,City Commercial Center,11.0,60,33,20.0,660.0,0,32,On-Time
TRIP-11020,2024-01-29,16:20:45,BUS-110,University Campus ⇄ City Center,Bus,BUS-KA02-U404,State University North Gate,City Commercial Center,11.0,60,58,20.0,1160.0,8,38,Moderate Delay
TRIP-11021,2024-01-29,20:00:15,BUS-110,University Campus ⇄ City Center,Bus,BUS-KA02-U405,State University North Gate,City Commercial Center,11.0,60,56,20.0,1120.0,0,32,On-Time
TRIP-11022,2024-01-29,08:15:00,METRO-BLU,Metro Blue Line: North Ridge ⇄ Tech Valley,Metro,METRO-B-10,North Ridge Terminal,Tech Valley Central,24.5,320,345,45.0,15525.0,0,35,On-Time
TRIP-11023,2024-01-29,09:20:30,METRO-BLU,Metro Blue Line: North Ridge ⇄ Tech Valley,Metro,METRO-B-09,North Ridge Terminal,Tech Valley Central,24.5,320,336,45.0,15120.0,0,35,On-Time
TRIP-11024,2024-01-29,14:30:45,METRO-BLU,Metro Blue Line: North Ridge ⇄ Tech Valley,Metro,METRO-B-01,North Ridge Terminal,Tech Valley Central,24.5,320,153,45.0,6885.0,0,35,On-Time
TRIP-11025,2024-01-29,16:40:45,METRO-BLU,Metro Blue Line: North Ridge ⇄ Tech Valley,Metro,METRO-B-09,North Ridge Terminal,Tech Valley Central,24.5,320,300,45.0,13500.0,0,35,On-Time
TRIP-11026,2024-01-29,21:50:45,METRO-BLU,Metro Blue Line: North Ridge ⇄ Tech Valley,Metro,METRO-B-04,North Ridge Terminal,Tech Valley Central,24.5,320,147,45.0,6615.0,0,35,On-Time
TRIP-11027,2024-01-29,22:00:30,METRO-BLU,Metro Blue Line: North Ridge ⇄ Tech Valley,Metro,METRO-B-07,North Ridge Terminal,Tech Valley Central,24.5,320,112,45.0,5040.0,0,35,On-Time
TRIP-11028,2024-01-29,08:00:15,METRO-RED,Metro Red Line: East Suburb ⇄ Financial District,Metro,METRO-R-04,East Suburb Terminal,Financial District Hub,21.0,320,345,40.0,13800.0,2,31,On-Time
TRIP-11029,2024-01-29,15:15:30,METRO-RED,Metro Red Line: East Suburb ⇄ Financial District,Metro,METRO-R-08,East Suburb Terminal,Financial District Hub,21.0,320,199,40.0,7960.0,0,30,On-Time
TRIP-11030,2024-01-29,16:45:00,METRO-RED,Metro Red Line: East Suburb ⇄ Financial District,Metro,METRO-R-05,East Suburb Terminal,Financial District Hub,21.0,320,273,40.0,10920.0,0,30,On-Time
TRIP-11031,2024-01-29,20:20:00,METRO-RED,Metro Red Line: East Suburb ⇄ Financial District,Metro,METRO-R-06,East Suburb Terminal,Financial District Hub,21.0,320,249,40.0,9960.0,0,30,On-Time
TRIP-11032,2024-01-29,08:50:00,RAIL-CST,Suburban Rail: Coast Line ⇄ Old City Junction,Suburban Rail,RAIL-EMU-501,Coastal Harbor Junction,Old City Main Junction,38.0,750,810,25.0,20250.0,0,55,On-Time
TRIP-11033,2024-01-29,13:00:45,RAIL-CST,Suburban Rail: Coast Line ⇄ Old City Junction,Suburban Rail,RAIL-EMU-502,Coastal Harbor Junction,Old City Main Junction,38.0,750,390,25.0,9750.0,0,55,On-Time
TRIP-11034,2024-01-29,15:00:45,RAIL-CST,Suburban Rail: Coast Line ⇄ Old City Junction,Suburban Rail,RAIL-EMU-501,Coastal Harbor Junction,Old City Main Junction,38.0,750,416,25.0,10400.0,0,55,On-Time
TRIP-11035,2024-01-29,18:00:00,RAIL-CST,Suburban Rail: Coast Line ⇄ Old City Junction,Suburban Rail,RAIL-EMU-504,Coastal Harbor Junction,Old City Main Junction,38.0,750,810,25.0,20250.0,6,59,Moderate Delay
TRIP-11036,2024-01-29,06:45:45,RAIL-EXT,Suburban Rail: Industrial Corridor ⇄ South Terminal,Suburban Rail,RAIL-EMU-603,Northern Industrial Zone,South Terminal Intermodal,42.5,750,220,30.0,6600.0,0,65,On-Time
TRIP-11037,2024-01-29,20:00:45,RAIL-EXT,Suburban Rail: Industrial Corridor ⇄ South Terminal,Suburban Rail,RAIL-EMU-601,Northern Industrial Zone,South Terminal Intermodal,42.5,750,594,30.0,17820.0,0,65,On-Time
TRIP-11038,2024-01-29,08:30:30,BRTS-01,BRTS Ring Corridor: Outer Express,BRTS,BRTS-OR-04,East Ring Hub,West Ring Hub,18.0,85,89,35.0,3115.0,0,32,On-Time
TRIP-11039,2024-01-29,12:15:00,BRTS-01,BRTS Ring Corridor: Outer Express,BRTS,BRTS-OR-06,East Ring Hub,West Ring Hub,18.0,85,42,35.0,1470.0,0,32,On-Time
TRIP-11040,2024-01-29,15:30:15,BRTS-01,BRTS Ring Corridor: Outer Express,BRTS,BRTS-OR-06,East Ring Hub,West Ring Hub,18.0,85,49,35.0,1715.0,0,32,On-Time
TRIP-11041,2024-01-29,20:00:15,BRTS-01,BRTS Ring Corridor: Outer Express,BRTS,BRTS-OR-01,East Ring Hub,West Ring Hub,18.0,85,55,35.0,1925.0,0,32,On-Time
TRIP-11042,2024-01-29,22:45:30,BRTS-01,BRTS Ring Corridor: Outer Express,BRTS,BRTS-OR-06,East Ring Hub,West Ring Hub,18.0,85,22,35.0,770.0,4,35,Moderate Delay
TRIP-11043,2024-01-30,15:40:30,BUS-101,Central Station ⇄ IT Tech Park,Bus,BUS-KA01-E108,Central Railway Station,Cyber City Tech Park,16.5,60,42,30.0,1260.0,0,45,On-Time
TRIP-11044,2024-01-30,20:00:45,BUS-101,Central Station ⇄ IT Tech Park,Bus,BUS-KA01-E108,Central Railway Station,Cyber City Tech Park,16.5,60,41,30.0,1230.0,4,48,Moderate Delay
TRIP-11045,2024-01-30,21:20:15,BUS-101,Central Station ⇄ IT Tech Park,Bus,BUS-KA01-E107,Central Railway Station,Cyber City Tech Park,16.5,60,29,30.0,870.0,0,45,On-Time
TRIP-11046,2024-01-30,11:00:30,BUS-102,Airport Express ⇄ Downtown Terminal,Bus,BUS-KA01-A203,International Airport Terminal 2,Downtown Central Terminal,28.0,50,25,90.0,2250.0,0,60,On-Time
TRIP-11047,2024-01-30,18:30:45,BUS-102,Airport Express ⇄ Downtown Terminal,Bus,BUS-KA01-A201,International Airport Terminal 2,Downtown Central Terminal,28.0,50,54,90.0,4860.0,0,60,On-Time
TRIP-11048,2024-01-30,19:00:15,BUS-102,Airport Express ⇄ Downtown Terminal,Bus,BUS-KA01-A206,International Airport Terminal 2,Downtown Central Terminal,28.0,50,46,90.0,4140.0,20,75,Major Delay
TRIP-11049,2024-01-30,06:30:00,BUS-105,Westside Mall ⇄ Harbor Port,Bus,BUS-KA02-W302,Westside Mall Circle,South Harbor Port Gate,14.2,60,12,25.0,300.0,0,38,On-Time
TRIP-11050,2024-01-30,08:40:15,BUS-105,Westside Mall ⇄ Harbor Port,Bus,BUS-KA02-W309,Westside Mall Circle,South Harbor Port Gate,14.2,60,60,25.0,1500.0,27,58,Major Delay
TRIP-11051,2024-01-30,09:45:00,BUS-105,Westside Mall ⇄ Harbor Port,Bus,BUS-KA02-W304,Westside Mall Circle,South Harbor Port Gate,14.2,60,61,25.0,1525.0,0,38,On-Time
TRIP-11052,2024-01-30,11:20:45,BUS-105,Westside Mall ⇄ Harbor Port,Bus,BUS-KA02-W304,Westside Mall Circle,South Harbor Port Gate,14.2,60,41,25.0,1025.0,0,38,On-Time
TRIP-11053,2024-01-30,13:00:15,BUS-105,Westside Mall ⇄ Harbor Port,Bus,BUS-KA02-W304,Westside Mall Circle,South Harbor Port Gate,14.2,60,38,25.0,950.0,0,38,On-Time
TRIP-11054,2024-01-30,10:50:15,BUS-110,University Campus ⇄ City Center,Bus,BUS-KA02-U402,State University North Gate,City Commercial Center,11.0,60,61,20.0,1220.0,0,32,On-Time
TRIP-11055,2024-01-30,14:15:45,BUS-110,University Campus ⇄ City Center,Bus,BUS-KA02-U408,State University North Gate,City Commercial Center,11.0,60,39,20.0,780.0,0,32,On-Time
TRIP-11056,2024-01-30,19:50:15,BUS-110,University Campus ⇄ City Center,Bus,BUS-KA02-U408,State University North Gate,City Commercial Center,11.0,60,58,20.0,1160.0,34,58,Major Delay
TRIP-11057,2024-01-30,14:00:15,METRO-BLU,Metro Blue Line: North Ridge ⇄ Tech Valley,Metro,METRO-B-05,North Ridge Terminal,Tech Valley Central,24.5,320,170,45.0,7650.0,4,37,Moderate Delay
TRIP-11058,2024-01-30,15:45:45,METRO-BLU,Metro Blue Line: North Ridge ⇄ Tech Valley,Metro,METRO-B-09,North Ridge Terminal,Tech Valley Central,24.5,320,222,45.0,9990.0,0,35,On-Time
TRIP-11059,2024-01-30,16:10:15,METRO-BLU,Metro Blue Line: North Ridge ⇄ Tech Valley,Metro,METRO-B-04,North Ridge Terminal,Tech Valley Central,24.5,320,290,45.0,13050.0,0,35,On-Time
TRIP-11060,2024-01-30,18:00:45,METRO-BLU,Metro Blue Line: North Ridge ⇄ Tech Valley,Metro,METRO-B-07,North Ridge Terminal,Tech Valley Central,24.5,320,345,45.0,15525.0,8,40,Moderate Delay
TRIP-11061,2024-01-30,21:40:45,METRO-BLU,Metro Blue Line: North Ridge ⇄ Tech Valley,Metro,METRO-B-04,North Ridge Terminal,Tech Valley Central,24.5,320,144,45.0,6480.0,0,35,On-Time
TRIP-11062,2024-01-30,07:10:30,METRO-RED,Metro Red Line: East Suburb ⇄ Financial District,Metro,METRO-R-09,East Suburb Terminal,Financial District Hub,21.0,320,196,40.0,7840.0,2,31,On-Time
TRIP-11063,2024-01-30,08:20:30,METRO-RED,Metro Red Line: East Suburb ⇄ Financial District,Metro,METRO-R-05,East Suburb Terminal,Financial District Hub,21.0,320,305,40.0,12200.0,5,33,Moderate Delay
TRIP-11064,2024-01-30,10:20:15,METRO-RED,Metro Red Line: East Suburb ⇄ Financial District,Metro,METRO-R-05,East Suburb Terminal,Financial District Hub,21.0,320,345,40.0,13800.0,0,30,On-Time
TRIP-11065,2024-01-30,17:00:30,METRO-RED,Metro Red Line: East Suburb ⇄ Financial District,Metro,METRO-R-10,East Suburb Terminal,Financial District Hub,21.0,320,328,40.0,13120.0,7,36,Moderate Delay
TRIP-11066,2024-01-30,20:00:45,METRO-RED,Metro Red Line: East Suburb ⇄ Financial District,Metro,METRO-R-07,East Suburb Terminal,Financial District Hub,21.0,320,267,40.0,10680.0,0,30,On-Time
TRIP-11067,2024-01-30,12:50:15,RAIL-CST,Suburban Rail: Coast Line ⇄ Old City Junction,Suburban Rail,RAIL-EMU-506,Coastal Harbor Junction,Old City Main Junction,38.0,750,452,25.0,11300.0,0,55,On-Time
TRIP-11068,2024-01-30,13:50:30,RAIL-CST,Suburban Rail: Coast Line ⇄ Old City Junction,Suburban Rail,RAIL-EMU-507,Coastal Harbor Junction,Old City Main Junction,38.0,750,471,25.0,11775.0,0,55,On-Time
TRIP-11069,2024-01-30,12:00:30,RAIL-EXT,Suburban Rail: Industrial Corridor ⇄ South Terminal,Suburban Rail,RAIL-EMU-606,Northern Industrial Zone,South Terminal Intermodal,42.5,750,385,30.0,11550.0,0,65,On-Time
TRIP-11070,2024-01-30,13:00:45,RAIL-EXT,Suburban Rail: Industrial Corridor ⇄ South Terminal,Suburban Rail,RAIL-EMU-604,Northern Industrial Zone,South Terminal Intermodal,42.5,750,474,30.0,14220.0,0,65,On-Time
TRIP-11071,2024-01-30,19:45:45,RAIL-EXT,Suburban Rail: Industrial Corridor ⇄ South Terminal,Suburban Rail,RAIL-EMU-605,Northern Industrial Zone,South Terminal Intermodal,42.5,750,810,30.0,24300.0,0,65,On-Time
TRIP-11072,2024-01-30,20:00:00,RAIL-EXT,Suburban Rail: Industrial Corridor ⇄ South Terminal,Suburban Rail,RAIL-EMU-607,Northern Industrial Zone,South Terminal Intermodal,42.5,750,690,30.0,20700.0,6,69,Moderate Delay
TRIP-11073,2024-01-30,07:45:15,BRTS-01,BRTS Ring Corridor: Outer Express,BRTS,BRTS-OR-05,East Ring Hub,West Ring Hub,18.0,85,44,35.0,1540.0,0,32,On-Time
TRIP-11074,2024-01-30,09:10:15,BRTS-01,BRTS Ring Corridor: Outer Express,BRTS,BRTS-OR-08,East Ring Hub,West Ring Hub,18.0,85,85,35.0,2975.0,0,32,On-Time
TRIP-11075,2024-01-30,12:00:15,BRTS-01,BRTS Ring Corridor: Outer Express,BRTS,BRTS-OR-04,East Ring Hub,West Ring Hub,18.0,85,44,35.0,1540.0,0,32,On-Time
TRIP-11076,2024-01-30,18:20:30,BRTS-01,BRTS Ring Corridor: Outer Express,BRTS,BRTS-OR-01,East Ring Hub,West Ring Hub,18.0,85,91,35.0,3185.0,7,36,Moderate Delay
TRIP-11077,2024-01-30,22:15:30,BRTS-01,BRTS Ring Corridor: Outer Express,BRTS,BRTS-OR-02,East Ring Hub,West Ring Hub,18.0,85,29,35.0,1015.0,0,32,On-Time
TRIP-11078,2024-01-31,17:10:45,BUS-101,Central Station ⇄ IT Tech Park,Bus,BUS-KA01-E104,Central Railway Station,Cyber City Tech Park,16.5,60,64,30.0,1920.0,0,45,On-Time
TRIP-11079,2024-01-31,19:30:45,BUS-101,Central Station ⇄ IT Tech Park,Bus,BUS-KA01-E110,Central Railway Station,Cyber City Tech Park,16.5,60,64,30.0,1920.0,0,45,On-Time
TRIP-11080,2024-01-31,21:30:15,BUS-101,Central Station ⇄ IT Tech Park,Bus,BUS-KA01-E101,Central Railway Station,Cyber City Tech Park,16.5,60,29,30.0,870.0,0,45,On-Time
TRIP-11081,2024-01-31,08:45:15,BUS-102,Airport Express ⇄ Downtown Terminal,Bus,BUS-KA01-A208,International Airport Terminal 2,Downtown Central Terminal,28.0,50,54,90.0,4860.0,0,60,On-Time
TRIP-11082,2024-01-31,19:50:00,BUS-102,Airport Express ⇄ Downtown Terminal,Bus,BUS-KA01-A205,International Airport Terminal 2,Downtown Central Terminal,28.0,50,54,90.0,4860.0,33,81,Major Delay
TRIP-11083,2024-01-31,20:45:15,BUS-102,Airport Express ⇄ Downtown Terminal,Bus,BUS-KA01-A208,International Airport Terminal 2,Downtown Central Terminal,28.0,50,38,90.0,3420.0,10,67,Moderate Delay
TRIP-11084,2024-01-31,09:00:15,BUS-105,Westside Mall ⇄ Harbor Port,Bus,BUS-KA02-W302,Westside Mall Circle,South Harbor Port Gate,14.2,60,64,25.0,1600.0,22,54,Major Delay
TRIP-11085,2024-01-31,11:20:45,BUS-105,Westside Mall ⇄ Harbor Port,Bus,BUS-KA02-W306,Westside Mall Circle,South Harbor Port Gate,14.2,60,36,25.0,900.0,0,38,On-Time
TRIP-11086,2024-01-31,12:10:00,BUS-105,Westside Mall ⇄ Harbor Port,Bus,BUS-KA02-W303,Westside Mall Circle,South Harbor Port Gate,14.2,60,36,25.0,900.0,0,38,On-Time
TRIP-11087,2024-01-31,17:30:15,BUS-105,Westside Mall ⇄ Harbor Port,Bus,BUS-KA02-W308,Westside Mall Circle,South Harbor Port Gate,14.2,60,64,25.0,1600.0,8,44,Moderate Delay
TRIP-11088,2024-01-31,09:45:00,BUS-110,University Campus ⇄ City Center,Bus,BUS-KA02-U408,State University North Gate,City Commercial Center,11.0,60,57,20.0,1140.0,12,39,Moderate Delay
TRIP-11089,2024-01-31,16:50:45,BUS-110,University Campus ⇄ City Center,Bus,BUS-KA02-U408,State University North Gate,City Commercial Center,11.0,60,40,20.0,800.0,0,32,On-Time
TRIP-11090,2024-01-31,18:15:45,BUS-110,University Campus ⇄ City Center,Bus,BUS-KA02-U401,State University North Gate,City Commercial Center,11.0,60,64,20.0,1280.0,0,32,On-Time
TRIP-11091,2024-01-31,19:10:15,BUS-110,University Campus ⇄ City Center,Bus,BUS-KA02-U402,State University North Gate,City Commercial Center,11.0,60,57,20.0,1140.0,0,32,On-Time
TRIP-11092,2024-01-31,06:20:00,METRO-BLU,Metro Blue Line: North Ridge ⇄ Tech Valley,Metro,METRO-B-01,North Ridge Terminal,Tech Valley Central,24.5,320,97,45.0,4365.0,0,35,On-Time
TRIP-11093,2024-01-31,08:10:45,METRO-BLU,Metro Blue Line: North Ridge ⇄ Tech Valley,Metro,METRO-B-07,North Ridge Terminal,Tech Valley Central,24.5,320,345,45.0,15525.0,1,35,On-Time
TRIP-11094,2024-01-31,11:20:15,METRO-BLU,Metro Blue Line: North Ridge ⇄ Tech Valley,Metro,METRO-B-01,North Ridge Terminal,Tech Valley Central,24.5,320,193,45.0,8685.0,2,36,On-Time
TRIP-11095,2024-01-31,13:00:30,METRO-BLU,Metro Blue Line: North Ridge ⇄ Tech Valley,Metro,METRO-B-02,North Ridge Terminal,Tech Valley Central,24.5,320,203,45.0,9135.0,0,35,On-Time
TRIP-11096,2024-01-31,14:15:15,METRO-BLU,Metro Blue Line: North Ridge ⇄ Tech Valley,Metro,METRO-B-06,North Ridge Terminal,Tech Valley Central,24.5,320,156,45.0,7020.0,0,35,On-Time
TRIP-11097,2024-01-31,20:20:15,METRO-BLU,Metro Blue Line: North Ridge ⇄ Tech Valley,Metro,METRO-B-04,North Ridge Terminal,Tech Valley Central,24.5,320,295,45.0,13275.0,0,35,On-Time
TRIP-11098,2024-01-31,08:00:45,METRO-RED,Metro Red Line: East Suburb ⇄ Financial District,Metro,METRO-R-02,East Suburb Terminal,Financial District Hub,21.0,320,345,40.0,13800.0,4,32,Moderate Delay
TRIP-11099,2024-01-31,09:30:30,METRO-RED,Metro Red Line: East Suburb ⇄ Financial District,Metro,METRO-R-10,East Suburb Terminal,Financial District Hub,21.0,320,313,40.0,12520.0,0,30,On-Time
TRIP-11100,2024-01-31,11:50:00,METRO-RED,Metro Red Line: East Suburb ⇄ Financial District,Metro,METRO-R-10,East Suburb Terminal,Financial District Hub,21.0,320,221,40.0,8840.0,0,30,On-Time
TRIP-11101,2024-01-31,17:15:30,METRO-RED,Metro Red Line: East Suburb ⇄ Financial District,Metro,METRO-R-07,East Suburb Terminal,Financial District Hub,21.0,320,345,40.0,13800.0,0,30,On-Time
TRIP-11102,2024-01-31,08:40:45,RAIL-CST,Suburban Rail: Coast Line ⇄ Old City Junction,Suburban Rail,RAIL-EMU-505,Coastal Harbor Junction,Old City Main Junction,38.0,750,674,25.0,16850.0,21,69,Major Delay
TRIP-11103,2024-01-31,10:20:00,RAIL-CST,Suburban Rail: Coast Line ⇄ Old City Junction,Suburban Rail,RAIL-EMU-503,Coastal Harbor Junction,Old City Main Junction,38.0,750,627,25.0,15675.0,0,55,On-Time
TRIP-11104,2024-01-31,16:20:45,RAIL-CST,Suburban Rail: Coast Line ⇄ Old City Junction,Suburban Rail,RAIL-EMU-503,Coastal Harbor Junction,Old City Main Junction,38.0,750,682,25.0,17050.0,0,55,On-Time
TRIP-11105,2024-01-31,21:50:30,RAIL-CST,Suburban Rail: Coast Line ⇄ Old City Junction,Suburban Rail,RAIL-EMU-502,Coastal Harbor Junction,Old City Main Junction,38.0,750,322,25.0,8050.0,0,55,On-Time
TRIP-11106,2024-01-31,08:40:00,RAIL-EXT,Suburban Rail: Industrial Corridor ⇄ South Terminal,Suburban Rail,RAIL-EMU-603,Northern Industrial Zone,South Terminal Intermodal,42.5,750,810,30.0,24300.0,0,65,On-Time
TRIP-11107,2024-01-31,10:00:15,RAIL-EXT,Suburban Rail: Industrial Corridor ⇄ South Terminal,Suburban Rail,RAIL-EMU-601,Northern Industrial Zone,South Terminal Intermodal,42.5,750,800,30.0,24000.0,10,70,Moderate Delay
TRIP-11108,2024-01-31,16:20:15,RAIL-EXT,Suburban Rail: Industrial Corridor ⇄ South Terminal,Suburban Rail,RAIL-EMU-604,Northern Industrial Zone,South Terminal Intermodal,42.5,750,645,30.0,19350.0,0,65,On-Time
TRIP-11109,2024-01-31,20:00:00,RAIL-EXT,Suburban Rail: Industrial Corridor ⇄ South Terminal,Suburban Rail,RAIL-EMU-602,Northern Industrial Zone,South Terminal Intermodal,42.5,750,678,30.0,20340.0,4,67,Moderate Delay
TRIP-11110,2024-01-31,08:20:15,BRTS-01,BRTS Ring Corridor: Outer Express,BRTS,BRTS-OR-04,East Ring Hub,West Ring Hub,18.0,85,91,35.0,3185.0,33,52,Major Delay
TRIP-11111,2024-01-31,10:20:45,BRTS-01,BRTS Ring Corridor: Outer Express,BRTS,BRTS-OR-04,East Ring Hub,West Ring Hub,18.0,85,69,35.0,2415.0,22,48,Major Delay
TRIP-11112,2024-01-31,21:30:45,BRTS-01,BRTS Ring Corridor: Outer Express,BRTS,BRTS-OR-03,East Ring Hub,West Ring Hub,18.0,85,34,35.0,1190.0,0,32,On-Time
TRIP-11113,2024-02-01,14:45:15,BUS-101,Central Station ⇄ IT Tech Park,Bus,BUS-KA01-E107,Central Railway Station,Cyber City Tech Park,16.5,60,40,30.0,1200.0,0,45,On-Time
TRIP-11114,2024-02-01,15:45:00,BUS-101,Central Station ⇄ IT Tech Park,Bus,BUS-KA01-E103,Central Railway Station,Cyber City Tech Park,16.5,60,44,30.0,1320.0,0,45,On-Time
TRIP-11115,2024-02-01,19:15:30,BUS-101,Central Station ⇄ IT Tech Park,Bus,BUS-KA01-E110,Central Railway Station,Cyber City Tech Park,16.5,60,59,30.0,1770.0,22,59,Major Delay
TRIP-11116,2024-02-01,20:50:00,BUS-101,Central Station ⇄ IT Tech Park,Bus,BUS-KA01-E104,Central Railway Station,Cyber City Tech Park,16.5,60,44,30.0,1320.0,0,45,On-Time
TRIP-11117,2024-02-01,06:45:45,BUS-102,Airport Express ⇄ Downtown Terminal,Bus,BUS-KA01-A208,International Airport Terminal 2,Downtown Central Terminal,28.0,50,15,90.0,1350.0,0,60,On-Time
TRIP-11118,2024-02-01,13:30:00,BUS-102,Airport Express ⇄ Downtown Terminal,Bus,BUS-KA01-A203,International Airport Terminal 2,Downtown Central Terminal,28.0,50,27,90.0,2430.0,2,61,On-Time
TRIP-11119,2024-02-01,17:20:45,BUS-102,Airport Express ⇄ Downtown Terminal,Bus,BUS-KA01-A206,International Airport Terminal 2,Downtown Central Terminal,28.0,50,54,90.0,4860.0,0,60,On-Time
TRIP-11120,2024-02-01,06:45:45,BUS-105,Westside Mall ⇄ Harbor Port,Bus,BUS-KA02-W306,Westside Mall Circle,South Harbor Port Gate,14.2,60,17,25.0,425.0,1,38,On-Time
TRIP-11121,2024-02-01,16:00:15,BUS-105,Westside Mall ⇄ Harbor Port,Bus,BUS-KA02-W305,Westside Mall Circle,South Harbor Port Gate,14.2,60,44,25.0,1100.0,0,38,On-Time
TRIP-11122,2024-02-01,17:20:15,BUS-105,Westside Mall ⇄ Harbor Port,Bus,BUS-KA02-W307,Westside Mall Circle,South Harbor Port Gate,14.2,60,54,25.0,1350.0,0,38,On-Time
TRIP-11123,2024-02-01,21:45:00,BUS-105,Westside Mall ⇄ Harbor Port,Bus,BUS-KA02-W307,Westside Mall Circle,South Harbor Port Gate,14.2,60,29,25.0,725.0,7,41,Moderate Delay
TRIP-11124,2024-02-01,22:30:30,BUS-105,Westside Mall ⇄ Harbor Port,Bus,BUS-KA02-W305,Westside Mall Circle,South Harbor Port Gate,14.2,60,18,25.0,450.0,0,38,On-Time
TRIP-11125,2024-02-01,07:40:15,BUS-110,University Campus ⇄ City Center,Bus,BUS-KA02-U401,State University North Gate,City Commercial Center,11.0,60,28,20.0,560.0,7,37,Moderate Delay
TRIP-11126,2024-02-01,08:15:45,BUS-110,University Campus ⇄ City Center,Bus,BUS-KA02-U405,State University North Gate,City Commercial Center,11.0,60,52,20.0,1040.0,30,53,Major Delay
TRIP-11127,2024-02-01,15:45:15,BUS-110,University Campus ⇄ City Center,Bus,BUS-KA02-U403,State University North Gate,City Commercial Center,11.0,60,35,20.0,700.0,3,33,On-Time
TRIP-11128,2024-02-01,16:10:45,BUS-110,University Campus ⇄ City Center,Bus,BUS-KA02-U403,State University North Gate,City Commercial Center,11.0,60,50,20.0,1000.0,4,34,Moderate Delay
TRIP-11129,2024-02-01,19:20:30,BUS-110,University Campus ⇄ City Center,Bus,BUS-KA02-U402,State University North Gate,City Commercial Center,11.0,60,64,20.0,1280.0,0,32,On-Time
TRIP-11130,2024-02-01,07:30:00,METRO-BLU,Metro Blue Line: North Ridge ⇄ Tech Valley,Metro,METRO-B-02,North Ridge Terminal,Tech Valley Central,24.5,320,157,45.0,7065.0,0,35,On-Time
TRIP-11131,2024-02-01,08:00:00,METRO-BLU,Metro Blue Line: North Ridge ⇄ Tech Valley,Metro,METRO-B-01,North Ridge Terminal,Tech Valley Central,24.5,320,315,45.0,14175.0,0,35,On-Time
TRIP-11132,2024-02-01,10:10:15,METRO-BLU,Metro Blue Line: North Ridge ⇄ Tech Valley,Metro,METRO-B-08,North Ridge Terminal,Tech Valley Central,24.5,320,302,45.0,13590.0,5,39,Moderate Delay
TRIP-11133,2024-02-01,11:40:45,METRO-BLU,Metro Blue Line: North Ridge ⇄ Tech Valley,Metro,METRO-B-06,North Ridge Terminal,Tech Valley Central,24.5,320,190,45.0,8550.0,0,35,On-Time
TRIP-11134,2024-02-01,12:20:30,METRO-BLU,Metro Blue Line: North Ridge ⇄ Tech Valley,Metro,METRO-B-06,North Ridge Terminal,Tech Valley Central,24.5,320,204,45.0,9180.0,0,35,On-Time
TRIP-11135,2024-02-01,19:40:00,METRO-BLU,Metro Blue Line: North Ridge ⇄ Tech Valley,Metro,METRO-B-03,North Ridge Terminal,Tech Valley Central,24.5,320,269,45.0,12105.0,0,35,On-Time
TRIP-11136,2024-02-01,09:20:30,METRO-RED,Metro Red Line: East Suburb ⇄ Financial District,Metro,METRO-R-09,East Suburb Terminal,Financial District Hub,21.0,320,345,40.0,13800.0,0,30,On-Time
TRIP-11137,2024-02-01,14:45:15,METRO-RED,Metro Red Line: East Suburb ⇄ Financial District,Metro,METRO-R-06,East Suburb Terminal,Financial District Hub,21.0,320,153,40.0,6120.0,0,30,On-Time
TRIP-11138,2024-02-01,17:00:30,METRO-RED,Metro Red Line: East Suburb ⇄ Financial District,Metro,METRO-R-08,East Suburb Terminal,Financial District Hub,21.0,320,345,40.0,13800.0,0,30,On-Time
TRIP-11139,2024-02-01,18:20:45,METRO-RED,Metro Red Line: East Suburb ⇄ Financial District,Metro,METRO-R-07,East Suburb Terminal,Financial District Hub,21.0,320,345,40.0,13800.0,0,30,On-Time
TRIP-11140,2024-02-01,09:20:15,RAIL-CST,Suburban Rail: Coast Line ⇄ Old City Junction,Suburban Rail,RAIL-EMU-506,Coastal Harbor Junction,Old City Main Junction,38.0,750,810,25.0,20250.0,0,55,On-Time
TRIP-11141,2024-02-01,10:00:15,RAIL-CST,Suburban Rail: Coast Line ⇄ Old City Junction,Suburban Rail,RAIL-EMU-507,Coastal Harbor Junction,Old City Main Junction,38.0,750,702,25.0,17550.0,24,76,Major Delay
TRIP-11142,2024-02-01,18:50:15,RAIL-CST,Suburban Rail: Coast Line ⇄ Old City Junction,Suburban Rail,RAIL-EMU-505,Coastal Harbor Junction,Old City Main Junction,38.0,750,810,25.0,20250.0,0,55,On-Time
TRIP-11143,2024-02-01,12:15:00,RAIL-EXT,Suburban Rail: Industrial Corridor ⇄ South Terminal,Suburban Rail,RAIL-EMU-603,Northern Industrial Zone,South Terminal Intermodal,42.5,750,378,30.0,11340.0,0,65,On-Time
TRIP-11144,2024-02-01,13:45:30,RAIL-EXT,Suburban Rail: Industrial Corridor ⇄ South Terminal,Suburban Rail,RAIL-EMU-606,Northern Industrial Zone,South Terminal Intermodal,42.5,750,374,30.0,11220.0,0,65,On-Time
TRIP-11145,2024-02-01,07:40:15,BRTS-01,BRTS Ring Corridor: Outer Express,BRTS,BRTS-OR-06,East Ring Hub,West Ring Hub,18.0,85,52,35.0,1820.0,0,32,On-Time
TRIP-11146,2024-02-01,10:45:45,BRTS-01,BRTS Ring Corridor: Outer Express,BRTS,BRTS-OR-07,East Ring Hub,West Ring Hub,18.0,85,84,35.0,2940.0,0,32,On-Time
TRIP-11147,2024-02-01,21:20:15,BRTS-01,BRTS Ring Corridor: Outer Express,BRTS,BRTS-OR-06,East Ring Hub,West Ring Hub,18.0,85,37,35.0,1295.0,0,32,On-Time
TRIP-11148,2024-02-02,08:40:45,BUS-101,Central Station ⇄ IT Tech Park,Bus,BUS-KA01-E104,Central Railway Station,Cyber City Tech Park,16.5,60,64,30.0,1920.0,7,50,Moderate Delay
TRIP-11149,2024-02-02,09:45:45,BUS-101,Central Station ⇄ IT Tech Park,Bus,BUS-KA01-E110,Central Railway Station,Cyber City Tech Park,16.5,60,64,30.0,1920.0,12,53,Moderate Delay
TRIP-11150,2024-02-02,11:20:00,BUS-101,Central Station ⇄ IT Tech Park,Bus,BUS-KA01-E103,Central Railway Station,Cyber City Tech Park,16.5,60,36,30.0,1080.0,0,45,On-Time
TRIP-11151,2024-02-02,12:30:15,BUS-101,Central Station ⇄ IT Tech Park,Bus,BUS-KA01-E103,Central Railway Station,Cyber City Tech Park,16.5,60,35,30.0,1050.0,0,45,On-Time
TRIP-11152,2024-02-02,15:00:30,BUS-101,Central Station ⇄ IT Tech Park,Bus,BUS-KA01-E110,Central Railway Station,Cyber City Tech Park,16.5,60,37,30.0,1110.0,0,45,On-Time
TRIP-11153,2024-02-02,10:45:00,BUS-102,Airport Express ⇄ Downtown Terminal,Bus,BUS-KA01-A204,International Airport Terminal 2,Downtown Central Terminal,28.0,50,54,90.0,4860.0,17,74,Major Delay
TRIP-11154,2024-02-02,12:00:15,BUS-102,Airport Express ⇄ Downtown Terminal,Bus,BUS-KA01-A203,International Airport Terminal 2,Downtown Central Terminal,28.0,50,34,90.0,3060.0,0,60,On-Time
TRIP-11155,2024-02-02,17:00:45,BUS-102,Airport Express ⇄ Downtown Terminal,Bus,BUS-KA01-A207,International Airport Terminal 2,Downtown Central Terminal,28.0,50,52,90.0,4680.0,0,60,On-Time
TRIP-11156,2024-02-02,21:45:00,BUS-102,Airport Express ⇄ Downtown Terminal,Bus,BUS-KA01-A204,International Airport Terminal 2,Downtown Central Terminal,28.0,50,24,90.0,2160.0,0,60,On-Time
TRIP-11157,2024-02-02,08:00:30,BUS-105,Westside Mall ⇄ Harbor Port,Bus,BUS-KA02-W308,Westside Mall Circle,South Harbor Port Gate,14.2,60,64,25.0,1600.0,12,46,Moderate Delay
TRIP-11158,2024-02-02,09:30:15,BUS-105,Westside Mall ⇄ Harbor Port,Bus,BUS-KA02-W301,Westside Mall Circle,South Harbor Port Gate,14.2,60,63,25.0,1575.0,0,38,On-Time
TRIP-11159,2024-02-02,11:40:00,BUS-105,Westside Mall ⇄ Harbor Port,Bus,BUS-KA02-W307,Westside Mall Circle,South Harbor Port Gate,14.2,60,40,25.0,1000.0,0,38,On-Time
TRIP-11160,2024-02-02,18:15:00,BUS-105,Westside Mall ⇄ Harbor Port,Bus,BUS-KA02-W301,Westside Mall Circle,South Harbor Port Gate,14.2,60,62,25.0,1550.0,0,38,On-Time
TRIP-11161,2024-02-02,22:10:30,BUS-105,Westside Mall ⇄ Harbor Port,Bus,BUS-KA02-W307,Westside Mall Circle,South Harbor Port Gate,14.2,60,18,25.0,450.0,0,38,On-Time
TRIP-11162,2024-02-02,07:45:45,BUS-110,University Campus ⇄ City Center,Bus,BUS-KA02-U407,State University North Gate,City Commercial Center,11.0,60,29,20.0,580.0,0,32,On-Time
TRIP-11163,2024-02-02,09:10:45,BUS-110,University Campus ⇄ City Center,Bus,BUS-KA02-U408,State University North Gate,City Commercial Center,11.0,60,64,20.0,1280.0,0,32,On-Time
TRIP-11164,2024-02-02,21:40:00,BUS-110,University Campus ⇄ City Center,Bus,BUS-KA02-U409,State University North Gate,City Commercial Center,11.0,60,24,20.0,480.0,8,38,Moderate Delay
TRIP-11165,2024-02-02,06:10:15,METRO-BLU,Metro Blue Line: North Ridge ⇄ Tech Valley,Metro,METRO-B-05,North Ridge Terminal,Tech Valley Central,24.5,320,80,45.0,3600.0,0,35,On-Time
TRIP-11166,2024-02-02,10:15:00,METRO-BLU,Metro Blue Line: North Ridge ⇄ Tech Valley,Metro,METRO-B-09,North Ridge Terminal,Tech Valley Central,24.5,320,279,45.0,12555.0,0,35,On-Time
TRIP-11167,2024-02-02,17:15:45,METRO-BLU,Metro Blue Line: North Ridge ⇄ Tech Valley,Metro,METRO-B-10,North Ridge Terminal,Tech Valley Central,24.5,320,345,45.0,15525.0,8,39,Moderate Delay
TRIP-11168,2024-02-02,21:10:15,METRO-BLU,Metro Blue Line: North Ridge ⇄ Tech Valley,Metro,METRO-B-10,North Ridge Terminal,Tech Valley Central,24.5,320,185,45.0,8325.0,0,35,On-Time
TRIP-11169,2024-02-02,06:10:00,METRO-RED,Metro Red Line: East Suburb ⇄ Financial District,Metro,METRO-R-05,East Suburb Terminal,Financial District Hub,21.0,320,71,40.0,2840.0,3,31,On-Time
TRIP-11170,2024-02-02,11:00:00,METRO-RED,Metro Red Line: East Suburb ⇄ Financial District,Metro,METRO-R-09,East Suburb Terminal,Financial District Hub,21.0,320,243,40.0,9720.0,0,30,On-Time
TRIP-11171,2024-02-02,13:15:45,METRO-RED,Metro Red Line: East Suburb ⇄ Financial District,Metro,METRO-R-01,East Suburb Terminal,Financial District Hub,21.0,320,214,40.0,8560.0,0,30,On-Time
TRIP-11172,2024-02-02,14:30:45,METRO-RED,Metro Red Line: East Suburb ⇄ Financial District,Metro,METRO-R-06,East Suburb Terminal,Financial District Hub,21.0,320,164,40.0,6560.0,0,30,On-Time
TRIP-11173,2024-02-02,18:20:00,METRO-RED,Metro Red Line: East Suburb ⇄ Financial District,Metro,METRO-R-05,East Suburb Terminal,Financial District Hub,21.0,320,345,40.0,13800.0,1,30,On-Time
TRIP-11174,2024-02-02,22:20:15,METRO-RED,Metro Red Line: East Suburb ⇄ Financial District,Metro,METRO-R-10,East Suburb Terminal,Financial District Hub,21.0,320,99,40.0,3960.0,6,33,Moderate Delay
TRIP-11175,2024-02-02,08:45:15,RAIL-CST,Suburban Rail: Coast Line ⇄ Old City Junction,Suburban Rail,RAIL-EMU-506,Coastal Harbor Junction,Old City Main Junction,38.0,750,783,25.0,19575.0,11,63,Moderate Delay
TRIP-11176,2024-02-02,10:15:15,RAIL-CST,Suburban Rail: Coast Line ⇄ Old City Junction,Suburban Rail,RAIL-EMU-506,Coastal Harbor Junction,Old City Main Junction,38.0,750,582,25.0,14550.0,0,55,On-Time
TRIP-11177,2024-02-02,14:20:30,RAIL-CST,Suburban Rail: Coast Line ⇄ Old City Junction,Suburban Rail,RAIL-EMU-502,Coastal Harbor Junction,Old City Main Junction,38.0,750,461,25.0,11525.0,0,55,On-Time
TRIP-11178,2024-02-02,10:45:45,RAIL-EXT,Suburban Rail: Industrial Corridor ⇄ South Terminal,Suburban Rail,RAIL-EMU-601,Northern Industrial Zone,South Terminal Intermodal,42.5,750,569,30.0,17070.0,0,65,On-Time
TRIP-11179,2024-02-02,16:10:45,RAIL-EXT,Suburban Rail: Industrial Corridor ⇄ South Terminal,Suburban Rail,RAIL-EMU-603,Northern Industrial Zone,South Terminal Intermodal,42.5,750,511,30.0,15330.0,0,65,On-Time
TRIP-11180,2024-02-02,18:30:15,RAIL-EXT,Suburban Rail: Industrial Corridor ⇄ South Terminal,Suburban Rail,RAIL-EMU-602,Northern Industrial Zone,South Terminal Intermodal,42.5,750,810,30.0,24300.0,3,66,On-Time
TRIP-11181,2024-02-02,08:30:45,BRTS-01,BRTS Ring Corridor: Outer Express,BRTS,BRTS-OR-02,East Ring Hub,West Ring Hub,18.0,85,77,35.0,2695.0,22,47,Major Delay
TRIP-11182,2024-02-02,09:00:15,BRTS-01,BRTS Ring Corridor: Outer Express,BRTS,BRTS-OR-07,East Ring Hub,West Ring Hub,18.0,85,91,35.0,3185.0,0,32,On-Time
TRIP-11183,2024-02-02,14:50:15,BRTS-01,BRTS Ring Corridor: Outer Express,BRTS,BRTS-OR-03,East Ring Hub,West Ring Hub,18.0,85,46,35.0,1610.0,0,32,On-Time
TRIP-11184,2024-02-02,22:15:45,BRTS-01,BRTS Ring Corridor: Outer Express,BRTS,BRTS-OR-06,East Ring Hub,West Ring Hub,18.0,85,26,35.0,910.0,0,32,On-Time
TRIP-11185,2024-02-03,08:50:30,BUS-101,Central Station ⇄ IT Tech Park,Bus,BUS-KA01-E109,Central Railway Station,Cyber City Tech Park,16.5,60,54,30.0,1620.0,21,63,Major Delay
TRIP-11186,2024-02-03,13:20:30,BUS-101,Central Station ⇄ IT Tech Park,Bus,BUS-KA01-E106,Central Railway Station,Cyber City Tech Park,16.5,60,26,30.0,780.0,5,48,Moderate Delay
TRIP-11187,2024-02-03,17:10:00,BUS-101,Central Station ⇄ IT Tech Park,Bus,BUS-KA01-E101,Central Railway Station,Cyber City Tech Park,16.5,60,42,30.0,1260.0,9,50,Moderate Delay
TRIP-11188,2024-02-03,19:10:30,BUS-101,Central Station ⇄ IT Tech Park,Bus,BUS-KA01-E107,Central Railway Station,Cyber City Tech Park,16.5,60,48,30.0,1440.0,4,48,Moderate Delay
TRIP-11189,2024-02-03,22:15:45,BUS-101,Central Station ⇄ IT Tech Park,Bus,BUS-KA01-E109,Central Railway Station,Cyber City Tech Park,16.5,60,13,30.0,390.0,0,45,On-Time
TRIP-11190,2024-02-03,06:00:45,BUS-102,Airport Express ⇄ Downtown Terminal,Bus,BUS-KA01-A209,International Airport Terminal 2,Downtown Central Terminal,28.0,50,10,90.0,900.0,0,60,On-Time
TRIP-11191,2024-02-03,09:00:45,BUS-102,Airport Express ⇄ Downtown Terminal,Bus,BUS-KA01-A209,International Airport Terminal 2,Downtown Central Terminal,28.0,50,53,90.0,4770.0,0,60,On-Time
TRIP-11192,2024-02-03,15:20:15,BUS-102,Airport Express ⇄ Downtown Terminal,Bus,BUS-KA01-A201,International Airport Terminal 2,Downtown Central Terminal,28.0,50,21,90.0,1890.0,0,60,On-Time
TRIP-11193,2024-02-03,18:45:45,BUS-102,Airport Express ⇄ Downtown Terminal,Bus,BUS-KA01-A204,International Airport Terminal 2,Downtown Central Terminal,28.0,50,44,90.0,3960.0,11,66,Moderate Delay
TRIP-11194,2024-02-03,22:10:30,BUS-102,Airport Express ⇄ Downtown Terminal,Bus,BUS-KA01-A207,International Airport Terminal 2,Downtown Central Terminal,28.0,50,10,90.0,900.0,0,60,On-Time
TRIP-11195,2024-02-03,07:50:45,BUS-105,Westside Mall ⇄ Harbor Port,Bus,BUS-KA02-W306,Westside Mall Circle,South Harbor Port Gate,14.2,60,19,25.0,475.0,8,43,Moderate Delay
TRIP-11196,2024-02-03,15:10:00,BUS-105,Westside Mall ⇄ Harbor Port,Bus,BUS-KA02-W301,Westside Mall Circle,South Harbor Port Gate,14.2,60,28,25.0,700.0,0,38,On-Time
TRIP-11197,2024-02-03,20:10:45,BUS-105,Westside Mall ⇄ Harbor Port,Bus,BUS-KA02-W307,Westside Mall Circle,South Harbor Port Gate,14.2,60,35,25.0,875.0,9,45,Moderate Delay
TRIP-11198,2024-02-03,06:30:15,BUS-110,University Campus ⇄ City Center,Bus,BUS-KA02-U403,State University North Gate,City Commercial Center,11.0,60,12,20.0,240.0,0,32,On-Time
TRIP-11199,2024-02-03,08:30:00,BUS-110,University Campus ⇄ City Center,Bus,BUS-KA02-U403,State University North Gate,City Commercial Center,11.0,60,58,20.0,1160.0,0,32,On-Time
TRIP-11200,2024-02-03,21:40:45,BUS-110,University Campus ⇄ City Center,Bus,BUS-KA02-U402,State University North Gate,City Commercial Center,11.0,60,17,20.0,340.0,0,32,On-Time
TRIP-11201,2024-02-03,07:45:30,METRO-BLU,Metro Blue Line: North Ridge ⇄ Tech Valley,Metro,METRO-B-05,North Ridge Terminal,Tech Valley Central,24.5,320,146,45.0,6570.0,4,38,Moderate Delay
TRIP-11202,2024-02-03,08:10:45,METRO-BLU,Metro Blue Line: North Ridge ⇄ Tech Valley,Metro,METRO-B-07,North Ridge Terminal,Tech Valley Central,24.5,320,259,45.0,11655.0,3,36,On-Time
TRIP-11203,2024-02-03,12:45:15,METRO-BLU,Metro Blue Line: North Ridge ⇄ Tech Valley,Metro,METRO-B-06,North Ridge Terminal,Tech Valley Central,24.5,320,121,45.0,5445.0,1,35,On-Time
TRIP-11204,2024-02-03,15:00:15,METRO-BLU,Metro Blue Line: North Ridge ⇄ Tech Valley,Metro,METRO-B-10,North Ridge Terminal,Tech Valley Central,24.5,320,132,45.0,5940.0,0,35,On-Time
TRIP-11205,2024-02-03,06:10:45,METRO-RED,Metro Red Line: East Suburb ⇄ Financial District,Metro,METRO-R-05,East Suburb Terminal,Financial District Hub,21.0,320,64,40.0,2560.0,9,35,Moderate Delay
TRIP-11206,2024-02-03,10:10:30,METRO-RED,Metro Red Line: East Suburb ⇄ Financial District,Metro,METRO-R-02,East Suburb Terminal,Financial District Hub,21.0,320,269,40.0,10760.0,7,34,Moderate Delay
TRIP-11207,2024-02-03,13:15:15,METRO-RED,Metro Red Line: East Suburb ⇄ Financial District,Metro,METRO-R-04,East Suburb Terminal,Financial District Hub,21.0,320,161,40.0,6440.0,0,30,On-Time
TRIP-11208,2024-02-03,19:10:15,METRO-RED,Metro Red Line: East Suburb ⇄ Financial District,Metro,METRO-R-07,East Suburb Terminal,Financial District Hub,21.0,320,242,40.0,9680.0,4,33,Moderate Delay
TRIP-11209,2024-02-03,20:00:15,METRO-RED,Metro Red Line: East Suburb ⇄ Financial District,Metro,METRO-R-04,East Suburb Terminal,Financial District Hub,21.0,320,158,40.0,6320.0,7,34,Moderate Delay
TRIP-11210,2024-02-03,21:20:30,METRO-RED,Metro Red Line: East Suburb ⇄ Financial District,Metro,METRO-R-05,East Suburb Terminal,Financial District Hub,21.0,320,113,40.0,4520.0,7,35,Moderate Delay
TRIP-11211,2024-02-03,14:30:30,RAIL-CST,Suburban Rail: Coast Line ⇄ Old City Junction,Suburban Rail,RAIL-EMU-501,Coastal Harbor Junction,Old City Main Junction,38.0,750,366,25.0,9150.0,1,55,On-Time
TRIP-11212,2024-02-03,17:00:30,RAIL-CST,Suburban Rail: Coast Line ⇄ Old City Junction,Suburban Rail,RAIL-EMU-502,Coastal Harbor Junction,Old City Main Junction,38.0,750,559,25.0,13975.0,22,66,Major Delay
TRIP-11213,2024-02-03,11:30:00,RAIL-EXT,Suburban Rail: Industrial Corridor ⇄ South Terminal,Suburban Rail,RAIL-EMU-602,Northern Industrial Zone,South Terminal Intermodal,42.5,750,300,30.0,9000.0,9,72,Moderate Delay
TRIP-11214,2024-02-03,17:40:30,RAIL-EXT,Suburban Rail: Industrial Corridor ⇄ South Terminal,Suburban Rail,RAIL-EMU-603,Northern Industrial Zone,South Terminal Intermodal,42.5,750,693,30.0,20790.0,21,79,Major Delay
TRIP-11215,2024-02-03,21:20:30,RAIL-EXT,Suburban Rail: Industrial Corridor ⇄ South Terminal,Suburban Rail,RAIL-EMU-602,Northern Industrial Zone,South Terminal Intermodal,42.5,750,242,30.0,7260.0,0,65,On-Time
TRIP-11216,2024-02-03,07:20:45,BRTS-01,BRTS Ring Corridor: Outer Express,BRTS,BRTS-OR-05,East Ring Hub,West Ring Hub,18.0,85,39,35.0,1365.0,9,38,Moderate Delay
TRIP-11217,2024-02-03,09:50:15,BRTS-01,BRTS Ring Corridor: Outer Express,BRTS,BRTS-OR-05,East Ring Hub,West Ring Hub,18.0,85,77,35.0,2695.0,12,38,Moderate Delay
TRIP-11218,2024-02-03,15:40:30,BRTS-01,BRTS Ring Corridor: Outer Express,BRTS,BRTS-OR-02,East Ring Hub,West Ring Hub,18.0,85,42,35.0,1470.0,0,32,On-Time
TRIP-11219,2024-02-03,16:50:45,BRTS-01,BRTS Ring Corridor: Outer Express,BRTS,BRTS-OR-03,East Ring Hub,West Ring Hub,18.0,85,53,35.0,1855.0,0,32,On-Time
TRIP-11220,2024-02-03,22:30:15,BRTS-01,BRTS Ring Corridor: Outer Express,BRTS,BRTS-OR-04,East Ring Hub,West Ring Hub,18.0,85,17,35.0,595.0,0,32,On-Time
TRIP-11221,2024-02-04,14:10:15,BUS-101,Central Station ⇄ IT Tech Park,Bus,BUS-KA01-E107,Central Railway Station,Cyber City Tech Park,16.5,60,26,30.0,780.0,0,45,On-Time
TRIP-11222,2024-02-04,16:45:30,BUS-101,Central Station ⇄ IT Tech Park,Bus,BUS-KA01-E101,Central Railway Station,Cyber City Tech Park,16.5,60,32,30.0,960.0,10,50,Moderate Delay
TRIP-11223,2024-02-04,18:50:30,BUS-101,Central Station ⇄ IT Tech Park,Bus,BUS-KA01-E103,Central Railway Station,Cyber City Tech Park,16.5,60,51,30.0,1530.0,21,60,Major Delay
TRIP-11224,2024-02-04,19:20:00,BUS-101,Central Station ⇄ IT Tech Park,Bus,BUS-KA01-E105,Central Railway Station,Cyber City Tech Park,16.5,60,47,30.0,1410.0,13,56,Moderate Delay
TRIP-11225,2024-02-04,21:15:30,BUS-101,Central Station ⇄ IT Tech Park,Bus,BUS-KA01-E104,Central Railway Station,Cyber City Tech Park,16.5,60,25,30.0,750.0,4,48,Moderate Delay
TRIP-11226,2024-02-04,06:40:30,BUS-102,Airport Express ⇄ Downtown Terminal,Bus,BUS-KA01-A203,International Airport Terminal 2,Downtown Central Terminal,28.0,50,10,90.0,900.0,0,60,On-Time
TRIP-11227,2024-02-04,09:45:30,BUS-102,Airport Express ⇄ Downtown Terminal,Bus,BUS-KA01-A204,International Airport Terminal 2,Downtown Central Terminal,28.0,50,41,90.0,3690.0,4,63,Moderate Delay
TRIP-11228,2024-02-04,11:30:15,BUS-102,Airport Express ⇄ Downtown Terminal,Bus,BUS-KA01-A207,International Airport Terminal 2,Downtown Central Terminal,28.0,50,21,90.0,1890.0,10,65,Moderate Delay
TRIP-11229,2024-02-04,16:30:15,BUS-102,Airport Express ⇄ Downtown Terminal,Bus,BUS-KA01-A207,International Airport Terminal 2,Downtown Central Terminal,28.0,50,34,90.0,3060.0,5,62,Moderate Delay
TRIP-11230,2024-02-04,20:15:45,BUS-102,Airport Express ⇄ Downtown Terminal,Bus,BUS-KA01-A208,International Airport Terminal 2,Downtown Central Terminal,28.0,50,26,90.0,2340.0,0,60,On-Time
TRIP-11231,2024-02-04,11:15:15,BUS-105,Westside Mall ⇄ Harbor Port,Bus,BUS-KA02-W305,Westside Mall Circle,South Harbor Port Gate,14.2,60,25,25.0,625.0,0,38,On-Time
TRIP-11232,2024-02-04,13:00:30,BUS-105,Westside Mall ⇄ Harbor Port,Bus,BUS-KA02-W304,Westside Mall Circle,South Harbor Port Gate,14.2,60,21,25.0,525.0,7,43,Moderate Delay
TRIP-11233,2024-02-04,21:10:15,BUS-105,Westside Mall ⇄ Harbor Port,Bus,BUS-KA02-W309,Westside Mall Circle,South Harbor Port Gate,14.2,60,18,25.0,450.0,7,41,Moderate Delay
TRIP-11234,2024-02-04,06:45:00,BUS-110,University Campus ⇄ City Center,Bus,BUS-KA02-U402,State University North Gate,City Commercial Center,11.0,60,12,20.0,240.0,1,32,On-Time
TRIP-11235,2024-02-04,09:30:15,BUS-110,University Campus ⇄ City Center,Bus,BUS-KA02-U401,State University North Gate,City Commercial Center,11.0,60,63,20.0,1260.0,0,32,On-Time
TRIP-11236,2024-02-04,12:10:30,BUS-110,University Campus ⇄ City Center,Bus,BUS-KA02-U408,State University North Gate,City Commercial Center,11.0,60,30,20.0,600.0,3,34,On-Time
TRIP-11237,2024-02-04,08:20:00,METRO-BLU,Metro Blue Line: North Ridge ⇄ Tech Valley,Metro,METRO-B-01,North Ridge Terminal,Tech Valley Central,24.5,320,265,45.0,11925.0,2,36,On-Time
TRIP-11238,2024-02-04,13:10:30,METRO-BLU,Metro Blue Line: North Ridge ⇄ Tech Valley,Metro,METRO-B-01,North Ridge Terminal,Tech Valley Central,24.5,320,113,45.0,5085.0,0,35,On-Time
TRIP-11239,2024-02-04,15:20:00,METRO-BLU,Metro Blue Line: North Ridge ⇄ Tech Valley,Metro,METRO-B-05,North Ridge Terminal,Tech Valley Central,24.5,320,144,45.0,6480.0,0,35,On-Time
TRIP-11240,2024-02-04,16:20:45,METRO-BLU,Metro Blue Line: North Ridge ⇄ Tech Valley,Metro,METRO-B-08,North Ridge Terminal,Tech Valley Central,24.5,320,212,45.0,9540.0,0,35,On-Time
TRIP-11241,2024-02-04,07:40:00,METRO-RED,Metro Red Line: East Suburb ⇄ Financial District,Metro,METRO-R-10,East Suburb Terminal,Financial District Hub,21.0,320,131,40.0,5240.0,2,31,On-Time
TRIP-11242,2024-02-04,09:15:15,METRO-RED,Metro Red Line: East Suburb ⇄ Financial District,Metro,METRO-R-03,East Suburb Terminal,Financial District Hub,21.0,320,279,40.0,11160.0,3,32,On-Time
TRIP-11243,2024-02-04,10:30:30,METRO-RED,Metro Red Line: East Suburb ⇄ Financial District,Metro,METRO-R-05,East Suburb Terminal,Financial District Hub,21.0,320,211,40.0,8440.0,8,36,Moderate Delay
TRIP-11244,2024-02-04,13:10:00,METRO-RED,Metro Red Line: East Suburb ⇄ Financial District,Metro,METRO-R-03,East Suburb Terminal,Financial District Hub,21.0,320,154,40.0,6160.0,0,30,On-Time
TRIP-11245,2024-02-04,10:50:00,RAIL-CST,Suburban Rail: Coast Line ⇄ Old City Junction,Suburban Rail,RAIL-EMU-503,Coastal Harbor Junction,Old City Main Junction,38.0,750,445,25.0,11125.0,11,61,Moderate Delay
TRIP-11246,2024-02-04,13:15:15,RAIL-CST,Suburban Rail: Coast Line ⇄ Old City Junction,Suburban Rail,RAIL-EMU-504,Coastal Harbor Junction,Old City Main Junction,38.0,750,350,25.0,8750.0,0,55,On-Time
TRIP-11247,2024-02-04,18:45:30,RAIL-CST,Suburban Rail: Coast Line ⇄ Old City Junction,Suburban Rail,RAIL-EMU-504,Coastal Harbor Junction,Old City Main Junction,38.0,750,595,25.0,14875.0,0,55,On-Time
TRIP-11248,2024-02-04,14:20:45,RAIL-EXT,Suburban Rail: Industrial Corridor ⇄ South Terminal,Suburban Rail,RAIL-EMU-607,Northern Industrial Zone,South Terminal Intermodal,42.5,750,281,30.0,8430.0,0,65,On-Time
TRIP-11249,2024-02-04,21:20:00,RAIL-EXT,Suburban Rail: Industrial Corridor ⇄ South Terminal,Suburban Rail,RAIL-EMU-604,Northern Industrial Zone,South Terminal Intermodal,42.5,750,245,30.0,7350.0,1,65,On-Time
TRIP-11250,2024-02-04,22:15:00,RAIL-EXT,Suburban Rail: Industrial Corridor ⇄ South Terminal,Suburban Rail,RAIL-EMU-607,Northern Industrial Zone,South Terminal Intermodal,42.5,750,150,30.0,4500.0,0,65,On-Time
TRIP-11251,2024-02-04,08:45:15,BRTS-01,BRTS Ring Corridor: Outer Express,BRTS,BRTS-OR-03,East Ring Hub,West Ring Hub,18.0,85,61,35.0,2135.0,12,38,Moderate Delay
TRIP-11252,2024-02-04,15:45:00,BRTS-01,BRTS Ring Corridor: Outer Express,BRTS,BRTS-OR-02,East Ring Hub,West Ring Hub,18.0,85,46,35.0,1610.0,0,32,On-Time
TRIP-11253,2024-02-04,20:10:45,BRTS-01,BRTS Ring Corridor: Outer Express,BRTS,BRTS-OR-06,East Ring Hub,West Ring Hub,18.0,85,56,35.0,1960.0,0,32,On-Time
TRIP-11254,2024-02-05,07:00:45,BUS-101,Central Station ⇄ IT Tech Park,Bus,BUS-KA01-E105,Central Railway Station,Cyber City Tech Park,16.5,60,27,30.0,810.0,3,47,On-Time
TRIP-11255,2024-02-05,08:50:45,BUS-101,Central Station ⇄ IT Tech Park,Bus,BUS-KA01-E103,Central Railway Station,Cyber City Tech Park,16.5,60,64,30.0,1920.0,4,47,Moderate Delay
TRIP-11256,2024-02-05,13:00:00,BUS-101,Central Station ⇄ IT Tech Park,Bus,BUS-KA01-E107,Central Railway Station,Cyber City Tech Park,16.5,60,35,30.0,1050.0,3,46,On-Time
TRIP-11257,2024-02-05,14:30:15,BUS-102,Airport Express ⇄ Downtown Terminal,Bus,BUS-KA01-A203,International Airport Terminal 2,Downtown Central Terminal,28.0,50,29,90.0,2610.0,2,61,On-Time
TRIP-11258,2024-02-05,15:20:45,BUS-102,Airport Express ⇄ Downtown Terminal,Bus,BUS-KA01-A209,International Airport Terminal 2,Downtown Central Terminal,28.0,50,35,90.0,3150.0,3,62,On-Time
TRIP-11259,2024-02-05,20:10:45,BUS-102,Airport Express ⇄ Downtown Terminal,Bus,BUS-KA01-A207,International Airport Terminal 2,Downtown Central Terminal,28.0,50,39,90.0,3510.0,0,60,On-Time
TRIP-11260,2024-02-05,21:15:00,BUS-102,Airport Express ⇄ Downtown Terminal,Bus,BUS-KA01-A202,International Airport Terminal 2,Downtown Central Terminal,28.0,50,27,90.0,2430.0,0,60,On-Time
TRIP-11261,2024-02-05,22:10:00,BUS-102,Airport Express ⇄ Downtown Terminal,Bus,BUS-KA01-A204,International Airport Terminal 2,Downtown Central Terminal,28.0,50,14,90.0,1260.0,0,60,On-Time
TRIP-11262,2024-02-05,07:00:30,BUS-105,Westside Mall ⇄ Harbor Port,Bus,BUS-KA02-W302,Westside Mall Circle,South Harbor Port Gate,14.2,60,27,25.0,675.0,1,38,On-Time
TRIP-11263,2024-02-05,09:00:45,BUS-105,Westside Mall ⇄ Harbor Port,Bus,BUS-KA02-W306,Westside Mall Circle,South Harbor Port Gate,14.2,60,58,25.0,1450.0,23,49,Major Delay
TRIP-11264,2024-02-05,11:30:45,BUS-105,Westside Mall ⇄ Harbor Port,Bus,BUS-KA02-W306,Westside Mall Circle,South Harbor Port Gate,14.2,60,38,25.0,950.0,0,38,On-Time
TRIP-11265,2024-02-05,21:15:00,BUS-105,Westside Mall ⇄ Harbor Port,Bus,BUS-KA02-W309,Westside Mall Circle,South Harbor Port Gate,14.2,60,27,25.0,675.0,0,38,On-Time
TRIP-11266,2024-02-05,06:00:30,BUS-110,University Campus ⇄ City Center,Bus,BUS-KA02-U402,State University North Gate,City Commercial Center,11.0,60,13,20.0,260.0,0,32,On-Time
TRIP-11267,2024-02-05,13:20:15,BUS-110,University Campus ⇄ City Center,Bus,BUS-KA02-U403,State University North Gate,City Commercial Center,11.0,60,37,20.0,740.0,0,32,On-Time
TRIP-11268,2024-02-05,18:40:45,BUS-110,University Campus ⇄ City Center,Bus,BUS-KA02-U407,State University North Gate,City Commercial Center,11.0,60,64,20.0,1280.0,27,52,Major Delay
TRIP-11269,2024-02-05,09:10:15,METRO-BLU,Metro Blue Line: North Ridge ⇄ Tech Valley,Metro,METRO-B-01,North Ridge Terminal,Tech Valley Central,24.5,320,345,45.0,15525.0,0,35,On-Time
TRIP-11270,2024-02-05,13:15:30,METRO-BLU,Metro Blue Line: North Ridge ⇄ Tech Valley,Metro,METRO-B-02,North Ridge Terminal,Tech Valley Central,24.5,320,183,45.0,8235.0,0,35,On-Time
TRIP-11271,2024-02-05,15:50:00,METRO-BLU,Metro Blue Line: North Ridge ⇄ Tech Valley,Metro,METRO-B-05,North Ridge Terminal,Tech Valley Central,24.5,320,212,45.0,9540.0,5,37,Moderate Delay
TRIP-11272,2024-02-05,18:40:30,METRO-BLU,Metro Blue Line: North Ridge ⇄ Tech Valley,Metro,METRO-B-08,North Ridge Terminal,Tech Valley Central,24.5,320,330,45.0,14850.0,8,39,Moderate Delay
TRIP-11273,2024-02-05,07:00:30,METRO-RED,Metro Red Line: East Suburb ⇄ Financial District,Metro,METRO-R-03,East Suburb Terminal,Financial District Hub,21.0,320,192,40.0,7680.0,0,30,On-Time
TRIP-11274,2024-02-05,10:50:30,METRO-RED,Metro Red Line: East Suburb ⇄ Financial District,Metro,METRO-R-02,East Suburb Terminal,Financial District Hub,21.0,320,301,40.0,12040.0,0,30,On-Time
TRIP-11275,2024-02-05,13:45:45,METRO-RED,Metro Red Line: East Suburb ⇄ Financial District,Metro,METRO-R-10,East Suburb Terminal,Financial District Hub,21.0,320,162,40.0,6480.0,0,30,On-Time
TRIP-11276,2024-02-05,15:00:15,METRO-RED,Metro Red Line: East Suburb ⇄ Financial District,Metro,METRO-R-02,East Suburb Terminal,Financial District Hub,21.0,320,233,40.0,9320.0,0,30,On-Time
TRIP-11277,2024-02-05,20:30:45,METRO-RED,Metro Red Line: East Suburb ⇄ Financial District,Metro,METRO-R-07,East Suburb Terminal,Financial District Hub,21.0,320,217,40.0,8680.0,0,30,On-Time
TRIP-11278,2024-02-05,08:50:45,RAIL-CST,Suburban Rail: Coast Line ⇄ Old City Junction,Suburban Rail,RAIL-EMU-504,Coastal Harbor Junction,Old City Main Junction,38.0,750,688,25.0,17200.0,6,60,Moderate Delay
TRIP-11279,2024-02-05,13:45:15,RAIL-CST,Suburban Rail: Coast Line ⇄ Old City Junction,Suburban Rail,RAIL-EMU-504,Coastal Harbor Junction,Old City Main Junction,38.0,750,405,25.0,10125.0,6,60,Moderate Delay
TRIP-11280,2024-02-05,17:20:45,RAIL-CST,Suburban Rail: Coast Line ⇄ Old City Junction,Suburban Rail,RAIL-EMU-504,Coastal Harbor Junction,Old City Main Junction,38.0,750,713,25.0,17825.0,20,66,Major Delay
TRIP-11281,2024-02-05,12:00:45,RAIL-EXT,Suburban Rail: Industrial Corridor ⇄ South Terminal,Suburban Rail,RAIL-EMU-604,Northern Industrial Zone,South Terminal Intermodal,42.5,750,371,30.0,11130.0,0,65,On-Time
TRIP-11282,2024-02-05,16:20:00,RAIL-EXT,Suburban Rail: Industrial Corridor ⇄ South Terminal,Suburban Rail,RAIL-EMU-606,Northern Industrial Zone,South Terminal Intermodal,42.5,750,547,30.0,16410.0,7,69,Moderate Delay
TRIP-11283,2024-02-05,07:30:45,BRTS-01,BRTS Ring Corridor: Outer Express,BRTS,BRTS-OR-07,East Ring Hub,West Ring Hub,18.0,85,37,35.0,1295.0,0,32,On-Time
TRIP-11284,2024-02-05,08:20:30,BRTS-01,BRTS Ring Corridor: Outer Express,BRTS,BRTS-OR-05,East Ring Hub,West Ring Hub,18.0,85,80,35.0,2800.0,31,51,Major Delay
TRIP-11285,2024-02-05,10:15:15,BRTS-01,BRTS Ring Corridor: Outer Express,BRTS,BRTS-OR-03,East Ring Hub,West Ring Hub,18.0,85,74,35.0,2590.0,34,56,Major Delay
TRIP-11286,2024-02-06,15:45:00,BUS-101,Central Station ⇄ IT Tech Park,Bus,BUS-KA01-E111,Central Railway Station,Cyber City Tech Park,16.5,60,41,30.0,1230.0,0,45,On-Time
TRIP-11287,2024-02-06,17:15:30,BUS-101,Central Station ⇄ IT Tech Park,Bus,BUS-KA01-E106,Central Railway Station,Cyber City Tech Park,16.5,60,64,30.0,1920.0,0,45,On-Time
TRIP-11288,2024-02-06,19:00:15,BUS-101,Central Station ⇄ IT Tech Park,Bus,BUS-KA01-E106,Central Railway Station,Cyber City Tech Park,16.5,60,64,30.0,1920.0,0,45,On-Time
TRIP-11289,2024-02-06,20:10:45,BUS-101,Central Station ⇄ IT Tech Park,Bus,BUS-KA01-E103,Central Railway Station,Cyber City Tech Park,16.5,60,42,30.0,1260.0,0,45,On-Time
TRIP-11290,2024-02-06,21:50:00,BUS-101,Central Station ⇄ IT Tech Park,Bus,BUS-KA01-E109,Central Railway Station,Cyber City Tech Park,16.5,60,23,30.0,690.0,0,45,On-Time
TRIP-11291,2024-02-06,11:20:15,BUS-102,Airport Express ⇄ Downtown Terminal,Bus,BUS-KA01-A206,International Airport Terminal 2,Downtown Central Terminal,28.0,50,37,90.0,3330.0,0,60,On-Time
TRIP-11292,2024-02-06,12:00:30,BUS-102,Airport Express ⇄ Downtown Terminal,Bus,BUS-KA01-A208,International Airport Terminal 2,Downtown Central Terminal,28.0,50,34,90.0,3060.0,0,60,On-Time
TRIP-11293,2024-02-06,18:50:45,BUS-102,Airport Express ⇄ Downtown Terminal,Bus,BUS-KA01-A206,International Airport Terminal 2,Downtown Central Terminal,28.0,50,54,90.0,4860.0,31,81,Major Delay
TRIP-11294,2024-02-06,11:40:15,BUS-105,Westside Mall ⇄ Harbor Port,Bus,BUS-KA02-W307,Westside Mall Circle,South Harbor Port Gate,14.2,60,39,25.0,975.0,7,42,Moderate Delay
TRIP-11295,2024-02-06,12:30:00,BUS-105,Westside Mall ⇄ Harbor Port,Bus,BUS-KA02-W301,Westside Mall Circle,South Harbor Port Gate,14.2,60,43,25.0,1075.0,0,38,On-Time
TRIP-11296,2024-02-06,20:45:00,BUS-105,Westside Mall ⇄ Harbor Port,Bus,BUS-KA02-W302,Westside Mall Circle,South Harbor Port Gate,14.2,60,47,25.0,1175.0,0,38,On-Time
TRIP-11297,2024-02-06,07:20:15,BUS-110,University Campus ⇄ City Center,Bus,BUS-KA02-U408,State University North Gate,City Commercial Center,11.0,60,34,20.0,680.0,0,32,On-Time
TRIP-11298,2024-02-06,10:10:30,BUS-110,University Campus ⇄ City Center,Bus,BUS-KA02-U407,State University North Gate,City Commercial Center,11.0,60,64,20.0,1280.0,0,32,On-Time
TRIP-11299,2024-02-06,12:00:30,BUS-110,University Campus ⇄ City Center,Bus,BUS-KA02-U405,State University North Gate,City Commercial Center,11.0,60,40,20.0,800.0,0,32,On-Time
TRIP-11300,2024-02-06,16:30:45,BUS-110,University Campus ⇄ City Center,Bus,BUS-KA02-U401,State University North Gate,City Commercial Center,11.0,60,52,20.0,1040.0,7,35,Moderate Delay
TRIP-11301,2024-02-06,20:15:30,BUS-110,University Campus ⇄ City Center,Bus,BUS-KA02-U406,State University North Gate,City Commercial Center,11.0,60,53,20.0,1060.0,0,32,On-Time
TRIP-11302,2024-02-06,09:20:45,METRO-BLU,Metro Blue Line: North Ridge ⇄ Tech Valley,Metro,METRO-B-03,North Ridge Terminal,Tech Valley Central,24.5,320,345,45.0,15525.0,0,35,On-Time
TRIP-11303,2024-02-06,11:45:15,METRO-BLU,Metro Blue Line: North Ridge ⇄ Tech Valley,Metro,METRO-B-04,North Ridge Terminal,Tech Valley Central,24.5,320,196,45.0,8820.0,0,35,On-Time
TRIP-11304,2024-02-06,12:10:15,METRO-BLU,Metro Blue Line: North Ridge ⇄ Tech Valley,Metro,METRO-B-05,North Ridge Terminal,Tech Valley Central,24.5,320,192,45.0,8640.0,0,35,On-Time
TRIP-11305,2024-02-06,14:15:30,METRO-BLU,Metro Blue Line: North Ridge ⇄ Tech Valley,Metro,METRO-B-10,North Ridge Terminal,Tech Valley Central,24.5,320,169,45.0,7605.0,7,38,Moderate Delay
TRIP-11306,2024-02-06,19:15:00,METRO-BLU,Metro Blue Line: North Ridge ⇄ Tech Valley,Metro,METRO-B-10,North Ridge Terminal,Tech Valley Central,24.5,320,345,45.0,15525.0,0,35,On-Time
TRIP-11307,2024-02-06,06:40:15,METRO-RED,Metro Red Line: East Suburb ⇄ Financial District,Metro,METRO-R-09,East Suburb Terminal,Financial District Hub,21.0,320,75,40.0,3000.0,0,30,On-Time
TRIP-11308,2024-02-06,10:20:45,METRO-RED,Metro Red Line: East Suburb ⇄ Financial District,Metro,METRO-R-03,East Suburb Terminal,Financial District Hub,21.0,320,332,40.0,13280.0,0,30,On-Time
TRIP-11309,2024-02-06,13:00:00,METRO-RED,Metro Red Line: East Suburb ⇄ Financial District,Metro,METRO-R-03,East Suburb Terminal,Financial District Hub,21.0,320,151,40.0,6040.0,0,30,On-Time
TRIP-11310,2024-02-06,16:30:30,METRO-RED,Metro Red Line: East Suburb ⇄ Financial District,Metro,METRO-R-04,East Suburb Terminal,Financial District Hub,21.0,320,305,40.0,12200.0,8,36,Moderate Delay
TRIP-11311,2024-02-06,19:45:00,METRO-RED,Metro Red Line: East Suburb ⇄ Financial District,Metro,METRO-R-02,East Suburb Terminal,Financial District Hub,21.0,320,334,40.0,13360.0,2,31,On-Time
TRIP-11312,2024-02-06,18:40:45,RAIL-CST,Suburban Rail: Coast Line ⇄ Old City Junction,Suburban Rail,RAIL-EMU-506,Coastal Harbor Junction,Old City Main Junction,38.0,750,810,25.0,20250.0,3,57,On-Time
TRIP-11313,2024-02-06,19:00:00,RAIL-CST,Suburban Rail: Coast Line ⇄ Old City Junction,Suburban Rail,RAIL-EMU-505,Coastal Harbor Junction,Old City Main Junction,38.0,750,810,25.0,20250.0,0,55,On-Time
TRIP-11314,2024-02-06,06:30:00,RAIL-EXT,Suburban Rail: Industrial Corridor ⇄ South Terminal,Suburban Rail,RAIL-EMU-607,Northern Industrial Zone,South Terminal Intermodal,42.5,750,172,30.0,5160.0,1,65,On-Time
TRIP-11315,2024-02-06,11:15:15,RAIL-EXT,Suburban Rail: Industrial Corridor ⇄ South Terminal,Suburban Rail,RAIL-EMU-602,Northern Industrial Zone,South Terminal Intermodal,42.5,750,548,30.0,16440.0,4,67,Moderate Delay
TRIP-11316,2024-02-06,14:20:00,RAIL-EXT,Suburban Rail: Industrial Corridor ⇄ South Terminal,Suburban Rail,RAIL-EMU-604,Northern Industrial Zone,South Terminal Intermodal,42.5,750,490,30.0,14700.0,0,65,On-Time
TRIP-11317,2024-02-06,17:20:00,RAIL-EXT,Suburban Rail: Industrial Corridor ⇄ South Terminal,Suburban Rail,RAIL-EMU-606,Northern Industrial Zone,South Terminal Intermodal,42.5,750,792,30.0,23760.0,0,65,On-Time
TRIP-11318,2024-02-06,09:30:15,BRTS-01,BRTS Ring Corridor: Outer Express,BRTS,BRTS-OR-07,East Ring Hub,West Ring Hub,18.0,85,89,35.0,3115.0,0,32,On-Time
TRIP-11319,2024-02-06,18:10:30,BRTS-01,BRTS Ring Corridor: Outer Express,BRTS,BRTS-OR-08,East Ring Hub,West Ring Hub,18.0,85,91,35.0,3185.0,35,55,Major Delay
TRIP-11320,2024-02-06,19:45:30,BRTS-01,BRTS Ring Corridor: Outer Express,BRTS,BRTS-OR-07,East Ring Hub,West Ring Hub,18.0,85,91,35.0,3185.0,0,32,On-Time
TRIP-11321,2024-02-06,20:20:30,BRTS-01,BRTS Ring Corridor: Outer Express,BRTS,BRTS-OR-03,East Ring Hub,West Ring Hub,18.0,85,63,35.0,2205.0,0,32,On-Time
TRIP-11322,2024-02-07,14:45:30,BUS-101,Central Station ⇄ IT Tech Park,Bus,BUS-KA01-E109,Central Railway Station,Cyber City Tech Park,16.5,60,37,30.0,1110.0,0,45,On-Time
TRIP-11323,2024-02-07,15:40:45,BUS-101,Central Station ⇄ IT Tech Park,Bus,BUS-KA01-E103,Central Railway Station,Cyber City Tech Park,16.5,60,32,30.0,960.0,6,49,Moderate Delay
TRIP-11324,2024-02-07,22:40:15,BUS-101,Central Station ⇄ IT Tech Park,Bus,BUS-KA01-E106,Central Railway Station,Cyber City Tech Park,16.5,60,14,30.0,420.0,0,45,On-Time
TRIP-11325,2024-02-07,06:00:30,BUS-102,Airport Express ⇄ Downtown Terminal,Bus,BUS-KA01-A204,International Airport Terminal 2,Downtown Central Terminal,28.0,50,11,90.0,990.0,0,60,On-Time
TRIP-11326,2024-02-07,16:10:45,BUS-102,Airport Express ⇄ Downtown Terminal,Bus,BUS-KA01-A205,International Airport Terminal 2,Downtown Central Terminal,28.0,50,37,90.0,3330.0,4,62,Moderate Delay
TRIP-11327,2024-02-07,17:10:45,BUS-102,Airport Express ⇄ Downtown Terminal,Bus,BUS-KA01-A201,International Airport Terminal 2,Downtown Central Terminal,28.0,50,54,90.0,4860.0,24,73,Major Delay
TRIP-11328,2024-02-07,07:10:00,BUS-105,Westside Mall ⇄ Harbor Port,Bus,BUS-KA02-W304,Westside Mall Circle,South Harbor Port Gate,14.2,60,30,25.0,750.0,0,38,On-Time
TRIP-11329,2024-02-07,10:00:30,BUS-105,Westside Mall ⇄ Harbor Port,Bus,BUS-KA02-W301,Westside Mall Circle,South Harbor Port Gate,14.2,60,45,25.0,1125.0,0,38,On-Time
TRIP-11330,2024-02-07,12:50:30,BUS-105,Westside Mall ⇄ Harbor Port,Bus,BUS-KA02-W309,Westside Mall Circle,South Harbor Port Gate,14.2,60,30,25.0,750.0,0,38,On-Time
TRIP-11331,2024-02-07,21:00:30,BUS-105,Westside Mall ⇄ Harbor Port,Bus,BUS-KA02-W307,Westside Mall Circle,South Harbor Port Gate,14.2,60,30,25.0,750.0,2,39,On-Time
TRIP-11332,2024-02-07,11:45:00,BUS-110,University Campus ⇄ City Center,Bus,BUS-KA02-U407,State University North Gate,City Commercial Center,11.0,60,39,20.0,780.0,0,32,On-Time
TRIP-11333,2024-02-07,14:30:45,BUS-110,University Campus ⇄ City Center,Bus,BUS-KA02-U406,State University North Gate,City Commercial Center,11.0,60,35,20.0,700.0,0,32,On-Time
TRIP-11334,2024-02-07,15:10:00,BUS-110,University Campus ⇄ City Center,Bus,BUS-KA02-U406,State University North Gate,City Commercial Center,11.0,60,36,20.0,720.0,0,32,On-Time
TRIP-11335,2024-02-07,18:45:15,BUS-110,University Campus ⇄ City Center,Bus,BUS-KA02-U409,State University North Gate,City Commercial Center,11.0,60,64,20.0,1280.0,27,54,Major Delay
TRIP-11336,2024-02-07,20:00:00,BUS-110,University Campus ⇄ City Center,Bus,BUS-KA02-U405,State University North Gate,City Commercial Center,11.0,60,42,20.0,840.0,0,32,On-Time
TRIP-11337,2024-02-07,14:45:30,METRO-BLU,Metro Blue Line: North Ridge ⇄ Tech Valley,Metro,METRO-B-02,North Ridge Terminal,Tech Valley Central,24.5,320,207,45.0,9315.0,0,35,On-Time
TRIP-11338,2024-02-07,15:15:30,METRO-BLU,Metro Blue Line: North Ridge ⇄ Tech Valley,Metro,METRO-B-07,North Ridge Terminal,Tech Valley Central,24.5,320,247,45.0,11115.0,0,35,On-Time
TRIP-11339,2024-02-07,16:50:00,METRO-BLU,Metro Blue Line: North Ridge ⇄ Tech Valley,Metro,METRO-B-05,North Ridge Terminal,Tech Valley Central,24.5,320,266,45.0,11970.0,8,41,Moderate Delay
TRIP-11340,2024-02-07,17:40:45,METRO-BLU,Metro Blue Line: North Ridge ⇄ Tech Valley,Metro,METRO-B-06,North Ridge Terminal,Tech Valley Central,24.5,320,320,45.0,14400.0,5,38,Moderate Delay
TRIP-11341,2024-02-07,07:00:15,METRO-RED,Metro Red Line: East Suburb ⇄ Financial District,Metro,METRO-R-02,East Suburb Terminal,Financial District Hub,21.0,320,135,40.0,5400.0,7,34,Moderate Delay
TRIP-11342,2024-02-07,12:40:15,METRO-RED,Metro Red Line: East Suburb ⇄ Financial District,Metro,METRO-R-06,East Suburb Terminal,Financial District Hub,21.0,320,216,40.0,8640.0,0,30,On-Time
TRIP-11343,2024-02-07,13:30:45,METRO-RED,Metro Red Line: East Suburb ⇄ Financial District,Metro,METRO-R-03,East Suburb Terminal,Financial District Hub,21.0,320,191,40.0,7640.0,0,30,On-Time
TRIP-11344,2024-02-07,17:20:30,METRO-RED,Metro Red Line: East Suburb ⇄ Financial District,Metro,METRO-R-04,East Suburb Terminal,Financial District Hub,21.0,320,343,40.0,13720.0,4,33,Moderate Delay
TRIP-11345,2024-02-07,19:10:30,METRO-RED,Metro Red Line: East Suburb ⇄ Financial District,Metro,METRO-R-10,East Suburb Terminal,Financial District Hub,21.0,320,325,40.0,13000.0,0,30,On-Time
TRIP-11346,2024-02-07,22:10:15,METRO-RED,Metro Red Line: East Suburb ⇄ Financial District,Metro,METRO-R-08,East Suburb Terminal,Financial District Hub,21.0,320,94,40.0,3760.0,2,31,On-Time
TRIP-11347,2024-02-07,06:50:45,RAIL-CST,Suburban Rail: Coast Line ⇄ Old City Junction,Suburban Rail,RAIL-EMU-504,Coastal Harbor Junction,Old City Main Junction,38.0,750,185,25.0,4625.0,9,59,Moderate Delay
TRIP-11348,2024-02-07,14:20:15,RAIL-CST,Suburban Rail: Coast Line ⇄ Old City Junction,Suburban Rail,RAIL-EMU-504,Coastal Harbor Junction,Old City Main Junction,38.0,750,431,25.0,10775.0,0,55,On-Time
TRIP-11349,2024-02-07,06:45:45,RAIL-EXT,Suburban Rail: Industrial Corridor ⇄ South Terminal,Suburban Rail,RAIL-EMU-605,Northern Industrial Zone,South Terminal Intermodal,42.5,750,172,30.0,5160.0,3,67,On-Time
TRIP-11350,2024-02-07,09:50:45,RAIL-EXT,Suburban Rail: Industrial Corridor ⇄ South Terminal,Suburban Rail,RAIL-EMU-602,Northern Industrial Zone,South Terminal Intermodal,42.5,750,759,30.0,22770.0,10,73,Moderate Delay
TRIP-11351,2024-02-07,17:10:00,RAIL-EXT,Suburban Rail: Industrial Corridor ⇄ South Terminal,Suburban Rail,RAIL-EMU-605,Northern Industrial Zone,South Terminal Intermodal,42.5,750,810,30.0,24300.0,0,65,On-Time
TRIP-11352,2024-02-07,13:45:45,BRTS-01,BRTS Ring Corridor: Outer Express,BRTS,BRTS-OR-03,East Ring Hub,West Ring Hub,18.0,85,45,35.0,1575.0,5,35,Moderate Delay
TRIP-11353,2024-02-07,14:20:30,BRTS-01,BRTS Ring Corridor: Outer Express,BRTS,BRTS-OR-01,East Ring Hub,West Ring Hub,18.0,85,53,35.0,1855.0,0,32,On-Time
TRIP-11354,2024-02-07,20:10:15,BRTS-01,BRTS Ring Corridor: Outer Express,BRTS,BRTS-OR-05,East Ring Hub,West Ring Hub,18.0,85,67,35.0,2345.0,0,32,On-Time
TRIP-11355,2024-02-08,07:15:15,BUS-101,Central Station ⇄ IT Tech Park,Bus,BUS-KA01-E111,Central Railway Station,Cyber City Tech Park,16.5,60,29,30.0,870.0,0,45,On-Time
TRIP-11356,2024-02-08,11:50:45,BUS-101,Central Station ⇄ IT Tech Park,Bus,BUS-KA01-E103,Central Railway Station,Cyber City Tech Park,16.5,60,35,30.0,1050.0,5,49,Moderate Delay
TRIP-11357,2024-02-08,13:00:30,BUS-101,Central Station ⇄ IT Tech Park,Bus,BUS-KA01-E104,Central Railway Station,Cyber City Tech Park,16.5,60,40,30.0,1200.0,0,45,On-Time
TRIP-11358,2024-02-08,16:50:00,BUS-101,Central Station ⇄ IT Tech Park,Bus,BUS-KA01-E109,Central Railway Station,Cyber City Tech Park,16.5,60,40,30.0,1200.0,5,49,Moderate Delay
TRIP-11359,2024-02-08,21:15:15,BUS-101,Central Station ⇄ IT Tech Park,Bus,BUS-KA01-E106,Central Railway Station,Cyber City Tech Park,16.5,60,32,30.0,960.0,6,49,Moderate Delay
TRIP-11360,2024-02-08,10:00:30,BUS-102,Airport Express ⇄ Downtown Terminal,Bus,BUS-KA01-A209,International Airport Terminal 2,Downtown Central Terminal,28.0,50,43,90.0,3870.0,34,78,Major Delay
TRIP-11361,2024-02-08,11:00:15,BUS-102,Airport Express ⇄ Downtown Terminal,Bus,BUS-KA01-A203,International Airport Terminal 2,Downtown Central Terminal,28.0,50,37,90.0,3330.0,0,60,On-Time
TRIP-11362,2024-02-08,13:40:45,BUS-102,Airport Express ⇄ Downtown Terminal,Bus,BUS-KA01-A207,International Airport Terminal 2,Downtown Central Terminal,28.0,50,22,90.0,1980.0,0,60,On-Time
TRIP-11363,2024-02-08,14:40:15,BUS-102,Airport Express ⇄ Downtown Terminal,Bus,BUS-KA01-A205,International Airport Terminal 2,Downtown Central Terminal,28.0,50,32,90.0,2880.0,7,65,Moderate Delay
TRIP-11364,2024-02-08,21:50:15,BUS-102,Airport Express ⇄ Downtown Terminal,Bus,BUS-KA01-A207,International Airport Terminal 2,Downtown Central Terminal,28.0,50,22,90.0,1980.0,0,60,On-Time
TRIP-11365,2024-02-08,06:40:00,BUS-105,Westside Mall ⇄ Harbor Port,Bus,BUS-KA02-W306,Westside Mall Circle,South Harbor Port Gate,14.2,60,15,25.0,375.0,0,38,On-Time
TRIP-11366,2024-02-08,09:30:00,BUS-105,Westside Mall ⇄ Harbor Port,Bus,BUS-KA02-W303,Westside Mall Circle,South Harbor Port Gate,14.2,60,64,25.0,1600.0,13,46,Moderate Delay
TRIP-11367,2024-02-08,10:30:15,BUS-105,Westside Mall ⇄ Harbor Port,Bus,BUS-KA02-W301,Westside Mall Circle,South Harbor Port Gate,14.2,60,51,25.0,1275.0,22,49,Major Delay
TRIP-11368,2024-02-08,14:20:30,BUS-105,Westside Mall ⇄ Harbor Port,Bus,BUS-KA02-W307,Westside Mall Circle,South Harbor Port Gate,14.2,60,40,25.0,1000.0,8,42,Moderate Delay
TRIP-11369,2024-02-08,19:40:00,BUS-105,Westside Mall ⇄ Harbor Port,Bus,BUS-KA02-W309,Westside Mall Circle,South Harbor Port Gate,14.2,60,51,25.0,1275.0,22,55,Major Delay
TRIP-11370,2024-02-08,08:20:45,BUS-110,University Campus ⇄ City Center,Bus,BUS-KA02-U406,State University North Gate,City Commercial Center,11.0,60,64,20.0,1280.0,18,41,Major Delay
TRIP-11371,2024-02-08,10:20:45,BUS-110,University Campus ⇄ City Center,Bus,BUS-KA02-U405,State University North Gate,City Commercial Center,11.0,60,54,20.0,1080.0,0,32,On-Time
TRIP-11372,2024-02-08,17:30:30,BUS-110,University Campus ⇄ City Center,Bus,BUS-KA02-U403,State University North Gate,City Commercial Center,11.0,60,58,20.0,1160.0,24,51,Major Delay
TRIP-11373,2024-02-08,21:20:30,BUS-110,University Campus ⇄ City Center,Bus,BUS-KA02-U402,State University North Gate,City Commercial Center,11.0,60,24,20.0,480.0,0,32,On-Time
TRIP-11374,2024-02-08,22:30:45,BUS-110,University Campus ⇄ City Center,Bus,BUS-KA02-U407,State University North Gate,City Commercial Center,11.0,60,18,20.0,360.0,0,32,On-Time
TRIP-11375,2024-02-08,10:40:45,METRO-BLU,Metro Blue Line: North Ridge ⇄ Tech Valley,Metro,METRO-B-09,North Ridge Terminal,Tech Valley Central,24.5,320,282,45.0,12690.0,7,39,Moderate Delay
TRIP-11376,2024-02-08,11:00:45,METRO-BLU,Metro Blue Line: North Ridge ⇄ Tech Valley,Metro,METRO-B-10,North Ridge Terminal,Tech Valley Central,24.5,320,170,45.0,7650.0,5,39,Moderate Delay
TRIP-11377,2024-02-08,17:40:15,METRO-BLU,Metro Blue Line: North Ridge ⇄ Tech Valley,Metro,METRO-B-01,North Ridge Terminal,Tech Valley Central,24.5,320,345,45.0,15525.0,0,35,On-Time
TRIP-11378,2024-02-08,20:45:15,METRO-BLU,Metro Blue Line: North Ridge ⇄ Tech Valley,Metro,METRO-B-01,North Ridge Terminal,Tech Valley Central,24.5,320,242,45.0,10890.0,9,41,Moderate Delay
TRIP-11379,2024-02-08,07:10:30,METRO-RED,Metro Red Line: East Suburb ⇄ Financial District,Metro,METRO-R-06,East Suburb Terminal,Financial District Hub,21.0,320,174,40.0,6960.0,0,30,On-Time
TRIP-11380,2024-02-08,14:00:00,METRO-RED,Metro Red Line: East Suburb ⇄ Financial District,Metro,METRO-R-01,East Suburb Terminal,Financial District Hub,21.0,320,210,40.0,8400.0,0,30,On-Time
TRIP-11381,2024-02-08,16:20:15,METRO-RED,Metro Red Line: East Suburb ⇄ Financial District,Metro,METRO-R-03,East Suburb Terminal,Financial District Hub,21.0,320,270,40.0,10800.0,0,30,On-Time
TRIP-11382,2024-02-08,19:30:30,METRO-RED,Metro Red Line: East Suburb ⇄ Financial District,Metro,METRO-R-10,East Suburb Terminal,Financial District Hub,21.0,320,345,40.0,13800.0,0,30,On-Time
TRIP-11383,2024-02-08,06:15:00,RAIL-CST,Suburban Rail: Coast Line ⇄ Old City Junction,Suburban Rail,RAIL-EMU-507,Coastal Harbor Junction,Old City Main Junction,38.0,750,198,25.0,4950.0,2,56,On-Time
TRIP-11384,2024-02-08,07:50:45,RAIL-CST,Suburban Rail: Coast Line ⇄ Old City Junction,Suburban Rail,RAIL-EMU-502,Coastal Harbor Junction,Old City Main Junction,38.0,750,323,25.0,8075.0,7,59,Moderate Delay
TRIP-11385,2024-02-08,09:20:30,RAIL-CST,Suburban Rail: Coast Line ⇄ Old City Junction,Suburban Rail,RAIL-EMU-505,Coastal Harbor Junction,Old City Main Junction,38.0,750,810,25.0,20250.0,0,55,On-Time
TRIP-11386,2024-02-08,12:10:45,RAIL-CST,Suburban Rail: Coast Line ⇄ Old City Junction,Suburban Rail,RAIL-EMU-506,Coastal Harbor Junction,Old City Main Junction,38.0,750,386,25.0,9650.0,3,57,On-Time
TRIP-11387,2024-02-08,11:50:45,RAIL-EXT,Suburban Rail: Industrial Corridor ⇄ South Terminal,Suburban Rail,RAIL-EMU-604,Northern Industrial Zone,South Terminal Intermodal,42.5,750,437,30.0,13110.0,0,65,On-Time
TRIP-11388,2024-02-08,12:40:30,RAIL-EXT,Suburban Rail: Industrial Corridor ⇄ South Terminal,Suburban Rail,RAIL-EMU-604,Northern Industrial Zone,South Terminal Intermodal,42.5,750,430,30.0,12900.0,0,65,On-Time
TRIP-11389,2024-02-08,06:10:45,BRTS-01,BRTS Ring Corridor: Outer Express,BRTS,BRTS-OR-08,East Ring Hub,West Ring Hub,18.0,85,17,35.0,595.0,0,32,On-Time
TRIP-11390,2024-02-08,10:00:30,BRTS-01,BRTS Ring Corridor: Outer Express,BRTS,BRTS-OR-03,East Ring Hub,West Ring Hub,18.0,85,91,35.0,3185.0,33,52,Major Delay
TRIP-11391,2024-02-08,13:40:15,BRTS-01,BRTS Ring Corridor: Outer Express,BRTS,BRTS-OR-02,East Ring Hub,West Ring Hub,18.0,85,44,35.0,1540.0,0,32,On-Time
TRIP-11392,2024-02-08,22:15:15,BRTS-01,BRTS Ring Corridor: Outer Express,BRTS,BRTS-OR-03,East Ring Hub,West Ring Hub,18.0,85,23,35.0,805.0,0,32,On-Time
TRIP-11393,2024-02-09,07:50:45,BUS-101,Central Station ⇄ IT Tech Park,Bus,BUS-KA01-E109,Central Railway Station,Cyber City Tech Park,16.5,60,37,30.0,1110.0,0,45,On-Time
TRIP-11394,2024-02-09,15:30:15,BUS-101,Central Station ⇄ IT Tech Park,Bus,BUS-KA01-E110,Central Railway Station,Cyber City Tech Park,16.5,60,43,30.0,1290.0,0,45,On-Time
TRIP-11395,2024-02-09,18:45:00,BUS-101,Central Station ⇄ IT Tech Park,Bus,BUS-KA01-E102,Central Railway Station,Cyber City Tech Park,16.5,60,60,30.0,1800.0,0,45,On-Time
TRIP-11396,2024-02-09,19:10:45,BUS-101,Central Station ⇄ IT Tech Park,Bus,BUS-KA01-E104,Central Railway Station,Cyber City Tech Park,16.5,60,64,30.0,1920.0,18,61,Major Delay
TRIP-11397,2024-02-09,11:45:00,BUS-102,Airport Express ⇄ Downtown Terminal,Bus,BUS-KA01-A202,International Airport Terminal 2,Downtown Central Terminal,28.0,50,26,90.0,2340.0,0,60,On-Time
TRIP-11398,2024-02-09,18:50:30,BUS-102,Airport Express ⇄ Downtown Terminal,Bus,BUS-KA01-A206,International Airport Terminal 2,Downtown Central Terminal,28.0,50,54,90.0,4860.0,0,60,On-Time
TRIP-11399,2024-02-09,21:10:45,BUS-102,Airport Express ⇄ Downtown Terminal,Bus,BUS-KA01-A204,International Airport Terminal 2,Downtown Central Terminal,28.0,50,23,90.0,2070.0,0,60,On-Time
TRIP-11400,2024-02-09,13:30:15,BUS-105,Westside Mall ⇄ Harbor Port,Bus,BUS-KA02-W304,Westside Mall Circle,South Harbor Port Gate,14.2,60,29,25.0,725.0,9,45,Moderate Delay
TRIP-11401,2024-02-09,14:10:00,BUS-105,Westside Mall ⇄ Harbor Port,Bus,BUS-KA02-W303,Westside Mall Circle,South Harbor Port Gate,14.2,60,37,25.0,925.0,0,38,On-Time
TRIP-11402,2024-02-09,21:00:30,BUS-105,Westside Mall ⇄ Harbor Port,Bus,BUS-KA02-W306,Westside Mall Circle,South Harbor Port Gate,14.2,60,32,25.0,800.0,0,38,On-Time
TRIP-11403,2024-02-09,09:20:45,BUS-110,University Campus ⇄ City Center,Bus,BUS-KA02-U408,State University North Gate,City Commercial Center,11.0,60,64,20.0,1280.0,12,41,Moderate Delay
TRIP-11404,2024-02-09,21:45:45,BUS-110,University Campus ⇄ City Center,Bus,BUS-KA02-U409,State University North Gate,City Commercial Center,11.0,60,33,20.0,660.0,0,32,On-Time
TRIP-11405,2024-02-09,22:30:00,BUS-110,University Campus ⇄ City Center,Bus,BUS-KA02-U401,State University North Gate,City Commercial Center,11.0,60,15,20.0,300.0,10,39,Moderate Delay
TRIP-11406,2024-02-09,12:40:00,METRO-BLU,Metro Blue Line: North Ridge ⇄ Tech Valley,Metro,METRO-B-10,North Ridge Terminal,Tech Valley Central,24.5,320,220,45.0,9900.0,5,37,Moderate Delay
TRIP-11407,2024-02-09,14:20:30,METRO-BLU,Metro Blue Line: North Ridge ⇄ Tech Valley,Metro,METRO-B-05,North Ridge Terminal,Tech Valley Central,24.5,320,184,45.0,8280.0,2,36,On-Time
TRIP-11408,2024-02-09,15:00:00,METRO-BLU,Metro Blue Line: North Ridge ⇄ Tech Valley,Metro,METRO-B-01,North Ridge Terminal,Tech Valley Central,24.5,320,202,45.0,9090.0,0,35,On-Time
TRIP-11409,2024-02-09,17:15:15,METRO-BLU,Metro Blue Line: North Ridge ⇄ Tech Valley,Metro,METRO-B-01,North Ridge Terminal,Tech Valley Central,24.5,320,345,45.0,15525.0,0,35,On-Time
TRIP-11410,2024-02-09,08:00:30,METRO-RED,Metro Red Line: East Suburb ⇄ Financial District,Metro,METRO-R-10,East Suburb Terminal,Financial District Hub,21.0,320,345,40.0,13800.0,0,30,On-Time
TRIP-11411,2024-02-09,15:10:45,METRO-RED,Metro Red Line: East Suburb ⇄ Financial District,Metro,METRO-R-01,East Suburb Terminal,Financial District Hub,21.0,320,254,40.0,10160.0,0,30,On-Time
TRIP-11412,2024-02-09,18:50:15,METRO-RED,Metro Red Line: East Suburb ⇄ Financial District,Metro,METRO-R-04,East Suburb Terminal,Financial District Hub,21.0,320,345,40.0,13800.0,5,34,Moderate Delay
TRIP-11413,2024-02-09,21:00:00,METRO-RED,Metro Red Line: East Suburb ⇄ Financial District,Metro,METRO-R-10,East Suburb Terminal,Financial District Hub,21.0,320,126,40.0,5040.0,0,30,On-Time
TRIP-11414,2024-02-09,06:45:45,RAIL-CST,Suburban Rail: Coast Line ⇄ Old City Junction,Suburban Rail,RAIL-EMU-502,Coastal Harbor Junction,Old City Main Junction,38.0,750,212,25.0,5300.0,0,55,On-Time
TRIP-11415,2024-02-09,21:10:45,RAIL-CST,Suburban Rail: Coast Line ⇄ Old City Junction,Suburban Rail,RAIL-EMU-503,Coastal Harbor Junction,Old City Main Junction,38.0,750,309,25.0,7725.0,0,55,On-Time
TRIP-11416,2024-02-09,22:20:30,RAIL-CST,Suburban Rail: Coast Line ⇄ Old City Junction,Suburban Rail,RAIL-EMU-501,Coastal Harbor Junction,Old City Main Junction,38.0,750,219,25.0,5475.0,4,57,Moderate Delay
TRIP-11417,2024-02-09,07:00:15,RAIL-EXT,Suburban Rail: Industrial Corridor ⇄ South Terminal,Suburban Rail,RAIL-EMU-603,Northern Industrial Zone,South Terminal Intermodal,42.5,750,442,30.0,13260.0,3,67,On-Time
TRIP-11418,2024-02-09,19:00:30,RAIL-EXT,Suburban Rail: Industrial Corridor ⇄ South Terminal,Suburban Rail,RAIL-EMU-603,Northern Industrial Zone,South Terminal Intermodal,42.5,750,740,30.0,22200.0,0,65,On-Time
TRIP-11419,2024-02-09,16:10:00,BRTS-01,BRTS Ring Corridor: Outer Express,BRTS,BRTS-OR-06,East Ring Hub,West Ring Hub,18.0,85,58,35.0,2030.0,0,32,On-Time
TRIP-11420,2024-02-09,18:20:45,BRTS-01,BRTS Ring Corridor: Outer Express,BRTS,BRTS-OR-05,East Ring Hub,West Ring Hub,18.0,85,91,35.0,3185.0,0,32,On-Time
TRIP-11421,2024-02-09,21:20:30,BRTS-01,BRTS Ring Corridor: Outer Express,BRTS,BRTS-OR-06,East Ring Hub,West Ring Hub,18.0,85,38,35.0,1330.0,0,32,On-Time
TRIP-11422,2024-02-10,07:15:15,BUS-101,Central Station ⇄ IT Tech Park,Bus,BUS-KA01-E103,Central Railway Station,Cyber City Tech Park,16.5,60,21,30.0,630.0,0,45,On-Time
TRIP-11423,2024-02-10,09:00:15,BUS-101,Central Station ⇄ IT Tech Park,Bus,BUS-KA01-E102,Central Railway Station,Cyber City Tech Park,16.5,60,58,30.0,1740.0,0,45,On-Time
TRIP-11424,2024-02-10,14:00:45,BUS-101,Central Station ⇄ IT Tech Park,Bus,BUS-KA01-E105,Central Railway Station,Cyber City Tech Park,16.5,60,30,30.0,900.0,0,45,On-Time
TRIP-11425,2024-02-10,21:10:00,BUS-101,Central Station ⇄ IT Tech Park,Bus,BUS-KA01-E107,Central Railway Station,Cyber City Tech Park,16.5,60,19,30.0,570.0,0,45,On-Time
TRIP-11426,2024-02-10,07:45:15,BUS-102,Airport Express ⇄ Downtown Terminal,Bus,BUS-KA01-A201,International Airport Terminal 2,Downtown Central Terminal,28.0,50,20,90.0,1800.0,0,60,On-Time
TRIP-11427,2024-02-10,09:40:00,BUS-102,Airport Express ⇄ Downtown Terminal,Bus,BUS-KA01-A205,International Airport Terminal 2,Downtown Central Terminal,28.0,50,52,90.0,4680.0,0,60,On-Time
TRIP-11428,2024-02-10,20:20:00,BUS-102,Airport Express ⇄ Downtown Terminal,Bus,BUS-KA01-A207,International Airport Terminal 2,Downtown Central Terminal,28.0,50,27,90.0,2430.0,0,60,On-Time
TRIP-11429,2024-02-10,22:00:00,BUS-102,Airport Express ⇄ Downtown Terminal,Bus,BUS-KA01-A205,International Airport Terminal 2,Downtown Central Terminal,28.0,50,11,90.0,990.0,0,60,On-Time
TRIP-11430,2024-02-10,15:30:15,BUS-105,Westside Mall ⇄ Harbor Port,Bus,BUS-KA02-W304,Westside Mall Circle,South Harbor Port Gate,14.2,60,35,25.0,875.0,0,38,On-Time
TRIP-11431,2024-02-10,17:15:00,BUS-105,Westside Mall ⇄ Harbor Port,Bus,BUS-KA02-W304,Westside Mall Circle,South Harbor Port Gate,14.2,60,46,25.0,1150.0,0,38,On-Time
TRIP-11432,2024-02-10,19:30:30,BUS-105,Westside Mall ⇄ Harbor Port,Bus,BUS-KA02-W305,Westside Mall Circle,South Harbor Port Gate,14.2,60,48,25.0,1200.0,21,51,Major Delay
TRIP-11433,2024-02-10,20:00:00,BUS-105,Westside Mall ⇄ Harbor Port,Bus,BUS-KA02-W303,Westside Mall Circle,South Harbor Port Gate,14.2,60,32,25.0,800.0,0,38,On-Time
TRIP-11434,2024-02-10,22:50:45,BUS-105,Westside Mall ⇄ Harbor Port,Bus,BUS-KA02-W308,Westside Mall Circle,South Harbor Port Gate,14.2,60,12,25.0,300.0,1,38,On-Time
TRIP-11435,2024-02-10,06:30:30,BUS-110,University Campus ⇄ City Center,Bus,BUS-KA02-U405,State University North Gate,City Commercial Center,11.0,60,13,20.0,260.0,0,32,On-Time
TRIP-11436,2024-02-10,07:30:45,BUS-110,University Campus ⇄ City Center,Bus,BUS-KA02-U401,State University North Gate,City Commercial Center,11.0,60,20,20.0,400.0,0,32,On-Time
TRIP-11437,2024-02-10,12:20:00,BUS-110,University Campus ⇄ City Center,Bus,BUS-KA02-U406,State University North Gate,City Commercial Center,11.0,60,28,20.0,560.0,9,39,Moderate Delay
TRIP-11438,2024-02-10,15:00:15,BUS-110,University Campus ⇄ City Center,Bus,BUS-KA02-U405,State University North Gate,City Commercial Center,11.0,60,25,20.0,500.0,0,32,On-Time
TRIP-11439,2024-02-10,19:00:30,BUS-110,University Campus ⇄ City Center,Bus,BUS-KA02-U402,State University North Gate,City Commercial Center,11.0,60,48,20.0,960.0,19,44,Major Delay
TRIP-11440,2024-02-10,07:40:30,METRO-BLU,Metro Blue Line: North Ridge ⇄ Tech Valley,Metro,METRO-B-07,North Ridge Terminal,Tech Valley Central,24.5,320,142,45.0,6390.0,0,35,On-Time
TRIP-11441,2024-02-10,09:30:15,METRO-BLU,Metro Blue Line: North Ridge ⇄ Tech Valley,Metro,METRO-B-07,North Ridge Terminal,Tech Valley Central,24.5,320,233,45.0,10485.0,0,35,On-Time
TRIP-11442,2024-02-10,14:40:45,METRO-BLU,Metro Blue Line: North Ridge ⇄ Tech Valley,Metro,METRO-B-06,North Ridge Terminal,Tech Valley Central,24.5,320,169,45.0,7605.0,0,35,On-Time
TRIP-11443,2024-02-10,18:00:30,METRO-BLU,Metro Blue Line: North Ridge ⇄ Tech Valley,Metro,METRO-B-10,North Ridge Terminal,Tech Valley Central,24.5,320,345,45.0,15525.0,0,35,On-Time
TRIP-11444,2024-02-10,20:20:30,METRO-BLU,Metro Blue Line: North Ridge ⇄ Tech Valley,Metro,METRO-B-10,North Ridge Terminal,Tech Valley Central,24.5,320,189,45.0,8505.0,0,35,On-Time
TRIP-11445,2024-02-10,21:40:15,METRO-BLU,Metro Blue Line: North Ridge ⇄ Tech Valley,Metro,METRO-B-03,North Ridge Terminal,Tech Valley Central,24.5,320,111,45.0,4995.0,0,35,On-Time
TRIP-11446,2024-02-10,08:45:00,METRO-RED,Metro Red Line: East Suburb ⇄ Financial District,Metro,METRO-R-08,East Suburb Terminal,Financial District Hub,21.0,320,297,40.0,11880.0,0,30,On-Time
TRIP-11447,2024-02-10,09:50:30,METRO-RED,Metro Red Line: East Suburb ⇄ Financial District,Metro,METRO-R-04,East Suburb Terminal,Financial District Hub,21.0,320,261,40.0,10440.0,0,30,On-Time
TRIP-11448,2024-02-10,15:40:15,METRO-RED,Metro Red Line: East Suburb ⇄ Financial District,Metro,METRO-R-06,East Suburb Terminal,Financial District Hub,21.0,320,181,40.0,7240.0,0,30,On-Time
TRIP-11449,2024-02-10,20:10:15,METRO-RED,Metro Red Line: East Suburb ⇄ Financial District,Metro,METRO-R-02,East Suburb Terminal,Financial District Hub,21.0,320,184,40.0,7360.0,0,30,On-Time
TRIP-11450,2024-02-10,22:40:00,METRO-RED,Metro Red Line: East Suburb ⇄ Financial District,Metro,METRO-R-08,East Suburb Terminal,Financial District Hub,21.0,320,83,40.0,3320.0,0,30,On-Time
TRIP-11451,2024-02-10,10:20:45,RAIL-CST,Suburban Rail: Coast Line ⇄ Old City Junction,Suburban Rail,RAIL-EMU-507,Coastal Harbor Junction,Old City Main Junction,38.0,750,564,25.0,14100.0,0,55,On-Time
TRIP-11452,2024-02-10,13:30:30,RAIL-CST,Suburban Rail: Coast Line ⇄ Old City Junction,Suburban Rail,RAIL-EMU-502,Coastal Harbor Junction,Old City Main Junction,38.0,750,292,25.0,7300.0,7,59,Moderate Delay
TRIP-11453,2024-02-10,20:50:15,RAIL-CST,Suburban Rail: Coast Line ⇄ Old City Junction,Suburban Rail,RAIL-EMU-501,Coastal Harbor Junction,Old City Main Junction,38.0,750,513,25.0,12825.0,0,55,On-Time
TRIP-11454,2024-02-10,14:10:15,RAIL-EXT,Suburban Rail: Industrial Corridor ⇄ South Terminal,Suburban Rail,RAIL-EMU-602,Northern Industrial Zone,South Terminal Intermodal,42.5,750,387,30.0,11610.0,0,65,On-Time
TRIP-11455,2024-02-10,17:10:15,RAIL-EXT,Suburban Rail: Industrial Corridor ⇄ South Terminal,Suburban Rail,RAIL-EMU-604,Northern Industrial Zone,South Terminal Intermodal,42.5,750,636,30.0,19080.0,0,65,On-Time
TRIP-11456,2024-02-10,21:40:15,RAIL-EXT,Suburban Rail: Industrial Corridor ⇄ South Terminal,Suburban Rail,RAIL-EMU-601,Northern Industrial Zone,South Terminal Intermodal,42.5,750,263,30.0,7890.0,0,65,On-Time
TRIP-11457,2024-02-10,06:10:30,BRTS-01,BRTS Ring Corridor: Outer Express,BRTS,BRTS-OR-07,East Ring Hub,West Ring Hub,18.0,85,19,35.0,665.0,0,32,On-Time
TRIP-11458,2024-02-10,09:30:45,BRTS-01,BRTS Ring Corridor: Outer Express,BRTS,BRTS-OR-02,East Ring Hub,West Ring Hub,18.0,85,82,35.0,2870.0,0,32,On-Time
TRIP-11459,2024-02-10,16:15:00,BRTS-01,BRTS Ring Corridor: Outer Express,BRTS,BRTS-OR-07,East Ring Hub,West Ring Hub,18.0,85,54,35.0,1890.0,0,32,On-Time
TRIP-11460,2024-02-10,17:40:45,BRTS-01,BRTS Ring Corridor: Outer Express,BRTS,BRTS-OR-02,East Ring Hub,West Ring Hub,18.0,85,62,35.0,2170.0,0,32,On-Time
TRIP-11461,2024-02-11,11:00:45,BUS-101,Central Station ⇄ IT Tech Park,Bus,BUS-KA01-E103,Central Railway Station,Cyber City Tech Park,16.5,60,26,30.0,780.0,0,45,On-Time
TRIP-11462,2024-02-11,15:00:15,BUS-101,Central Station ⇄ IT Tech Park,Bus,BUS-KA01-E106,Central Railway Station,Cyber City Tech Park,16.5,60,29,30.0,870.0,0,45,On-Time
TRIP-11463,2024-02-11,21:10:30,BUS-101,Central Station ⇄ IT Tech Park,Bus,BUS-KA01-E104,Central Railway Station,Cyber City Tech Park,16.5,60,20,30.0,600.0,5,48,Moderate Delay
TRIP-11464,2024-02-11,14:10:15,BUS-102,Airport Express ⇄ Downtown Terminal,Bus,BUS-KA01-A209,International Airport Terminal 2,Downtown Central Terminal,28.0,50,23,90.0,2070.0,4,62,Moderate Delay
TRIP-11465,2024-02-11,15:15:00,BUS-102,Airport Express ⇄ Downtown Terminal,Bus,BUS-KA01-A204,International Airport Terminal 2,Downtown Central Terminal,28.0,50,26,90.0,2340.0,9,66,Moderate Delay
TRIP-11466,2024-02-11,22:00:45,BUS-102,Airport Express ⇄ Downtown Terminal,Bus,BUS-KA01-A207,International Airport Terminal 2,Downtown Central Terminal,28.0,50,12,90.0,1080.0,4,62,Moderate Delay
TRIP-11467,2024-02-11,10:10:00,BUS-105,Westside Mall ⇄ Harbor Port,Bus,BUS-KA02-W303,Westside Mall Circle,South Harbor Port Gate,14.2,60,41,25.0,1025.0,20,48,Major Delay
TRIP-11468,2024-02-11,13:30:00,BUS-105,Westside Mall ⇄ Harbor Port,Bus,BUS-KA02-W304,Westside Mall Circle,South Harbor Port Gate,14.2,60,30,25.0,750.0,0,38,On-Time
TRIP-11469,2024-02-11,19:10:30,BUS-105,Westside Mall ⇄ Harbor Port,Bus,BUS-KA02-W309,Westside Mall Circle,South Harbor Port Gate,14.2,60,40,25.0,1000.0,33,62,Major Delay
TRIP-11470,2024-02-11,20:10:30,BUS-105,Westside Mall ⇄ Harbor Port,Bus,BUS-KA02-W309,Westside Mall Circle,South Harbor Port Gate,14.2,60,40,25.0,1000.0,2,39,On-Time
TRIP-11471,2024-02-11,21:40:15,BUS-105,Westside Mall ⇄ Harbor Port,Bus,BUS-KA02-W301,Westside Mall Circle,South Harbor Port Gate,14.2,60,24,25.0,600.0,0,38,On-Time
TRIP-11472,2024-02-11,06:20:15,BUS-110,University Campus ⇄ City Center,Bus,BUS-KA02-U405,State University North Gate,City Commercial Center,11.0,60,12,20.0,240.0,3,34,On-Time
TRIP-11473,2024-02-11,08:15:15,BUS-110,University Campus ⇄ City Center,Bus,BUS-KA02-U402,State University North Gate,City Commercial Center,11.0,60,51,20.0,1020.0,17,40,Major Delay
TRIP-11474,2024-02-11,12:50:15,BUS-110,University Campus ⇄ City Center,Bus,BUS-KA02-U404,State University North Gate,City Commercial Center,11.0,60,29,20.0,580.0,5,35,Moderate Delay
TRIP-11475,2024-02-11,13:40:45,BUS-110,University Campus ⇄ City Center,Bus,BUS-KA02-U404,State University North Gate,City Commercial Center,11.0,60,25,20.0,500.0,0,32,On-Time
TRIP-11476,2024-02-11,15:30:45,BUS-110,University Campus ⇄ City Center,Bus,BUS-KA02-U409,State University North Gate,City Commercial Center,11.0,60,30,20.0,600.0,0,32,On-Time
TRIP-11477,2024-02-11,07:30:45,METRO-BLU,Metro Blue Line: North Ridge ⇄ Tech Valley,Metro,METRO-B-02,North Ridge Terminal,Tech Valley Central,24.5,320,149,45.0,6705.0,0,35,On-Time
TRIP-11478,2024-02-11,09:15:45,METRO-BLU,Metro Blue Line: North Ridge ⇄ Tech Valley,Metro,METRO-B-07,North Ridge Terminal,Tech Valley Central,24.5,320,340,45.0,15300.0,0,35,On-Time
TRIP-11479,2024-02-11,15:15:45,METRO-BLU,Metro Blue Line: North Ridge ⇄ Tech Valley,Metro,METRO-B-04,North Ridge Terminal,Tech Valley Central,24.5,320,184,45.0,8280.0,0,35,On-Time
TRIP-11480,2024-02-11,18:00:30,METRO-BLU,Metro Blue Line: North Ridge ⇄ Tech Valley,Metro,METRO-B-06,North Ridge Terminal,Tech Valley Central,24.5,320,269,45.0,12105.0,7,38,Moderate Delay
TRIP-11481,2024-02-11,21:30:30,METRO-BLU,Metro Blue Line: North Ridge ⇄ Tech Valley,Metro,METRO-B-05,North Ridge Terminal,Tech Valley Central,24.5,320,112,45.0,5040.0,0,35,On-Time
TRIP-11482,2024-02-11,09:40:00,METRO-RED,Metro Red Line: East Suburb ⇄ Financial District,Metro,METRO-R-02,East Suburb Terminal,Financial District Hub,21.0,320,265,40.0,10600.0,3,32,On-Time
TRIP-11483,2024-02-11,14:40:15,METRO-RED,Metro Red Line: East Suburb ⇄ Financial District,Metro,METRO-R-02,East Suburb Terminal,Financial District Hub,21.0,320,150,40.0,6000.0,1,30,On-Time
TRIP-11484,2024-02-11,17:40:30,METRO-RED,Metro Red Line: East Suburb ⇄ Financial District,Metro,METRO-R-09,East Suburb Terminal,Financial District Hub,21.0,320,298,40.0,11920.0,0,30,On-Time
TRIP-11485,2024-02-11,21:20:30,METRO-RED,Metro Red Line: East Suburb ⇄ Financial District,Metro,METRO-R-07,East Suburb Terminal,Financial District Hub,21.0,320,118,40.0,4720.0,0,30,On-Time
TRIP-11486,2024-02-11,08:40:30,RAIL-CST,Suburban Rail: Coast Line ⇄ Old City Junction,Suburban Rail,RAIL-EMU-501,Coastal Harbor Junction,Old City Main Junction,38.0,750,590,25.0,14750.0,0,55,On-Time
TRIP-11487,2024-02-11,13:00:00,RAIL-CST,Suburban Rail: Coast Line ⇄ Old City Junction,Suburban Rail,RAIL-EMU-507,Coastal Harbor Junction,Old City Main Junction,38.0,750,348,25.0,8700.0,0,55,On-Time
TRIP-11488,2024-02-11,15:50:00,RAIL-CST,Suburban Rail: Coast Line ⇄ Old City Junction,Suburban Rail,RAIL-EMU-507,Coastal Harbor Junction,Old City Main Junction,38.0,750,327,25.0,8175.0,0,55,On-Time
TRIP-11489,2024-02-11,18:20:00,RAIL-CST,Suburban Rail: Coast Line ⇄ Old City Junction,Suburban Rail,RAIL-EMU-502,Coastal Harbor Junction,Old City Main Junction,38.0,750,632,25.0,15800.0,15,66,Moderate Delay
TRIP-11490,2024-02-11,07:45:00,RAIL-EXT,Suburban Rail: Industrial Corridor ⇄ South Terminal,Suburban Rail,RAIL-EMU-602,Northern Industrial Zone,South Terminal Intermodal,42.5,750,237,30.0,7110.0,0,65,On-Time
TRIP-11491,2024-02-11,08:10:45,RAIL-EXT,Suburban Rail: Industrial Corridor ⇄ South Terminal,Suburban Rail,RAIL-EMU-603,Northern Industrial Zone,South Terminal Intermodal,42.5,750,536,30.0,16080.0,0,65,On-Time
TRIP-11492,2024-02-11,14:45:00,RAIL-EXT,Suburban Rail: Industrial Corridor ⇄ South Terminal,Suburban Rail,RAIL-EMU-606,Northern Industrial Zone,South Terminal Intermodal,42.5,750,310,30.0,9300.0,0,65,On-Time
TRIP-11493,2024-02-11,20:50:45,RAIL-EXT,Suburban Rail: Industrial Corridor ⇄ South Terminal,Suburban Rail,RAIL-EMU-604,Northern Industrial Zone,South Terminal Intermodal,42.5,750,405,30.0,12150.0,7,70,Moderate Delay
TRIP-11494,2024-02-11,06:50:45,BRTS-01,BRTS Ring Corridor: Outer Express,BRTS,BRTS-OR-08,East Ring Hub,West Ring Hub,18.0,85,19,35.0,665.0,0,32,On-Time
TRIP-11495,2024-02-11,12:20:00,BRTS-01,BRTS Ring Corridor: Outer Express,BRTS,BRTS-OR-02,East Ring Hub,West Ring Hub,18.0,85,36,35.0,1260.0,6,36,Moderate Delay
TRIP-11496,2024-02-11,13:30:30,BRTS-01,BRTS Ring Corridor: Outer Express,BRTS,BRTS-OR-03,East Ring Hub,West Ring Hub,18.0,85,30,35.0,1050.0,0,32,On-Time
TRIP-11497,2024-02-11,22:20:45,BRTS-01,BRTS Ring Corridor: Outer Express,BRTS,BRTS-OR-08,East Ring Hub,West Ring Hub,18.0,85,19,35.0,665.0,7,37,Moderate Delay
TRIP-11498,2024-02-12,07:45:30,BUS-101,Central Station ⇄ IT Tech Park,Bus,BUS-KA01-E110,Central Railway Station,Cyber City Tech Park,16.5,60,34,30.0,1020.0,0,45,On-Time
TRIP-11499,2024-02-12,10:45:00,BUS-101,Central Station ⇄ IT Tech Park,Bus,BUS-KA01-E106,Central Railway Station,Cyber City Tech Park,16.5,60,51,30.0,1530.0,35,70,Major Delay
TRIP-11500,2024-02-12,13:20:30,BUS-101,Central Station ⇄ IT Tech Park,Bus,BUS-KA01-E102,Central Railway Station,Cyber City Tech Park,16.5,60,33,30.0,990.0,0,45,On-Time
TRIP-11501,2024-02-12,18:10:45,BUS-101,Central Station ⇄ IT Tech Park,Bus,BUS-KA01-E102,Central Railway Station,Cyber City Tech Park,16.5,60,64,30.0,1920.0,4,47,Moderate Delay
TRIP-11502,2024-02-12,22:15:15,BUS-101,Central Station ⇄ IT Tech Park,Bus,BUS-KA01-E107,Central Railway Station,Cyber City Tech Park,16.5,60,17,30.0,510.0,0,45,On-Time
TRIP-11503,2024-02-12,08:45:45,BUS-102,Airport Express ⇄ Downtown Terminal,Bus,BUS-KA01-A205,International Airport Terminal 2,Downtown Central Terminal,28.0,50,43,90.0,3870.0,22,77,Major Delay
TRIP-11504,2024-02-12,11:40:30,BUS-102,Airport Express ⇄ Downtown Terminal,Bus,BUS-KA01-A204,International Airport Terminal 2,Downtown Central Terminal,28.0,50,32,90.0,2880.0,5,63,Moderate Delay
TRIP-11505,2024-02-12,17:40:30,BUS-102,Airport Express ⇄ Downtown Terminal,Bus,BUS-KA01-A203,International Airport Terminal 2,Downtown Central Terminal,28.0,50,54,90.0,4860.0,25,81,Major Delay
TRIP-11506,2024-02-12,21:15:45,BUS-102,Airport Express ⇄ Downtown Terminal,Bus,BUS-KA01-A202,International Airport Terminal 2,Downtown Central Terminal,28.0,50,19,90.0,1710.0,0,60,On-Time
TRIP-11507,2024-02-12,09:10:45,BUS-105,Westside Mall ⇄ Harbor Port,Bus,BUS-KA02-W302,Westside Mall Circle,South Harbor Port Gate,14.2,60,64,25.0,1600.0,33,62,Major Delay
TRIP-11508,2024-02-12,12:40:15,BUS-105,Westside Mall ⇄ Harbor Port,Bus,BUS-KA02-W307,Westside Mall Circle,South Harbor Port Gate,14.2,60,33,25.0,825.0,4,40,Moderate Delay
TRIP-11509,2024-02-12,15:30:30,BUS-105,Westside Mall ⇄ Harbor Port,Bus,BUS-KA02-W309,Westside Mall Circle,South Harbor Port Gate,14.2,60,42,25.0,1050.0,0,38,On-Time
TRIP-11510,2024-02-12,07:20:30,BUS-110,University Campus ⇄ City Center,Bus,BUS-KA02-U409,State University North Gate,City Commercial Center,11.0,60,27,20.0,540.0,0,32,On-Time
TRIP-11511,2024-02-12,08:45:30,BUS-110,University Campus ⇄ City Center,Bus,BUS-KA02-U408,State University North Gate,City Commercial Center,11.0,60,64,20.0,1280.0,0,32,On-Time
TRIP-11512,2024-02-12,12:20:15,BUS-110,University Campus ⇄ City Center,Bus,BUS-KA02-U403,State University North Gate,City Commercial Center,11.0,60,28,20.0,560.0,4,34,Moderate Delay
TRIP-11513,2024-02-12,15:15:15,BUS-110,University Campus ⇄ City Center,Bus,BUS-KA02-U401,State University North Gate,City Commercial Center,11.0,60,40,20.0,800.0,2,33,On-Time
TRIP-11514,2024-02-12,21:15:45,BUS-110,University Campus ⇄ City Center,Bus,BUS-KA02-U402,State University North Gate,City Commercial Center,11.0,60,28,20.0,560.0,0,32,On-Time
TRIP-11515,2024-02-12,12:50:30,METRO-BLU,Metro Blue Line: North Ridge ⇄ Tech Valley,Metro,METRO-B-10,North Ridge Terminal,Tech Valley Central,24.5,320,177,45.0,7965.0,0,35,On-Time
TRIP-11516,2024-02-12,18:20:15,METRO-BLU,Metro Blue Line: North Ridge ⇄ Tech Valley,Metro,METRO-B-07,North Ridge Terminal,Tech Valley Central,24.5,320,345,45.0,15525.0,0,35,On-Time
TRIP-11517,2024-02-12,21:50:45,METRO-BLU,Metro Blue Line: North Ridge ⇄ Tech Valley,Metro,METRO-B-07,North Ridge Terminal,Tech Valley Central,24.5,320,168,45.0,7560.0,0,35,On-Time
TRIP-11518,2024-02-12,22:40:15,METRO-BLU,Metro Blue Line: North Ridge ⇄ Tech Valley,Metro,METRO-B-06,North Ridge Terminal,Tech Valley Central,24.5,320,77,45.0,3465.0,0,35,On-Time
TRIP-11519,2024-02-12,09:40:15,METRO-RED,Metro Red Line: East Suburb ⇄ Financial District,Metro,METRO-R-06,East Suburb Terminal,Financial District Hub,21.0,320,345,40.0,13800.0,0,30,On-Time
TRIP-11520,2024-02-12,12:20:00,METRO-RED,Metro Red Line: East Suburb ⇄ Financial District,Metro,METRO-R-05,East Suburb Terminal,Financial District Hub,21.0,320,198,40.0,7920.0,0,30,On-Time
TRIP-11521,2024-02-12,14:00:30,METRO-RED,Metro Red Line: East Suburb ⇄ Financial District,Metro,METRO-R-01,East Suburb Terminal,Financial District Hub,21.0,320,156,40.0,6240.0,0,30,On-Time
TRIP-11522,2024-02-12,15:30:30,METRO-RED,Metro Red Line: East Suburb ⇄ Financial District,Metro,METRO-R-08,East Suburb Terminal,Financial District Hub,21.0,320,226,40.0,9040.0,0,30,On-Time
TRIP-11523,2024-02-12,19:50:45,METRO-RED,Metro Red Line: East Suburb ⇄ Financial District,Metro,METRO-R-09,East Suburb Terminal,Financial District Hub,21.0,320,292,40.0,11680.0,0,30,On-Time
TRIP-11524,2024-02-12,21:10:00,METRO-RED,Metro Red Line: East Suburb ⇄ Financial District,Metro,METRO-R-03,East Suburb Terminal,Financial District Hub,21.0,320,147,40.0,5880.0,0,30,On-Time
TRIP-11525,2024-02-12,08:10:00,RAIL-CST,Suburban Rail: Coast Line ⇄ Old City Junction,Suburban Rail,RAIL-EMU-507,Coastal Harbor Junction,Old City Main Junction,38.0,750,797,25.0,19925.0,0,55,On-Time
TRIP-11526,2024-02-12,19:30:15,RAIL-CST,Suburban Rail: Coast Line ⇄ Old City Junction,Suburban Rail,RAIL-EMU-506,Coastal Harbor Junction,Old City Main Junction,38.0,750,810,25.0,20250.0,0,55,On-Time
TRIP-11527,2024-02-12,11:00:45,RAIL-EXT,Suburban Rail: Industrial Corridor ⇄ South Terminal,Suburban Rail,RAIL-EMU-602,Northern Industrial Zone,South Terminal Intermodal,42.5,750,462,30.0,13860.0,0,65,On-Time
TRIP-11528,2024-02-12,14:15:30,RAIL-EXT,Suburban Rail: Industrial Corridor ⇄ South Terminal,Suburban Rail,RAIL-EMU-602,Northern Industrial Zone,South Terminal Intermodal,42.5,750,375,30.0,11250.0,0,65,On-Time
TRIP-11529,2024-02-12,17:45:15,RAIL-EXT,Suburban Rail: Industrial Corridor ⇄ South Terminal,Suburban Rail,RAIL-EMU-603,Northern Industrial Zone,South Terminal Intermodal,42.5,750,810,30.0,24300.0,0,65,On-Time
TRIP-11530,2024-02-12,09:10:45,BRTS-01,BRTS Ring Corridor: Outer Express,BRTS,BRTS-OR-02,East Ring Hub,West Ring Hub,18.0,85,85,35.0,2975.0,0,32,On-Time
TRIP-11531,2024-02-12,11:15:30,BRTS-01,BRTS Ring Corridor: Outer Express,BRTS,BRTS-OR-01,East Ring Hub,West Ring Hub,18.0,85,56,35.0,1960.0,0,32,On-Time
TRIP-11532,2024-02-12,13:20:30,BRTS-01,BRTS Ring Corridor: Outer Express,BRTS,BRTS-OR-05,East Ring Hub,West Ring Hub,18.0,85,47,35.0,1645.0,0,32,On-Time
TRIP-11533,2024-02-12,17:20:15,BRTS-01,BRTS Ring Corridor: Outer Express,BRTS,BRTS-OR-03,East Ring Hub,West Ring Hub,18.0,85,88,35.0,3080.0,22,44,Major Delay
TRIP-11534,2024-02-13,09:30:15,BUS-101,Central Station ⇄ IT Tech Park,Bus,BUS-KA01-E108,Central Railway Station,Cyber City Tech Park,16.5,60,62,30.0,1860.0,32,64,Major Delay
TRIP-11535,2024-02-13,16:40:30,BUS-101,Central Station ⇄ IT Tech Park,Bus,BUS-KA01-E111,Central Railway Station,Cyber City Tech Park,16.5,60,46,30.0,1380.0,0,45,On-Time
TRIP-11536,2024-02-13,19:15:00,BUS-101,Central Station ⇄ IT Tech Park,Bus,BUS-KA01-E110,Central Railway Station,Cyber City Tech Park,16.5,60,64,30.0,1920.0,0,45,On-Time
TRIP-11537,2024-02-13,20:20:45,BUS-101,Central Station ⇄ IT Tech Park,Bus,BUS-KA01-E104,Central Railway Station,Cyber City Tech Park,16.5,60,44,30.0,1320.0,0,45,On-Time
TRIP-11538,2024-02-13,21:40:30,BUS-101,Central Station ⇄ IT Tech Park,Bus,BUS-KA01-E108,Central Railway Station,Cyber City Tech Park,16.5,60,24,30.0,720.0,0,45,On-Time
TRIP-11539,2024-02-13,07:15:45,BUS-102,Airport Express ⇄ Downtown Terminal,Bus,BUS-KA01-A207,International Airport Terminal 2,Downtown Central Terminal,28.0,50,22,90.0,1980.0,0,60,On-Time
TRIP-11540,2024-02-13,09:00:30,BUS-102,Airport Express ⇄ Downtown Terminal,Bus,BUS-KA01-A201,International Airport Terminal 2,Downtown Central Terminal,28.0,50,54,90.0,4860.0,0,60,On-Time
TRIP-11541,2024-02-13,14:15:45,BUS-102,Airport Express ⇄ Downtown Terminal,Bus,BUS-KA01-A203,International Airport Terminal 2,Downtown Central Terminal,28.0,50,29,90.0,2610.0,0,60,On-Time
TRIP-11542,2024-02-13,16:40:30,BUS-102,Airport Express ⇄ Downtown Terminal,Bus,BUS-KA01-A208,International Airport Terminal 2,Downtown Central Terminal,28.0,50,35,90.0,3150.0,0,60,On-Time
TRIP-11543,2024-02-13,12:20:30,BUS-105,Westside Mall ⇄ Harbor Port,Bus,BUS-KA02-W307,Westside Mall Circle,South Harbor Port Gate,14.2,60,39,25.0,975.0,0,38,On-Time
TRIP-11544,2024-02-13,13:30:00,BUS-105,Westside Mall ⇄ Harbor Port,Bus,BUS-KA02-W309,Westside Mall Circle,South Harbor Port Gate,14.2,60,40,25.0,1000.0,0,38,On-Time
TRIP-11545,2024-02-13,17:10:45,BUS-105,Westside Mall ⇄ Harbor Port,Bus,BUS-KA02-W303,Westside Mall Circle,South Harbor Port Gate,14.2,60,64,25.0,1600.0,29,59,Major Delay
TRIP-11546,2024-02-13,19:15:30,BUS-105,Westside Mall ⇄ Harbor Port,Bus,BUS-KA02-W304,Westside Mall Circle,South Harbor Port Gate,14.2,60,64,25.0,1600.0,0,38,On-Time
TRIP-11547,2024-02-13,20:15:15,BUS-105,Westside Mall ⇄ Harbor Port,Bus,BUS-KA02-W302,Westside Mall Circle,South Harbor Port Gate,14.2,60,50,25.0,1250.0,0,38,On-Time
TRIP-11548,2024-02-13,10:15:45,BUS-110,University Campus ⇄ City Center,Bus,BUS-KA02-U402,State University North Gate,City Commercial Center,11.0,60,45,20.0,900.0,15,41,Moderate Delay
TRIP-11549,2024-02-13,12:15:15,BUS-110,University Campus ⇄ City Center,Bus,BUS-KA02-U403,State University North Gate,City Commercial Center,11.0,60,41,20.0,820.0,0,32,On-Time
TRIP-11550,2024-02-13,13:40:00,BUS-110,University Campus ⇄ City Center,Bus,BUS-KA02-U407,State University North Gate,City Commercial Center,11.0,60,33,20.0,660.0,0,32,On-Time
TRIP-11551,2024-02-13,17:20:45,BUS-110,University Campus ⇄ City Center,Bus,BUS-KA02-U402,State University North Gate,City Commercial Center,11.0,60,64,20.0,1280.0,0,32,On-Time
TRIP-11552,2024-02-13,08:40:30,METRO-BLU,Metro Blue Line: North Ridge ⇄ Tech Valley,Metro,METRO-B-07,North Ridge Terminal,Tech Valley Central,24.5,320,345,45.0,15525.0,0,35,On-Time
TRIP-11553,2024-02-13,10:10:30,METRO-BLU,Metro Blue Line: North Ridge ⇄ Tech Valley,Metro,METRO-B-04,North Ridge Terminal,Tech Valley Central,24.5,320,298,45.0,13410.0,0,35,On-Time
TRIP-11554,2024-02-13,12:15:15,METRO-BLU,Metro Blue Line: North Ridge ⇄ Tech Valley,Metro,METRO-B-10,North Ridge Terminal,Tech Valley Central,24.5,320,181,45.0,8145.0,0,35,On-Time
TRIP-11555,2024-02-13,16:45:00,METRO-BLU,Metro Blue Line: North Ridge ⇄ Tech Valley,Metro,METRO-B-05,North Ridge Terminal,Tech Valley Central,24.5,320,279,45.0,12555.0,4,37,Moderate Delay
TRIP-11556,2024-02-13,18:45:00,METRO-BLU,Metro Blue Line: North Ridge ⇄ Tech Valley,Metro,METRO-B-05,North Ridge Terminal,Tech Valley Central,24.5,320,345,45.0,15525.0,0,35,On-Time
TRIP-11557,2024-02-13,06:15:15,METRO-RED,Metro Red Line: East Suburb ⇄ Financial District,Metro,METRO-R-02,East Suburb Terminal,Financial District Hub,21.0,320,80,40.0,3200.0,0,30,On-Time
TRIP-11558,2024-02-13,10:40:00,METRO-RED,Metro Red Line: East Suburb ⇄ Financial District,Metro,METRO-R-03,East Suburb Terminal,Financial District Hub,21.0,320,318,40.0,12720.0,1,30,On-Time
TRIP-11559,2024-02-13,12:45:45,METRO-RED,Metro Red Line: East Suburb ⇄ Financial District,Metro,METRO-R-07,East Suburb Terminal,Financial District Hub,21.0,320,154,40.0,6160.0,0,30,On-Time
TRIP-11560,2024-02-13,18:00:30,METRO-RED,Metro Red Line: East Suburb ⇄ Financial District,Metro,METRO-R-08,East Suburb Terminal,Financial District Hub,21.0,320,345,40.0,13800.0,0,30,On-Time
TRIP-11561,2024-02-13,21:40:45,METRO-RED,Metro Red Line: East Suburb ⇄ Financial District,Metro,METRO-R-02,East Suburb Terminal,Financial District Hub,21.0,320,169,40.0,6760.0,0,30,On-Time
TRIP-11562,2024-02-13,18:10:15,RAIL-CST,Suburban Rail: Coast Line ⇄ Old City Junction,Suburban Rail,RAIL-EMU-503,Coastal Harbor Junction,Old City Main Junction,38.0,750,745,25.0,18625.0,0,55,On-Time
TRIP-11563,2024-02-13,19:20:45,RAIL-CST,Suburban Rail: Coast Line ⇄ Old City Junction,Suburban Rail,RAIL-EMU-504,Coastal Harbor Junction,Old City Main Junction,38.0,750,766,25.0,19150.0,4,57,Moderate Delay
TRIP-11564,2024-02-13,07:40:30,RAIL-EXT,Suburban Rail: Industrial Corridor ⇄ South Terminal,Suburban Rail,RAIL-EMU-601,Northern Industrial Zone,South Terminal Intermodal,42.5,750,382,30.0,11460.0,0,65,On-Time
TRIP-11565,2024-02-13,17:30:15,RAIL-EXT,Suburban Rail: Industrial Corridor ⇄ South Terminal,Suburban Rail,RAIL-EMU-606,Northern Industrial Zone,South Terminal Intermodal,42.5,750,773,30.0,23190.0,17,75,Major Delay
TRIP-11566,2024-02-13,20:00:00,RAIL-EXT,Suburban Rail: Industrial Corridor ⇄ South Terminal,Suburban Rail,RAIL-EMU-601,Northern Industrial Zone,South Terminal Intermodal,42.5,750,556,30.0,16680.0,7,69,Moderate Delay
TRIP-11567,2024-02-13,08:50:45,BRTS-01,BRTS Ring Corridor: Outer Express,BRTS,BRTS-OR-04,East Ring Hub,West Ring Hub,18.0,85,91,35.0,3185.0,33,57,Major Delay
TRIP-11568,2024-02-13,09:50:00,BRTS-01,BRTS Ring Corridor: Outer Express,BRTS,BRTS-OR-02,East Ring Hub,West Ring Hub,18.0,85,84,35.0,2940.0,13,41,Moderate Delay
TRIP-11569,2024-02-13,10:45:00,BRTS-01,BRTS Ring Corridor: Outer Express,BRTS,BRTS-OR-07,East Ring Hub,West Ring Hub,18.0,85,74,35.0,2590.0,0,32,On-Time
TRIP-11570,2024-02-13,16:00:15,BRTS-01,BRTS Ring Corridor: Outer Express,BRTS,BRTS-OR-02,East Ring Hub,West Ring Hub,18.0,85,82,35.0,2870.0,0,32,On-Time
TRIP-11571,2024-02-13,17:45:00,BRTS-01,BRTS Ring Corridor: Outer Express,BRTS,BRTS-OR-04,East Ring Hub,West Ring Hub,18.0,85,91,35.0,3185.0,0,32,On-Time
TRIP-11572,2024-02-14,07:45:30,BUS-101,Central Station ⇄ IT Tech Park,Bus,BUS-KA01-E111,Central Railway Station,Cyber City Tech Park,16.5,60,34,30.0,1020.0,0,45,On-Time
TRIP-11573,2024-02-14,09:00:45,BUS-101,Central Station ⇄ IT Tech Park,Bus,BUS-KA01-E107,Central Railway Station,Cyber City Tech Park,16.5,60,64,30.0,1920.0,0,45,On-Time
TRIP-11574,2024-02-14,13:20:00,BUS-101,Central Station ⇄ IT Tech Park,Bus,BUS-KA01-E108,Central Railway Station,Cyber City Tech Park,16.5,60,37,30.0,1110.0,0,45,On-Time
TRIP-11575,2024-02-14,15:40:00,BUS-101,Central Station ⇄ IT Tech Park,Bus,BUS-KA01-E110,Central Railway Station,Cyber City Tech Park,16.5,60,35,30.0,1050.0,6,48,Moderate Delay
TRIP-11576,2024-02-14,17:30:45,BUS-101,Central Station ⇄ IT Tech Park,Bus,BUS-KA01-E107,Central Railway Station,Cyber City Tech Park,16.5,60,64,30.0,1920.0,0,45,On-Time
TRIP-11577,2024-02-14,06:40:45,BUS-102,Airport Express ⇄ Downtown Terminal,Bus,BUS-KA01-A209,International Airport Terminal 2,Downtown Central Terminal,28.0,50,11,90.0,990.0,0,60,On-Time
TRIP-11578,2024-02-14,11:15:45,BUS-102,Airport Express ⇄ Downtown Terminal,Bus,BUS-KA01-A208,International Airport Terminal 2,Downtown Central Terminal,28.0,50,28,90.0,2520.0,10,68,Moderate Delay
TRIP-11579,2024-02-14,16:40:00,BUS-102,Airport Express ⇄ Downtown Terminal,Bus,BUS-KA01-A205,International Airport Terminal 2,Downtown Central Terminal,28.0,50,36,90.0,3240.0,0,60,On-Time
TRIP-11580,2024-02-14,20:40:45,BUS-102,Airport Express ⇄ Downtown Terminal,Bus,BUS-KA01-A206,International Airport Terminal 2,Downtown Central Terminal,28.0,50,42,90.0,3780.0,10,67,Moderate Delay
TRIP-11581,2024-02-14,06:30:45,BUS-105,Westside Mall ⇄ Harbor Port,Bus,BUS-KA02-W307,Westside Mall Circle,South Harbor Port Gate,14.2,60,18,25.0,450.0,0,38,On-Time
TRIP-11582,2024-02-14,18:10:00,BUS-105,Westside Mall ⇄ Harbor Port,Bus,BUS-KA02-W303,Westside Mall Circle,South Harbor Port Gate,14.2,60,64,25.0,1600.0,11,46,Moderate Delay
TRIP-11583,2024-02-14,19:15:45,BUS-105,Westside Mall ⇄ Harbor Port,Bus,BUS-KA02-W305,Westside Mall Circle,South Harbor Port Gate,14.2,60,64,25.0,1600.0,17,49,Major Delay
TRIP-11584,2024-02-14,20:40:30,BUS-105,Westside Mall ⇄ Harbor Port,Bus,BUS-KA02-W306,Westside Mall Circle,South Harbor Port Gate,14.2,60,49,25.0,1225.0,0,38,On-Time
TRIP-11585,2024-02-14,22:45:15,BUS-105,Westside Mall ⇄ Harbor Port,Bus,BUS-KA02-W308,Westside Mall Circle,South Harbor Port Gate,14.2,60,20,25.0,500.0,0,38,On-Time
TRIP-11586,2024-02-14,10:00:30,BUS-110,University Campus ⇄ City Center,Bus,BUS-KA02-U402,State University North Gate,City Commercial Center,11.0,60,62,20.0,1240.0,0,32,On-Time
TRIP-11587,2024-02-14,11:45:45,BUS-110,University Campus ⇄ City Center,Bus,BUS-KA02-U404,State University North Gate,City Commercial Center,11.0,60,45,20.0,900.0,0,32,On-Time
TRIP-11588,2024-02-14,18:15:00,BUS-110,University Campus ⇄ City Center,Bus,BUS-KA02-U406,State University North Gate,City Commercial Center,11.0,60,64,20.0,1280.0,0,32,On-Time
TRIP-11589,2024-02-14,11:10:30,METRO-BLU,Metro Blue Line: North Ridge ⇄ Tech Valley,Metro,METRO-B-07,North Ridge Terminal,Tech Valley Central,24.5,320,165,45.0,7425.0,0,35,On-Time
TRIP-11590,2024-02-14,13:20:15,METRO-BLU,Metro Blue Line: North Ridge ⇄ Tech Valley,Metro,METRO-B-08,North Ridge Terminal,Tech Valley Central,24.5,320,176,45.0,7920.0,0,35,On-Time
TRIP-11591,2024-02-14,15:20:30,METRO-BLU,Metro Blue Line: North Ridge ⇄ Tech Valley,Metro,METRO-B-08,North Ridge Terminal,Tech Valley Central,24.5,320,184,45.0,8280.0,1,35,On-Time
TRIP-11592,2024-02-14,16:50:15,METRO-BLU,Metro Blue Line: North Ridge ⇄ Tech Valley,Metro,METRO-B-03,North Ridge Terminal,Tech Valley Central,24.5,320,283,45.0,12735.0,0,35,On-Time
TRIP-11593,2024-02-14,19:50:00,METRO-BLU,Metro Blue Line: North Ridge ⇄ Tech Valley,Metro,METRO-B-03,North Ridge Terminal,Tech Valley Central,24.5,320,345,45.0,15525.0,0,35,On-Time
TRIP-11594,2024-02-14,22:20:45,METRO-BLU,Metro Blue Line: North Ridge ⇄ Tech Valley,Metro,METRO-B-07,North Ridge Terminal,Tech Valley Central,24.5,320,104,45.0,4680.0,1,35,On-Time
TRIP-11595,2024-02-14,07:10:00,METRO-RED,Metro Red Line: East Suburb ⇄ Financial District,Metro,METRO-R-07,East Suburb Terminal,Financial District Hub,21.0,320,163,40.0,6520.0,0,30,On-Time
TRIP-11596,2024-02-14,10:00:30,METRO-RED,Metro Red Line: East Suburb ⇄ Financial District,Metro,METRO-R-08,East Suburb Terminal,Financial District Hub,21.0,320,287,40.0,11480.0,0,30,On-Time
TRIP-11597,2024-02-14,12:45:00,METRO-RED,Metro Red Line: East Suburb ⇄ Financial District,Metro,METRO-R-10,East Suburb Terminal,Financial District Hub,21.0,320,161,40.0,6440.0,0,30,On-Time
TRIP-11598,2024-02-14,18:10:15,METRO-RED,Metro Red Line: East Suburb ⇄ Financial District,Metro,METRO-R-04,East Suburb Terminal,Financial District Hub,21.0,320,345,40.0,13800.0,0,30,On-Time
TRIP-11599,2024-02-14,21:50:15,METRO-RED,Metro Red Line: East Suburb ⇄ Financial District,Metro,METRO-R-08,East Suburb Terminal,Financial District Hub,21.0,320,141,40.0,5640.0,0,30,On-Time
TRIP-11600,2024-02-14,22:50:15,METRO-RED,Metro Red Line: East Suburb ⇄ Financial District,Metro,METRO-R-06,East Suburb Terminal,Financial District Hub,21.0,320,105,40.0,4200.0,0,30,On-Time
TRIP-11601,2024-02-14,14:00:15,RAIL-CST,Suburban Rail: Coast Line ⇄ Old City Junction,Suburban Rail,RAIL-EMU-503,Coastal Harbor Junction,Old City Main Junction,38.0,750,386,25.0,9650.0,0,55,On-Time
TRIP-11602,2024-02-14,15:40:30,RAIL-CST,Suburban Rail: Coast Line ⇄ Old City Junction,Suburban Rail,RAIL-EMU-503,Coastal Harbor Junction,Old City Main Junction,38.0,750,467,25.0,11675.0,0,55,On-Time
TRIP-11603,2024-02-14,22:50:45,RAIL-CST,Suburban Rail: Coast Line ⇄ Old City Junction,Suburban Rail,RAIL-EMU-503,Coastal Harbor Junction,Old City Main Junction,38.0,750,240,25.0,6000.0,3,56,On-Time
TRIP-11604,2024-02-14,06:20:30,RAIL-EXT,Suburban Rail: Industrial Corridor ⇄ South Terminal,Suburban Rail,RAIL-EMU-606,Northern Industrial Zone,South Terminal Intermodal,42.5,750,169,30.0,5070.0,6,69,Moderate Delay
TRIP-11605,2024-02-14,13:45:45,RAIL-EXT,Suburban Rail: Industrial Corridor ⇄ South Terminal,Suburban Rail,RAIL-EMU-605,Northern Industrial Zone,South Terminal Intermodal,42.5,750,441,30.0,13230.0,6,69,Moderate Delay
TRIP-11606,2024-02-14,14:40:30,RAIL-EXT,Suburban Rail: Industrial Corridor ⇄ South Terminal,Suburban Rail,RAIL-EMU-607,Northern Industrial Zone,South Terminal Intermodal,42.5,750,428,30.0,12840.0,0,65,On-Time
TRIP-11607,2024-02-14,06:10:30,BRTS-01,BRTS Ring Corridor: Outer Express,BRTS,BRTS-OR-02,East Ring Hub,West Ring Hub,18.0,85,19,35.0,665.0,3,33,On-Time
TRIP-11608,2024-02-14,11:20:30,BRTS-01,BRTS Ring Corridor: Outer Express,BRTS,BRTS-OR-01,East Ring Hub,West Ring Hub,18.0,85,54,35.0,1890.0,0,32,On-Time
TRIP-11609,2024-02-14,12:20:15,BRTS-01,BRTS Ring Corridor: Outer Express,BRTS,BRTS-OR-02,East Ring Hub,West Ring Hub,18.0,85,48,35.0,1680.0,2,33,On-Time
TRIP-11610,2024-02-14,13:30:00,BRTS-01,BRTS Ring Corridor: Outer Express,BRTS,BRTS-OR-04,East Ring Hub,West Ring Hub,18.0,85,56,35.0,1960.0,10,39,Moderate Delay
TRIP-11611,2024-02-14,21:30:15,BRTS-01,BRTS Ring Corridor: Outer Express,BRTS,BRTS-OR-08,East Ring Hub,West Ring Hub,18.0,85,44,35.0,1540.0,0,32,On-Time
TRIP-11612,2024-02-15,07:30:00,BUS-101,Central Station ⇄ IT Tech Park,Bus,BUS-KA01-E103,Central Railway Station,Cyber City Tech Park,16.5,60,34,30.0,1020.0,0,45,On-Time
TRIP-11613,2024-02-15,14:30:00,BUS-101,Central Station ⇄ IT Tech Park,Bus,BUS-KA01-E102,Central Railway Station,Cyber City Tech Park,16.5,60,31,30.0,930.0,10,51,Moderate Delay
TRIP-11614,2024-02-15,21:00:30,BUS-101,Central Station ⇄ IT Tech Park,Bus,BUS-KA01-E102,Central Railway Station,Cyber City Tech Park,16.5,60,32,30.0,960.0,8,49,Moderate Delay
TRIP-11615,2024-02-15,09:20:45,BUS-102,Airport Express ⇄ Downtown Terminal,Bus,BUS-KA01-A202,International Airport Terminal 2,Downtown Central Terminal,28.0,50,54,90.0,4860.0,31,86,Major Delay
TRIP-11616,2024-02-15,12:50:15,BUS-102,Airport Express ⇄ Downtown Terminal,Bus,BUS-KA01-A201,International Airport Terminal 2,Downtown Central Terminal,28.0,50,31,90.0,2790.0,0,60,On-Time
TRIP-11617,2024-02-15,14:30:45,BUS-102,Airport Express ⇄ Downtown Terminal,Bus,BUS-KA01-A209,International Airport Terminal 2,Downtown Central Terminal,28.0,50,31,90.0,2790.0,0,60,On-Time
TRIP-11618,2024-02-15,15:50:30,BUS-102,Airport Express ⇄ Downtown Terminal,Bus,BUS-KA01-A204,International Airport Terminal 2,Downtown Central Terminal,28.0,50,39,90.0,3510.0,0,60,On-Time
TRIP-11619,2024-02-15,13:10:15,BUS-105,Westside Mall ⇄ Harbor Port,Bus,BUS-KA02-W308,Westside Mall Circle,South Harbor Port Gate,14.2,60,33,25.0,825.0,0,38,On-Time
TRIP-11620,2024-02-15,14:50:15,BUS-105,Westside Mall ⇄ Harbor Port,Bus,BUS-KA02-W302,Westside Mall Circle,South Harbor Port Gate,14.2,60,31,25.0,775.0,0,38,On-Time
TRIP-11621,2024-02-15,15:50:30,BUS-105,Westside Mall ⇄ Harbor Port,Bus,BUS-KA02-W302,Westside Mall Circle,South Harbor Port Gate,14.2,60,42,25.0,1050.0,0,38,On-Time
TRIP-11622,2024-02-15,16:20:15,BUS-105,Westside Mall ⇄ Harbor Port,Bus,BUS-KA02-W308,Westside Mall Circle,South Harbor Port Gate,14.2,60,45,25.0,1125.0,0,38,On-Time
TRIP-11623,2024-02-15,12:15:30,BUS-110,University Campus ⇄ City Center,Bus,BUS-KA02-U403,State University North Gate,City Commercial Center,11.0,60,31,20.0,620.0,0,32,On-Time
TRIP-11624,2024-02-15,15:15:30,BUS-110,University Campus ⇄ City Center,Bus,BUS-KA02-U407,State University North Gate,City Commercial Center,11.0,60,47,20.0,940.0,0,32,On-Time
TRIP-11625,2024-02-15,22:30:15,BUS-110,University Campus ⇄ City Center,Bus,BUS-KA02-U405,State University North Gate,City Commercial Center,11.0,60,21,20.0,420.0,0,32,On-Time
TRIP-11626,2024-02-15,10:40:45,METRO-BLU,Metro Blue Line: North Ridge ⇄ Tech Valley,Metro,METRO-B-01,North Ridge Terminal,Tech Valley Central,24.5,320,276,45.0,12420.0,0,35,On-Time
TRIP-11627,2024-02-15,11:45:00,METRO-BLU,Metro Blue Line: North Ridge ⇄ Tech Valley,Metro,METRO-B-08,North Ridge Terminal,Tech Valley Central,24.5,320,242,45.0,10890.0,0,35,On-Time
TRIP-11628,2024-02-15,15:30:00,METRO-BLU,Metro Blue Line: North Ridge ⇄ Tech Valley,Metro,METRO-B-06,North Ridge Terminal,Tech Valley Central,24.5,320,243,45.0,10935.0,5,38,Moderate Delay
TRIP-11629,2024-02-15,17:00:30,METRO-BLU,Metro Blue Line: North Ridge ⇄ Tech Valley,Metro,METRO-B-10,North Ridge Terminal,Tech Valley Central,24.5,320,345,45.0,15525.0,4,38,Moderate Delay
TRIP-11630,2024-02-15,20:50:30,METRO-BLU,Metro Blue Line: North Ridge ⇄ Tech Valley,Metro,METRO-B-10,North Ridge Terminal,Tech Valley Central,24.5,320,212,45.0,9540.0,6,39,Moderate Delay
TRIP-11631,2024-02-15,07:20:30,METRO-RED,Metro Red Line: East Suburb ⇄ Financial District,Metro,METRO-R-01,East Suburb Terminal,Financial District Hub,21.0,320,200,40.0,8000.0,0,30,On-Time
TRIP-11632,2024-02-15,13:40:30,METRO-RED,Metro Red Line: East Suburb ⇄ Financial District,Metro,METRO-R-08,East Suburb Terminal,Financial District Hub,21.0,320,182,40.0,7280.0,0,30,On-Time
TRIP-11633,2024-02-15,17:15:00,METRO-RED,Metro Red Line: East Suburb ⇄ Financial District,Metro,METRO-R-03,East Suburb Terminal,Financial District Hub,21.0,320,334,40.0,13360.0,0,30,On-Time
TRIP-11634,2024-02-15,18:15:30,METRO-RED,Metro Red Line: East Suburb ⇄ Financial District,Metro,METRO-R-06,East Suburb Terminal,Financial District Hub,21.0,320,345,40.0,13800.0,0,30,On-Time
TRIP-11635,2024-02-15,20:30:30,METRO-RED,Metro Red Line: East Suburb ⇄ Financial District,Metro,METRO-R-06,East Suburb Terminal,Financial District Hub,21.0,320,271,40.0,10840.0,2,31,On-Time
TRIP-11636,2024-02-15,08:40:45,RAIL-CST,Suburban Rail: Coast Line ⇄ Old City Junction,Suburban Rail,RAIL-EMU-506,Coastal Harbor Junction,Old City Main Junction,38.0,750,726,25.0,18150.0,9,61,Moderate Delay
TRIP-11637,2024-02-15,12:30:30,RAIL-CST,Suburban Rail: Coast Line ⇄ Old City Junction,Suburban Rail,RAIL-EMU-506,Coastal Harbor Junction,Old City Main Junction,38.0,750,468,25.0,11700.0,0,55,On-Time
TRIP-11638,2024-02-15,20:45:45,RAIL-CST,Suburban Rail: Coast Line ⇄ Old City Junction,Suburban Rail,RAIL-EMU-505,Coastal Harbor Junction,Old City Main Junction,38.0,750,566,25.0,14150.0,0,55,On-Time
TRIP-11639,2024-02-15,17:00:45,RAIL-EXT,Suburban Rail: Industrial Corridor ⇄ South Terminal,Suburban Rail,RAIL-EMU-603,Northern Industrial Zone,South Terminal Intermodal,42.5,750,810,30.0,24300.0,0,65,On-Time
TRIP-11640,2024-02-15,22:50:30,RAIL-EXT,Suburban Rail: Industrial Corridor ⇄ South Terminal,Suburban Rail,RAIL-EMU-605,Northern Industrial Zone,South Terminal Intermodal,42.5,750,231,30.0,6930.0,0,65,On-Time
TRIP-11641,2024-02-15,09:10:45,BRTS-01,BRTS Ring Corridor: Outer Express,BRTS,BRTS-OR-07,East Ring Hub,West Ring Hub,18.0,85,91,35.0,3185.0,0,32,On-Time
TRIP-11642,2024-02-15,11:30:45,BRTS-01,BRTS Ring Corridor: Outer Express,BRTS,BRTS-OR-06,East Ring Hub,West Ring Hub,18.0,85,53,35.0,1855.0,0,32,On-Time
TRIP-11643,2024-02-15,18:10:15,BRTS-01,BRTS Ring Corridor: Outer Express,BRTS,BRTS-OR-07,East Ring Hub,West Ring Hub,18.0,85,91,35.0,3185.0,31,58,Major Delay
TRIP-11644,2024-02-16,06:00:00,BUS-101,Central Station ⇄ IT Tech Park,Bus,BUS-KA01-E104,Central Railway Station,Cyber City Tech Park,16.5,60,14,30.0,420.0,0,45,On-Time
TRIP-11645,2024-02-16,12:40:45,BUS-101,Central Station ⇄ IT Tech Park,Bus,BUS-KA01-E110,Central Railway Station,Cyber City Tech Park,16.5,60,38,30.0,1140.0,10,53,Moderate Delay
TRIP-11646,2024-02-16,15:15:15,BUS-101,Central Station ⇄ IT Tech Park,Bus,BUS-KA01-E109,Central Railway Station,Cyber City Tech Park,16.5,60,44,30.0,1320.0,3,46,On-Time
TRIP-11647,2024-02-16,19:00:15,BUS-101,Central Station ⇄ IT Tech Park,Bus,BUS-KA01-E106,Central Railway Station,Cyber City Tech Park,16.5,60,64,30.0,1920.0,0,45,On-Time
TRIP-11648,2024-02-16,22:20:15,BUS-101,Central Station ⇄ IT Tech Park,Bus,BUS-KA01-E104,Central Railway Station,Cyber City Tech Park,16.5,60,15,30.0,450.0,5,47,Moderate Delay
TRIP-11649,2024-02-16,06:10:45,BUS-102,Airport Express ⇄ Downtown Terminal,Bus,BUS-KA01-A204,International Airport Terminal 2,Downtown Central Terminal,28.0,50,10,90.0,900.0,0,60,On-Time
TRIP-11650,2024-02-16,10:45:00,BUS-102,Airport Express ⇄ Downtown Terminal,Bus,BUS-KA01-A202,International Airport Terminal 2,Downtown Central Terminal,28.0,50,45,90.0,4050.0,17,73,Major Delay
TRIP-11651,2024-02-16,13:10:15,BUS-102,Airport Express ⇄ Downtown Terminal,Bus,BUS-KA01-A203,International Airport Terminal 2,Downtown Central Terminal,28.0,50,28,90.0,2520.0,0,60,On-Time
TRIP-11652,2024-02-16,20:20:00,BUS-102,Airport Express ⇄ Downtown Terminal,Bus,BUS-KA01-A206,International Airport Terminal 2,Downtown Central Terminal,28.0,50,46,90.0,4140.0,0,60,On-Time
TRIP-11653,2024-02-16,07:40:45,BUS-105,Westside Mall ⇄ Harbor Port,Bus,BUS-KA02-W307,Westside Mall Circle,South Harbor Port Gate,14.2,60,28,25.0,700.0,8,42,Moderate Delay
TRIP-11654,2024-02-16,12:45:45,BUS-105,Westside Mall ⇄ Harbor Port,Bus,BUS-KA02-W302,Westside Mall Circle,South Harbor Port Gate,14.2,60,42,25.0,1050.0,6,43,Moderate Delay
TRIP-11655,2024-02-16,18:45:30,BUS-105,Westside Mall ⇄ Harbor Port,Bus,BUS-KA02-W307,Westside Mall Circle,South Harbor Port Gate,14.2,60,64,25.0,1600.0,0,38,On-Time
TRIP-11656,2024-02-16,22:50:00,BUS-105,Westside Mall ⇄ Harbor Port,Bus,BUS-KA02-W306,Westside Mall Circle,South Harbor Port Gate,14.2,60,21,25.0,525.0,0,38,On-Time
TRIP-11657,2024-02-16,08:00:15,BUS-110,University Campus ⇄ City Center,Bus,BUS-KA02-U401,State University North Gate,City Commercial Center,11.0,60,64,20.0,1280.0,34,59,Major Delay
TRIP-11658,2024-02-16,10:20:30,BUS-110,University Campus ⇄ City Center,Bus,BUS-KA02-U403,State University North Gate,City Commercial Center,11.0,60,53,20.0,1060.0,14,41,Moderate Delay
TRIP-11659,2024-02-16,13:15:15,BUS-110,University Campus ⇄ City Center,Bus,BUS-KA02-U401,State University North Gate,City Commercial Center,11.0,60,31,20.0,620.0,0,32,On-Time
TRIP-11660,2024-02-16,11:30:30,METRO-BLU,Metro Blue Line: North Ridge ⇄ Tech Valley,Metro,METRO-B-01,North Ridge Terminal,Tech Valley Central,24.5,320,165,45.0,7425.0,1,35,On-Time
TRIP-11661,2024-02-16,12:15:45,METRO-BLU,Metro Blue Line: North Ridge ⇄ Tech Valley,Metro,METRO-B-09,North Ridge Terminal,Tech Valley Central,24.5,320,157,45.0,7065.0,0,35,On-Time
TRIP-11662,2024-02-16,15:15:15,METRO-BLU,Metro Blue Line: North Ridge ⇄ Tech Valley,Metro,METRO-B-07,North Ridge Terminal,Tech Valley Central,24.5,320,181,45.0,8145.0,0,35,On-Time
TRIP-11663,2024-02-16,16:10:00,METRO-BLU,Metro Blue Line: North Ridge ⇄ Tech Valley,Metro,METRO-B-09,North Ridge Terminal,Tech Valley Central,24.5,320,313,45.0,14085.0,0,35,On-Time
TRIP-11664,2024-02-16,22:50:15,METRO-BLU,Metro Blue Line: North Ridge ⇄ Tech Valley,Metro,METRO-B-08,North Ridge Terminal,Tech Valley Central,24.5,320,109,45.0,4905.0,0,35,On-Time
TRIP-11665,2024-02-16,10:40:00,METRO-RED,Metro Red Line: East Suburb ⇄ Financial District,Metro,METRO-R-04,East Suburb Terminal,Financial District Hub,21.0,320,297,40.0,11880.0,0,30,On-Time
TRIP-11666,2024-02-16,11:15:15,METRO-RED,Metro Red Line: East Suburb ⇄ Financial District,Metro,METRO-R-02,East Suburb Terminal,Financial District Hub,21.0,320,205,40.0,8200.0,0,30,On-Time
TRIP-11667,2024-02-16,14:10:45,METRO-RED,Metro Red Line: East Suburb ⇄ Financial District,Metro,METRO-R-05,East Suburb Terminal,Financial District Hub,21.0,320,175,40.0,7000.0,0,30,On-Time
TRIP-11668,2024-02-16,16:15:30,METRO-RED,Metro Red Line: East Suburb ⇄ Financial District,Metro,METRO-R-09,East Suburb Terminal,Financial District Hub,21.0,320,245,40.0,9800.0,0,30,On-Time
TRIP-11669,2024-02-16,22:30:15,METRO-RED,Metro Red Line: East Suburb ⇄ Financial District,Metro,METRO-R-01,East Suburb Terminal,Financial District Hub,21.0,320,89,40.0,3560.0,0,30,On-Time
TRIP-11670,2024-02-16,07:15:00,RAIL-CST,Suburban Rail: Coast Line ⇄ Old City Junction,Suburban Rail,RAIL-EMU-503,Coastal Harbor Junction,Old City Main Junction,38.0,750,337,25.0,8425.0,4,57,Moderate Delay
TRIP-11671,2024-02-16,09:00:45,RAIL-CST,Suburban Rail: Coast Line ⇄ Old City Junction,Suburban Rail,RAIL-EMU-505,Coastal Harbor Junction,Old City Main Junction,38.0,750,810,25.0,20250.0,23,74,Major Delay
TRIP-11672,2024-02-16,18:45:45,RAIL-CST,Suburban Rail: Coast Line ⇄ Old City Junction,Suburban Rail,RAIL-EMU-501,Coastal Harbor Junction,Old City Main Junction,38.0,750,810,25.0,20250.0,11,62,Moderate Delay
TRIP-11673,2024-02-16,22:30:30,RAIL-CST,Suburban Rail: Coast Line ⇄ Old City Junction,Suburban Rail,RAIL-EMU-507,Coastal Harbor Junction,Old City Main Junction,38.0,750,210,25.0,5250.0,0,55,On-Time
TRIP-11674,2024-02-16,09:40:30,RAIL-EXT,Suburban Rail: Industrial Corridor ⇄ South Terminal,Suburban Rail,RAIL-EMU-605,Northern Industrial Zone,South Terminal Intermodal,42.5,750,742,30.0,22260.0,23,76,Major Delay
TRIP-11675,2024-02-16,16:15:00,RAIL-EXT,Suburban Rail: Industrial Corridor ⇄ South Terminal,Suburban Rail,RAIL-EMU-605,Northern Industrial Zone,South Terminal Intermodal,42.5,750,551,30.0,16530.0,0,65,On-Time
TRIP-11676,2024-02-16,20:30:15,RAIL-EXT,Suburban Rail: Industrial Corridor ⇄ South Terminal,Suburban Rail,RAIL-EMU-601,Northern Industrial Zone,South Terminal Intermodal,42.5,750,678,30.0,20340.0,0,65,On-Time
TRIP-11677,2024-02-16,09:15:15,BRTS-01,BRTS Ring Corridor: Outer Express,BRTS,BRTS-OR-03,East Ring Hub,West Ring Hub,18.0,85,91,35.0,3185.0,26,50,Major Delay
TRIP-11678,2024-02-16,11:00:30,BRTS-01,BRTS Ring Corridor: Outer Express,BRTS,BRTS-OR-03,East Ring Hub,West Ring Hub,18.0,85,55,35.0,1925.0,0,32,On-Time
TRIP-11679,2024-02-16,14:40:15,BRTS-01,BRTS Ring Corridor: Outer Express,BRTS,BRTS-OR-03,East Ring Hub,West Ring Hub,18.0,85,42,35.0,1470.0,10,37,Moderate Delay
TRIP-11680,2024-02-16,18:45:15,BRTS-01,BRTS Ring Corridor: Outer Express,BRTS,BRTS-OR-05,East Ring Hub,West Ring Hub,18.0,85,91,35.0,3185.0,0,32,On-Time
TRIP-11681,2024-02-16,19:45:45,BRTS-01,BRTS Ring Corridor: Outer Express,BRTS,BRTS-OR-05,East Ring Hub,West Ring Hub,18.0,85,91,35.0,3185.0,12,41,Moderate Delay
TRIP-11682,2024-02-17,08:30:15,BUS-101,Central Station ⇄ IT Tech Park,Bus,BUS-KA01-E101,Central Railway Station,Cyber City Tech Park,16.5,60,57,30.0,1710.0,0,45,On-Time
TRIP-11683,2024-02-17,14:45:15,BUS-101,Central Station ⇄ IT Tech Park,Bus,BUS-KA01-E104,Central Railway Station,Cyber City Tech Park,16.5,60,23,30.0,690.0,0,45,On-Time
TRIP-11684,2024-02-17,17:45:15,BUS-101,Central Station ⇄ IT Tech Park,Bus,BUS-KA01-E106,Central Railway Station,Cyber City Tech Park,16.5,60,53,30.0,1590.0,16,54,Major Delay
TRIP-11685,2024-02-17,08:45:00,BUS-102,Airport Express ⇄ Downtown Terminal,Bus,BUS-KA01-A204,International Airport Terminal 2,Downtown Central Terminal,28.0,50,44,90.0,3960.0,0,60,On-Time
TRIP-11686,2024-02-17,13:50:15,BUS-102,Airport Express ⇄ Downtown Terminal,Bus,BUS-KA01-A202,International Airport Terminal 2,Downtown Central Terminal,28.0,50,22,90.0,1980.0,0,60,On-Time
TRIP-11687,2024-02-17,14:30:00,BUS-102,Airport Express ⇄ Downtown Terminal,Bus,BUS-KA01-A208,International Airport Terminal 2,Downtown Central Terminal,28.0,50,24,90.0,2160.0,0,60,On-Time
TRIP-11688,2024-02-17,07:40:30,BUS-105,Westside Mall ⇄ Harbor Port,Bus,BUS-KA02-W308,Westside Mall Circle,South Harbor Port Gate,14.2,60,27,25.0,675.0,5,40,Moderate Delay
TRIP-11689,2024-02-17,08:45:15,BUS-105,Westside Mall ⇄ Harbor Port,Bus,BUS-KA02-W305,Westside Mall Circle,South Harbor Port Gate,14.2,60,56,25.0,1400.0,0,38,On-Time
TRIP-11690,2024-02-17,09:20:00,BUS-105,Westside Mall ⇄ Harbor Port,Bus,BUS-KA02-W306,Westside Mall Circle,South Harbor Port Gate,14.2,60,45,25.0,1125.0,0,38,On-Time
TRIP-11691,2024-02-17,20:20:45,BUS-105,Westside Mall ⇄ Harbor Port,Bus,BUS-KA02-W302,Westside Mall Circle,South Harbor Port Gate,14.2,60,40,25.0,1000.0,0,38,On-Time
TRIP-11692,2024-02-17,14:40:45,BUS-110,University Campus ⇄ City Center,Bus,BUS-KA02-U401,State University North Gate,City Commercial Center,11.0,60,28,20.0,560.0,0,32,On-Time
TRIP-11693,2024-02-17,16:10:45,BUS-110,University Campus ⇄ City Center,Bus,BUS-KA02-U405,State University North Gate,City Commercial Center,11.0,60,33,20.0,660.0,0,32,On-Time
TRIP-11694,2024-02-17,21:10:45,BUS-110,University Campus ⇄ City Center,Bus,BUS-KA02-U409,State University North Gate,City Commercial Center,11.0,60,22,20.0,440.0,0,32,On-Time
TRIP-11695,2024-02-17,22:45:00,BUS-110,University Campus ⇄ City Center,Bus,BUS-KA02-U402,State University North Gate,City Commercial Center,11.0,60,14,20.0,280.0,0,32,On-Time
TRIP-11696,2024-02-17,09:45:45,METRO-BLU,Metro Blue Line: North Ridge ⇄ Tech Valley,Metro,METRO-B-10,North Ridge Terminal,Tech Valley Central,24.5,320,313,45.0,14085.0,8,41,Moderate Delay
TRIP-11697,2024-02-17,11:00:45,METRO-BLU,Metro Blue Line: North Ridge ⇄ Tech Valley,Metro,METRO-B-01,North Ridge Terminal,Tech Valley Central,24.5,320,172,45.0,7740.0,0,35,On-Time
TRIP-11698,2024-02-17,15:20:15,METRO-BLU,Metro Blue Line: North Ridge ⇄ Tech Valley,Metro,METRO-B-07,North Ridge Terminal,Tech Valley Central,24.5,320,131,45.0,5895.0,0,35,On-Time
TRIP-11699,2024-02-17,18:00:45,METRO-BLU,Metro Blue Line: North Ridge ⇄ Tech Valley,Metro,METRO-B-04,North Ridge Terminal,Tech Valley Central,24.5,320,338,45.0,15210.0,6,38,Moderate Delay
TRIP-11700,2024-02-17,21:30:45,METRO-BLU,Metro Blue Line: North Ridge ⇄ Tech Valley,Metro,METRO-B-05,North Ridge Terminal,Tech Valley Central,24.5,320,130,45.0,5850.0,0,35,On-Time
TRIP-11701,2024-02-17,22:15:15,METRO-BLU,Metro Blue Line: North Ridge ⇄ Tech Valley,Metro,METRO-B-07,North Ridge Terminal,Tech Valley Central,24.5,320,73,45.0,3285.0,0,35,On-Time
TRIP-11702,2024-02-17,07:40:15,METRO-RED,Metro Red Line: East Suburb ⇄ Financial District,Metro,METRO-R-02,East Suburb Terminal,Financial District Hub,21.0,320,116,40.0,4640.0,0,30,On-Time
TRIP-11703,2024-02-17,11:45:30,METRO-RED,Metro Red Line: East Suburb ⇄ Financial District,Metro,METRO-R-04,East Suburb Terminal,Financial District Hub,21.0,320,160,40.0,6400.0,0,30,On-Time
TRIP-11704,2024-02-17,19:30:45,METRO-RED,Metro Red Line: East Suburb ⇄ Financial District,Metro,METRO-R-03,East Suburb Terminal,Financial District Hub,21.0,320,236,40.0,9440.0,0,30,On-Time
TRIP-11705,2024-02-17,21:15:30,METRO-RED,Metro Red Line: East Suburb ⇄ Financial District,Metro,METRO-R-09,East Suburb Terminal,Financial District Hub,21.0,320,94,40.0,3760.0,5,34,Moderate Delay
TRIP-11706,2024-02-17,22:30:15,METRO-RED,Metro Red Line: East Suburb ⇄ Financial District,Metro,METRO-R-02,East Suburb Terminal,Financial District Hub,21.0,320,69,40.0,2760.0,0,30,On-Time
TRIP-11707,2024-02-17,08:40:30,RAIL-CST,Suburban Rail: Coast Line ⇄ Old City Junction,Suburban Rail,RAIL-EMU-506,Coastal Harbor Junction,Old City Main Junction,38.0,750,586,25.0,14650.0,0,55,On-Time
TRIP-11708,2024-02-17,14:30:00,RAIL-CST,Suburban Rail: Coast Line ⇄ Old City Junction,Suburban Rail,RAIL-EMU-502,Coastal Harbor Junction,Old City Main Junction,38.0,750,313,25.0,7825.0,1,55,On-Time
TRIP-11709,2024-02-17,17:30:00,RAIL-CST,Suburban Rail: Coast Line ⇄ Old City Junction,Suburban Rail,RAIL-EMU-502,Coastal Harbor Junction,Old City Main Junction,38.0,750,631,25.0,15775.0,0,55,On-Time
TRIP-11710,2024-02-17,18:20:45,RAIL-CST,Suburban Rail: Coast Line ⇄ Old City Junction,Suburban Rail,RAIL-EMU-501,Coastal Harbor Junction,Old City Main Junction,38.0,750,737,25.0,18425.0,3,56,On-Time
TRIP-11711,2024-02-17,12:20:45,RAIL-EXT,Suburban Rail: Industrial Corridor ⇄ South Terminal,Suburban Rail,RAIL-EMU-605,Northern Industrial Zone,South Terminal Intermodal,42.5,750,295,30.0,8850.0,0,65,On-Time
TRIP-11712,2024-02-17,14:45:30,RAIL-EXT,Suburban Rail: Industrial Corridor ⇄ South Terminal,Suburban Rail,RAIL-EMU-603,Northern Industrial Zone,South Terminal Intermodal,42.5,750,365,30.0,10950.0,0,65,On-Time
TRIP-11713,2024-02-17,20:45:30,RAIL-EXT,Suburban Rail: Industrial Corridor ⇄ South Terminal,Suburban Rail,RAIL-EMU-605,Northern Industrial Zone,South Terminal Intermodal,42.5,750,418,30.0,12540.0,0,65,On-Time
TRIP-11714,2024-02-17,21:40:00,RAIL-EXT,Suburban Rail: Industrial Corridor ⇄ South Terminal,Suburban Rail,RAIL-EMU-605,Northern Industrial Zone,South Terminal Intermodal,42.5,750,324,30.0,9720.0,4,68,Moderate Delay
TRIP-11715,2024-02-17,09:40:00,BRTS-01,BRTS Ring Corridor: Outer Express,BRTS,BRTS-OR-04,East Ring Hub,West Ring Hub,18.0,85,85,35.0,2975.0,0,32,On-Time
TRIP-11716,2024-02-17,14:50:30,BRTS-01,BRTS Ring Corridor: Outer Express,BRTS,BRTS-OR-07,East Ring Hub,West Ring Hub,18.0,85,39,35.0,1365.0,10,38,Moderate Delay
TRIP-11717,2024-02-17,21:10:15,BRTS-01,BRTS Ring Corridor: Outer Express,BRTS,BRTS-OR-06,East Ring Hub,West Ring Hub,18.0,85,25,35.0,875.0,0,32,On-Time
TRIP-11718,2024-02-18,08:10:30,BUS-101,Central Station ⇄ IT Tech Park,Bus,BUS-KA01-E110,Central Railway Station,Cyber City Tech Park,16.5,60,50,30.0,1500.0,0,45,On-Time
TRIP-11719,2024-02-18,10:50:45,BUS-101,Central Station ⇄ IT Tech Park,Bus,BUS-KA01-E104,Central Railway Station,Cyber City Tech Park,16.5,60,45,30.0,1350.0,0,45,On-Time
TRIP-11720,2024-02-18,11:50:30,BUS-101,Central Station ⇄ IT Tech Park,Bus,BUS-KA01-E110,Central Railway Station,Cyber City Tech Park,16.5,60,29,30.0,870.0,0,45,On-Time
TRIP-11721,2024-02-18,16:45:15,BUS-101,Central Station ⇄ IT Tech Park,Bus,BUS-KA01-E101,Central Railway Station,Cyber City Tech Park,16.5,60,41,30.0,1230.0,0,45,On-Time
TRIP-11722,2024-02-18,07:10:00,BUS-102,Airport Express ⇄ Downtown Terminal,Bus,BUS-KA01-A204,International Airport Terminal 2,Downtown Central Terminal,28.0,50,19,90.0,1710.0,0,60,On-Time
TRIP-11723,2024-02-18,15:15:15,BUS-102,Airport Express ⇄ Downtown Terminal,Bus,BUS-KA01-A206,International Airport Terminal 2,Downtown Central Terminal,28.0,50,20,90.0,1800.0,0,60,On-Time
TRIP-11724,2024-02-18,17:10:00,BUS-102,Airport Express ⇄ Downtown Terminal,Bus,BUS-KA01-A207,International Airport Terminal 2,Downtown Central Terminal,28.0,50,49,90.0,4410.0,0,60,On-Time
TRIP-11725,2024-02-18,18:45:45,BUS-102,Airport Express ⇄ Downtown Terminal,Bus,BUS-KA01-A205,International Airport Terminal 2,Downtown Central Terminal,28.0,50,50,90.0,4500.0,25,74,Major Delay
TRIP-11726,2024-02-18,22:40:15,BUS-102,Airport Express ⇄ Downtown Terminal,Bus,BUS-KA01-A203,International Airport Terminal 2,Downtown Central Terminal,28.0,50,12,90.0,1080.0,0,60,On-Time
TRIP-11727,2024-02-18,09:10:30,BUS-105,Westside Mall ⇄ Harbor Port,Bus,BUS-KA02-W301,Westside Mall Circle,South Harbor Port Gate,14.2,60,52,25.0,1300.0,20,48,Major Delay
TRIP-11728,2024-02-18,11:00:30,BUS-105,Westside Mall ⇄ Harbor Port,Bus,BUS-KA02-W306,Westside Mall Circle,South Harbor Port Gate,14.2,60,24,25.0,600.0,9,42,Moderate Delay
TRIP-11729,2024-02-18,12:45:30,BUS-105,Westside Mall ⇄ Harbor Port,Bus,BUS-KA02-W302,Westside Mall Circle,South Harbor Port Gate,14.2,60,21,25.0,525.0,0,38,On-Time
TRIP-11730,2024-02-18,18:15:15,BUS-105,Westside Mall ⇄ Harbor Port,Bus,BUS-KA02-W302,Westside Mall Circle,South Harbor Port Gate,14.2,60,58,25.0,1450.0,17,53,Major Delay
TRIP-11731,2024-02-18,08:15:15,BUS-110,University Campus ⇄ City Center,Bus,BUS-KA02-U402,State University North Gate,City Commercial Center,11.0,60,55,20.0,1100.0,6,37,Moderate Delay
TRIP-11732,2024-02-18,10:30:30,BUS-110,University Campus ⇄ City Center,Bus,BUS-KA02-U403,State University North Gate,City Commercial Center,11.0,60,35,20.0,700.0,0,32,On-Time
TRIP-11733,2024-02-18,13:10:45,BUS-110,University Campus ⇄ City Center,Bus,BUS-KA02-U408,State University North Gate,City Commercial Center,11.0,60,22,20.0,440.0,10,40,Moderate Delay
TRIP-11734,2024-02-18,15:45:45,BUS-110,University Campus ⇄ City Center,Bus,BUS-KA02-U404,State University North Gate,City Commercial Center,11.0,60,35,20.0,700.0,0,32,On-Time
TRIP-11735,2024-02-18,17:40:15,BUS-110,University Campus ⇄ City Center,Bus,BUS-KA02-U407,State University North Gate,City Commercial Center,11.0,60,45,20.0,900.0,0,32,On-Time
TRIP-11736,2024-02-18,07:10:00,METRO-BLU,Metro Blue Line: North Ridge ⇄ Tech Valley,Metro,METRO-B-10,North Ridge Terminal,Tech Valley Central,24.5,320,134,45.0,6030.0,0,35,On-Time
TRIP-11737,2024-02-18,13:45:15,METRO-BLU,Metro Blue Line: North Ridge ⇄ Tech Valley,Metro,METRO-B-07,North Ridge Terminal,Tech Valley Central,24.5,320,123,45.0,5535.0,4,37,Moderate Delay
TRIP-11738,2024-02-18,17:45:45,METRO-BLU,Metro Blue Line: North Ridge ⇄ Tech Valley,Metro,METRO-B-09,North Ridge Terminal,Tech Valley Central,24.5,320,256,45.0,11520.0,8,39,Moderate Delay
TRIP-11739,2024-02-18,20:50:45,METRO-BLU,Metro Blue Line: North Ridge ⇄ Tech Valley,Metro,METRO-B-01,North Ridge Terminal,Tech Valley Central,24.5,320,174,45.0,7830.0,0,35,On-Time
TRIP-11740,2024-02-18,07:15:30,METRO-RED,Metro Red Line: East Suburb ⇄ Financial District,Metro,METRO-R-05,East Suburb Terminal,Financial District Hub,21.0,320,138,40.0,5520.0,0,30,On-Time
TRIP-11741,2024-02-18,10:45:15,METRO-RED,Metro Red Line: East Suburb ⇄ Financial District,Metro,METRO-R-07,East Suburb Terminal,Financial District Hub,21.0,320,211,40.0,8440.0,0,30,On-Time
TRIP-11742,2024-02-18,12:15:30,METRO-RED,Metro Red Line: East Suburb ⇄ Financial District,Metro,METRO-R-03,East Suburb Terminal,Financial District Hub,21.0,320,154,40.0,6160.0,4,32,Moderate Delay
TRIP-11743,2024-02-18,15:20:30,METRO-RED,Metro Red Line: East Suburb ⇄ Financial District,Metro,METRO-R-10,East Suburb Terminal,Financial District Hub,21.0,320,134,40.0,5360.0,4,32,Moderate Delay
TRIP-11744,2024-02-18,17:00:00,METRO-RED,Metro Red Line: East Suburb ⇄ Financial District,Metro,METRO-R-01,East Suburb Terminal,Financial District Hub,21.0,320,315,40.0,12600.0,2,31,On-Time
TRIP-11745,2024-02-18,22:20:30,METRO-RED,Metro Red Line: East Suburb ⇄ Financial District,Metro,METRO-R-06,East Suburb Terminal,Financial District Hub,21.0,320,85,40.0,3400.0,0,30,On-Time
TRIP-11746,2024-02-18,07:20:30,RAIL-CST,Suburban Rail: Coast Line ⇄ Old City Junction,Suburban Rail,RAIL-EMU-507,Coastal Harbor Junction,Old City Main Junction,38.0,750,340,25.0,8500.0,0,55,On-Time
TRIP-11747,2024-02-18,08:30:15,RAIL-CST,Suburban Rail: Coast Line ⇄ Old City Junction,Suburban Rail,RAIL-EMU-504,Coastal Harbor Junction,Old City Main Junction,38.0,750,719,25.0,17975.0,0,55,On-Time
TRIP-11748,2024-02-18,10:00:45,RAIL-CST,Suburban Rail: Coast Line ⇄ Old City Junction,Suburban Rail,RAIL-EMU-504,Coastal Harbor Junction,Old City Main Junction,38.0,750,595,25.0,14875.0,9,62,Moderate Delay
TRIP-11749,2024-02-18,06:50:15,RAIL-EXT,Suburban Rail: Industrial Corridor ⇄ South Terminal,Suburban Rail,RAIL-EMU-607,Northern Industrial Zone,South Terminal Intermodal,42.5,750,157,30.0,4710.0,2,66,On-Time
TRIP-11750,2024-02-18,18:50:00,RAIL-EXT,Suburban Rail: Industrial Corridor ⇄ South Terminal,Suburban Rail,RAIL-EMU-606,Northern Industrial Zone,South Terminal Intermodal,42.5,750,607,30.0,18210.0,11,74,Moderate Delay
TRIP-11751,2024-02-18,22:45:30,RAIL-EXT,Suburban Rail: Industrial Corridor ⇄ South Terminal,Suburban Rail,RAIL-EMU-601,Northern Industrial Zone,South Terminal Intermodal,42.5,750,171,30.0,5130.0,0,65,On-Time
TRIP-11752,2024-02-18,07:50:15,BRTS-01,BRTS Ring Corridor: Outer Express,BRTS,BRTS-OR-02,East Ring Hub,West Ring Hub,18.0,85,28,35.0,980.0,0,32,On-Time
TRIP-11753,2024-02-18,12:10:15,BRTS-01,BRTS Ring Corridor: Outer Express,BRTS,BRTS-OR-02,East Ring Hub,West Ring Hub,18.0,85,31,35.0,1085.0,0,32,On-Time
TRIP-11754,2024-02-18,18:20:45,BRTS-01,BRTS Ring Corridor: Outer Express,BRTS,BRTS-OR-01,East Ring Hub,West Ring Hub,18.0,85,82,35.0,2870.0,13,40,Moderate Delay
TRIP-11755,2024-02-19,09:40:00,BUS-101,Central Station ⇄ IT Tech Park,Bus,BUS-KA01-E105,Central Railway Station,Cyber City Tech Park,16.5,60,64,30.0,1920.0,0,45,On-Time
TRIP-11756,2024-02-19,12:15:30,BUS-101,Central Station ⇄ IT Tech Park,Bus,BUS-KA01-E107,Central Railway Station,Cyber City Tech Park,16.5,60,35,30.0,1050.0,0,45,On-Time
TRIP-11757,2024-02-19,17:15:30,BUS-101,Central Station ⇄ IT Tech Park,Bus,BUS-KA01-E108,Central Railway Station,Cyber City Tech Park,16.5,60,64,30.0,1920.0,16,55,Major Delay
TRIP-11758,2024-02-19,18:00:45,BUS-101,Central Station ⇄ IT Tech Park,Bus,BUS-KA01-E103,Central Railway Station,Cyber City Tech Park,16.5,60,61,30.0,1830.0,22,60,Major Delay
TRIP-11759,2024-02-19,22:40:00,BUS-101,Central Station ⇄ IT Tech Park,Bus,BUS-KA01-E110,Central Railway Station,Cyber City Tech Park,16.5,60,15,30.0,450.0,9,51,Moderate Delay
TRIP-11760,2024-02-19,06:10:15,BUS-102,Airport Express ⇄ Downtown Terminal,Bus,BUS-KA01-A202,International Airport Terminal 2,Downtown Central Terminal,28.0,50,10,90.0,900.0,1,60,On-Time
TRIP-11761,2024-02-19,08:20:00,BUS-102,Airport Express ⇄ Downtown Terminal,Bus,BUS-KA01-A207,International Airport Terminal 2,Downtown Central Terminal,28.0,50,54,90.0,4860.0,34,89,Major Delay
TRIP-11762,2024-02-19,11:30:45,BUS-102,Airport Express ⇄ Downtown Terminal,Bus,BUS-KA01-A205,International Airport Terminal 2,Downtown Central Terminal,28.0,50,31,90.0,2790.0,0,60,On-Time
TRIP-11763,2024-02-19,16:40:45,BUS-102,Airport Express ⇄ Downtown Terminal,Bus,BUS-KA01-A206,International Airport Terminal 2,Downtown Central Terminal,28.0,50,40,90.0,3600.0,0,60,On-Time
TRIP-11764,2024-02-19,22:20:15,BUS-102,Airport Express ⇄ Downtown Terminal,Bus,BUS-KA01-A207,International Airport Terminal 2,Downtown Central Terminal,28.0,50,13,90.0,1170.0,0,60,On-Time
TRIP-11765,2024-02-19,06:45:30,BUS-105,Westside Mall ⇄ Harbor Port,Bus,BUS-KA02-W309,Westside Mall Circle,South Harbor Port Gate,14.2,60,13,25.0,325.0,0,38,On-Time
TRIP-11766,2024-02-19,11:20:45,BUS-105,Westside Mall ⇄ Harbor Port,Bus,BUS-KA02-W307,Westside Mall Circle,South Harbor Port Gate,14.2,60,32,25.0,800.0,0,38,On-Time
TRIP-11767,2024-02-19,17:45:45,BUS-105,Westside Mall ⇄ Harbor Port,Bus,BUS-KA02-W306,Westside Mall Circle,South Harbor Port Gate,14.2,60,64,25.0,1600.0,28,57,Major Delay
TRIP-11768,2024-02-19,21:40:45,BUS-105,Westside Mall ⇄ Harbor Port,Bus,BUS-KA02-W304,Westside Mall Circle,South Harbor Port Gate,14.2,60,24,25.0,600.0,0,38,On-Time
TRIP-11769,2024-02-19,12:45:30,BUS-110,University Campus ⇄ City Center,Bus,BUS-KA02-U409,State University North Gate,City Commercial Center,11.0,60,38,20.0,760.0,3,34,On-Time
TRIP-11770,2024-02-19,13:50:30,BUS-110,University Campus ⇄ City Center,Bus,BUS-KA02-U407,State University North Gate,City Commercial Center,11.0,60,39,20.0,780.0,0,32,On-Time
TRIP-11771,2024-02-19,14:00:15,BUS-110,University Campus ⇄ City Center,Bus,BUS-KA02-U407,State University North Gate,City Commercial Center,11.0,60,31,20.0,620.0,0,32,On-Time
TRIP-11772,2024-02-19,17:45:15,BUS-110,University Campus ⇄ City Center,Bus,BUS-KA02-U403,State University North Gate,City Commercial Center,11.0,60,64,20.0,1280.0,17,43,Major Delay
TRIP-11773,2024-02-19,20:30:15,BUS-110,University Campus ⇄ City Center,Bus,BUS-KA02-U403,State University North Gate,City Commercial Center,11.0,60,49,20.0,980.0,0,32,On-Time
TRIP-11774,2024-02-19,09:15:45,METRO-BLU,Metro Blue Line: North Ridge ⇄ Tech Valley,Metro,METRO-B-01,North Ridge Terminal,Tech Valley Central,24.5,320,345,45.0,15525.0,0,35,On-Time
TRIP-11775,2024-02-19,16:10:00,METRO-BLU,Metro Blue Line: North Ridge ⇄ Tech Valley,Metro,METRO-B-02,North Ridge Terminal,Tech Valley Central,24.5,320,220,45.0,9900.0,1,35,On-Time
TRIP-11776,2024-02-19,17:40:30,METRO-BLU,Metro Blue Line: North Ridge ⇄ Tech Valley,Metro,METRO-B-02,North Ridge Terminal,Tech Valley Central,24.5,320,317,45.0,14265.0,4,37,Moderate Delay
TRIP-11777,2024-02-19,19:40:30,METRO-BLU,Metro Blue Line: North Ridge ⇄ Tech Valley,Metro,METRO-B-03,North Ridge Terminal,Tech Valley Central,24.5,320,345,45.0,15525.0,0,35,On-Time
TRIP-11778,2024-02-19,20:30:30,METRO-BLU,Metro Blue Line: North Ridge ⇄ Tech Valley,Metro,METRO-B-03,North Ridge Terminal,Tech Valley Central,24.5,320,211,45.0,9495.0,0,35,On-Time
TRIP-11779,2024-02-19,09:45:15,METRO-RED,Metro Red Line: East Suburb ⇄ Financial District,Metro,METRO-R-05,East Suburb Terminal,Financial District Hub,21.0,320,345,40.0,13800.0,0,30,On-Time
TRIP-11780,2024-02-19,14:20:00,METRO-RED,Metro Red Line: East Suburb ⇄ Financial District,Metro,METRO-R-01,East Suburb Terminal,Financial District Hub,21.0,320,204,40.0,8160.0,8,34,Moderate Delay
TRIP-11781,2024-02-19,15:15:45,METRO-RED,Metro Red Line: East Suburb ⇄ Financial District,Metro,METRO-R-10,East Suburb Terminal,Financial District Hub,21.0,320,213,40.0,8520.0,0,30,On-Time
TRIP-11782,2024-02-19,19:40:45,METRO-RED,Metro Red Line: East Suburb ⇄ Financial District,Metro,METRO-R-10,East Suburb Terminal,Financial District Hub,21.0,320,345,40.0,13800.0,1,30,On-Time
TRIP-11783,2024-02-19,08:40:00,RAIL-CST,Suburban Rail: Coast Line ⇄ Old City Junction,Suburban Rail,RAIL-EMU-502,Coastal Harbor Junction,Old City Main Junction,38.0,750,710,25.0,17750.0,0,55,On-Time
TRIP-11784,2024-02-19,16:10:15,RAIL-CST,Suburban Rail: Coast Line ⇄ Old City Junction,Suburban Rail,RAIL-EMU-507,Coastal Harbor Junction,Old City Main Junction,38.0,750,732,25.0,18300.0,0,55,On-Time
TRIP-11785,2024-02-19,20:10:30,RAIL-CST,Suburban Rail: Coast Line ⇄ Old City Junction,Suburban Rail,RAIL-EMU-505,Coastal Harbor Junction,Old City Main Junction,38.0,750,614,25.0,15350.0,0,55,On-Time
TRIP-11786,2024-02-19,11:30:15,RAIL-EXT,Suburban Rail: Industrial Corridor ⇄ South Terminal,Suburban Rail,RAIL-EMU-601,Northern Industrial Zone,South Terminal Intermodal,42.5,750,480,30.0,14400.0,0,65,On-Time
TRIP-11787,2024-02-19,17:50:30,RAIL-EXT,Suburban Rail: Industrial Corridor ⇄ South Terminal,Suburban Rail,RAIL-EMU-603,Northern Industrial Zone,South Terminal Intermodal,42.5,750,810,30.0,24300.0,10,72,Moderate Delay
TRIP-11788,2024-02-19,19:50:45,RAIL-EXT,Suburban Rail: Industrial Corridor ⇄ South Terminal,Suburban Rail,RAIL-EMU-601,Northern Industrial Zone,South Terminal Intermodal,42.5,750,736,30.0,22080.0,24,81,Major Delay
TRIP-11789,2024-02-19,07:00:00,BRTS-01,BRTS Ring Corridor: Outer Express,BRTS,BRTS-OR-01,East Ring Hub,West Ring Hub,18.0,85,41,35.0,1435.0,8,37,Moderate Delay
TRIP-11790,2024-02-19,10:30:45,BRTS-01,BRTS Ring Corridor: Outer Express,BRTS,BRTS-OR-07,East Ring Hub,West Ring Hub,18.0,85,74,35.0,2590.0,0,32,On-Time
TRIP-11791,2024-02-19,15:45:30,BRTS-01,BRTS Ring Corridor: Outer Express,BRTS,BRTS-OR-04,East Ring Hub,West Ring Hub,18.0,85,48,35.0,1680.0,0,32,On-Time
TRIP-11792,2024-02-19,19:50:30,BRTS-01,BRTS Ring Corridor: Outer Express,BRTS,BRTS-OR-02,East Ring Hub,West Ring Hub,18.0,85,80,35.0,2800.0,0,32,On-Time
TRIP-11793,2024-02-20,06:10:15,BUS-101,Central Station ⇄ IT Tech Park,Bus,BUS-KA01-E104,Central Railway Station,Cyber City Tech Park,16.5,60,13,30.0,390.0,0,45,On-Time
TRIP-11794,2024-02-20,08:10:00,BUS-101,Central Station ⇄ IT Tech Park,Bus,BUS-KA01-E110,Central Railway Station,Cyber City Tech Park,16.5,60,52,30.0,1560.0,25,66,Major Delay
TRIP-11795,2024-02-20,09:10:15,BUS-101,Central Station ⇄ IT Tech Park,Bus,BUS-KA01-E111,Central Railway Station,Cyber City Tech Park,16.5,60,64,30.0,1920.0,0,45,On-Time
TRIP-11796,2024-02-20,16:40:00,BUS-101,Central Station ⇄ IT Tech Park,Bus,BUS-KA01-E102,Central Railway Station,Cyber City Tech Park,16.5,60,51,30.0,1530.0,3,46,On-Time
TRIP-11797,2024-02-20,18:15:00,BUS-101,Central Station ⇄ IT Tech Park,Bus,BUS-KA01-E104,Central Railway Station,Cyber City Tech Park,16.5,60,64,30.0,1920.0,31,70,Major Delay
TRIP-11798,2024-02-20,07:40:15,BUS-102,Airport Express ⇄ Downtown Terminal,Bus,BUS-KA01-A203,International Airport Terminal 2,Downtown Central Terminal,28.0,50,25,90.0,2250.0,8,65,Moderate Delay
TRIP-11799,2024-02-20,08:50:30,BUS-102,Airport Express ⇄ Downtown Terminal,Bus,BUS-KA01-A208,International Airport Terminal 2,Downtown Central Terminal,28.0,50,54,90.0,4860.0,0,60,On-Time
TRIP-11800,2024-02-20,12:15:00,BUS-102,Airport Express ⇄ Downtown Terminal,Bus,BUS-KA01-A209,International Airport Terminal 2,Downtown Central Terminal,28.0,50,24,90.0,2160.0,0,60,On-Time
TRIP-11801,2024-02-20,07:20:15,BUS-105,Westside Mall ⇄ Harbor Port,Bus,BUS-KA02-W307,Westside Mall Circle,South Harbor Port Gate,14.2,60,35,25.0,875.0,0,38,On-Time
TRIP-11802,2024-02-20,09:30:45,BUS-105,Westside Mall ⇄ Harbor Port,Bus,BUS-KA02-W306,Westside Mall Circle,South Harbor Port Gate,14.2,60,64,25.0,1600.0,31,56,Major Delay
TRIP-11803,2024-02-20,12:20:00,BUS-105,Westside Mall ⇄ Harbor Port,Bus,BUS-KA02-W303,Westside Mall Circle,South Harbor Port Gate,14.2,60,38,25.0,950.0,0,38,On-Time
TRIP-11804,2024-02-20,17:10:00,BUS-105,Westside Mall ⇄ Harbor Port,Bus,BUS-KA02-W307,Westside Mall Circle,South Harbor Port Gate,14.2,60,55,25.0,1375.0,7,43,Moderate Delay
TRIP-11805,2024-02-20,18:10:45,BUS-105,Westside Mall ⇄ Harbor Port,Bus,BUS-KA02-W306,Westside Mall Circle,South Harbor Port Gate,14.2,60,59,25.0,1475.0,0,38,On-Time
TRIP-11806,2024-02-20,08:50:30,BUS-110,University Campus ⇄ City Center,Bus,BUS-KA02-U408,State University North Gate,City Commercial Center,11.0,60,64,20.0,1280.0,35,53,Major Delay
TRIP-11807,2024-02-20,11:40:15,BUS-110,University Campus ⇄ City Center,Bus,BUS-KA02-U408,State University North Gate,City Commercial Center,11.0,60,34,20.0,680.0,6,35,Moderate Delay
TRIP-11808,2024-02-20,14:40:45,BUS-110,University Campus ⇄ City Center,Bus,BUS-KA02-U403,State University North Gate,City Commercial Center,11.0,60,35,20.0,700.0,0,32,On-Time
TRIP-11809,2024-02-20,17:45:45,BUS-110,University Campus ⇄ City Center,Bus,BUS-KA02-U407,State University North Gate,City Commercial Center,11.0,60,64,20.0,1280.0,0,32,On-Time
TRIP-11810,2024-02-20,19:15:45,BUS-110,University Campus ⇄ City Center,Bus,BUS-KA02-U403,State University North Gate,City Commercial Center,11.0,60,59,20.0,1180.0,15,40,Moderate Delay
TRIP-11811,2024-02-20,06:15:30,METRO-BLU,Metro Blue Line: North Ridge ⇄ Tech Valley,Metro,METRO-B-09,North Ridge Terminal,Tech Valley Central,24.5,320,78,45.0,3510.0,7,38,Moderate Delay
TRIP-11812,2024-02-20,09:30:15,METRO-BLU,Metro Blue Line: North Ridge ⇄ Tech Valley,Metro,METRO-B-07,North Ridge Terminal,Tech Valley Central,24.5,320,336,45.0,15120.0,0,35,On-Time
TRIP-11813,2024-02-20,12:15:45,METRO-BLU,Metro Blue Line: North Ridge ⇄ Tech Valley,Metro,METRO-B-06,North Ridge Terminal,Tech Valley Central,24.5,320,228,45.0,10260.0,2,36,On-Time
TRIP-11814,2024-02-20,13:50:30,METRO-BLU,Metro Blue Line: North Ridge ⇄ Tech Valley,Metro,METRO-B-04,North Ridge Terminal,Tech Valley Central,24.5,320,154,45.0,6930.0,0,35,On-Time
TRIP-11815,2024-02-20,06:40:30,METRO-RED,Metro Red Line: East Suburb ⇄ Financial District,Metro,METRO-R-03,East Suburb Terminal,Financial District Hub,21.0,320,90,40.0,3600.0,0,30,On-Time
TRIP-11816,2024-02-20,08:30:30,METRO-RED,Metro Red Line: East Suburb ⇄ Financial District,Metro,METRO-R-06,East Suburb Terminal,Financial District Hub,21.0,320,345,40.0,13800.0,0,30,On-Time
TRIP-11817,2024-02-20,10:50:00,METRO-RED,Metro Red Line: East Suburb ⇄ Financial District,Metro,METRO-R-06,East Suburb Terminal,Financial District Hub,21.0,320,242,40.0,9680.0,4,32,Moderate Delay
TRIP-11818,2024-02-20,16:20:30,METRO-RED,Metro Red Line: East Suburb ⇄ Financial District,Metro,METRO-R-05,East Suburb Terminal,Financial District Hub,21.0,320,278,40.0,11120.0,0,30,On-Time
TRIP-11819,2024-02-20,21:40:30,METRO-RED,Metro Red Line: East Suburb ⇄ Financial District,Metro,METRO-R-10,East Suburb Terminal,Financial District Hub,21.0,320,168,40.0,6720.0,0,30,On-Time
TRIP-11820,2024-02-20,13:50:45,RAIL-CST,Suburban Rail: Coast Line ⇄ Old City Junction,Suburban Rail,RAIL-EMU-504,Coastal Harbor Junction,Old City Main Junction,38.0,750,487,25.0,12175.0,0,55,On-Time
TRIP-11821,2024-02-20,22:15:30,RAIL-CST,Suburban Rail: Coast Line ⇄ Old City Junction,Suburban Rail,RAIL-EMU-506,Coastal Harbor Junction,Old City Main Junction,38.0,750,187,25.0,4675.0,0,55,On-Time
TRIP-11822,2024-02-20,08:20:30,RAIL-EXT,Suburban Rail: Industrial Corridor ⇄ South Terminal,Suburban Rail,RAIL-EMU-602,Northern Industrial Zone,South Terminal Intermodal,42.5,750,810,30.0,24300.0,4,67,Moderate Delay
TRIP-11823,2024-02-20,12:00:30,RAIL-EXT,Suburban Rail: Industrial Corridor ⇄ South Terminal,Suburban Rail,RAIL-EMU-607,Northern Industrial Zone,South Terminal Intermodal,42.5,750,424,30.0,12720.0,0,65,On-Time
TRIP-11824,2024-02-20,20:30:30,RAIL-EXT,Suburban Rail: Industrial Corridor ⇄ South Terminal,Suburban Rail,RAIL-EMU-602,Northern Industrial Zone,South Terminal Intermodal,42.5,750,587,30.0,17610.0,0,65,On-Time
TRIP-11825,2024-02-20,06:20:30,BRTS-01,BRTS Ring Corridor: Outer Express,BRTS,BRTS-OR-01,East Ring Hub,West Ring Hub,18.0,85,20,35.0,700.0,0,32,On-Time
TRIP-11826,2024-02-20,09:30:30,BRTS-01,BRTS Ring Corridor: Outer Express,BRTS,BRTS-OR-07,East Ring Hub,West Ring Hub,18.0,85,89,35.0,3115.0,5,35,Moderate Delay
TRIP-11827,2024-02-20,10:10:30,BRTS-01,BRTS Ring Corridor: Outer Express,BRTS,BRTS-OR-07,East Ring Hub,West Ring Hub,18.0,85,78,35.0,2730.0,0,32,On-Time
TRIP-11828,2024-02-20,12:15:45,BRTS-01,BRTS Ring Corridor: Outer Express,BRTS,BRTS-OR-04,East Ring Hub,West Ring Hub,18.0,85,56,35.0,1960.0,5,35,Moderate Delay
TRIP-11829,2024-02-20,17:50:30,BRTS-01,BRTS Ring Corridor: Outer Express,BRTS,BRTS-OR-06,East Ring Hub,West Ring Hub,18.0,85,82,35.0,2870.0,5,34,Moderate Delay
TRIP-11830,2024-02-21,08:45:00,BUS-101,Central Station ⇄ IT Tech Park,Bus,BUS-KA01-E106,Central Railway Station,Cyber City Tech Park,16.5,60,64,30.0,1920.0,0,45,On-Time
TRIP-11831,2024-02-21,11:00:30,BUS-101,Central Station ⇄ IT Tech Park,Bus,BUS-KA01-E109,Central Railway Station,Cyber City Tech Park,16.5,60,35,30.0,1050.0,0,45,On-Time
TRIP-11832,2024-02-21,17:00:15,BUS-101,Central Station ⇄ IT Tech Park,Bus,BUS-KA01-E102,Central Railway Station,Cyber City Tech Park,16.5,60,64,30.0,1920.0,0,45,On-Time
TRIP-11833,2024-02-21,21:15:15,BUS-101,Central Station ⇄ IT Tech Park,Bus,BUS-KA01-E102,Central Railway Station,Cyber City Tech Park,16.5,60,24,30.0,720.0,0,45,On-Time
TRIP-11834,2024-02-21,22:45:30,BUS-101,Central Station ⇄ IT Tech Park,Bus,BUS-KA01-E109,Central Railway Station,Cyber City Tech Park,16.5,60,19,30.0,570.0,0,45,On-Time
TRIP-11835,2024-02-21,10:10:15,BUS-102,Airport Express ⇄ Downtown Terminal,Bus,BUS-KA01-A201,International Airport Terminal 2,Downtown Central Terminal,28.0,50,45,90.0,4050.0,20,71,Major Delay
TRIP-11836,2024-02-21,14:00:00,BUS-102,Airport Express ⇄ Downtown Terminal,Bus,BUS-KA01-A201,International Airport Terminal 2,Downtown Central Terminal,28.0,50,31,90.0,2790.0,0,60,On-Time
TRIP-11837,2024-02-21,18:20:15,BUS-102,Airport Express ⇄ Downtown Terminal,Bus,BUS-KA01-A206,International Airport Terminal 2,Downtown Central Terminal,28.0,50,54,90.0,4860.0,0,60,On-Time
TRIP-11838,2024-02-21,19:40:45,BUS-102,Airport Express ⇄ Downtown Terminal,Bus,BUS-KA01-A205,International Airport Terminal 2,Downtown Central Terminal,28.0,50,54,90.0,4860.0,0,60,On-Time
TRIP-11839,2024-02-21,06:00:15,BUS-105,Westside Mall ⇄ Harbor Port,Bus,BUS-KA02-W306,Westside Mall Circle,South Harbor Port Gate,14.2,60,16,25.0,400.0,10,44,Moderate Delay
TRIP-11840,2024-02-21,07:10:30,BUS-105,Westside Mall ⇄ Harbor Port,Bus,BUS-KA02-W303,Westside Mall Circle,South Harbor Port Gate,14.2,60,31,25.0,775.0,0,38,On-Time
TRIP-11841,2024-02-21,14:00:30,BUS-105,Westside Mall ⇄ Harbor Port,Bus,BUS-KA02-W304,Westside Mall Circle,South Harbor Port Gate,14.2,60,32,25.0,800.0,0,38,On-Time
TRIP-11842,2024-02-21,19:30:30,BUS-105,Westside Mall ⇄ Harbor Port,Bus,BUS-KA02-W305,Westside Mall Circle,South Harbor Port Gate,14.2,60,55,25.0,1375.0,0,38,On-Time
TRIP-11843,2024-02-21,06:45:15,BUS-110,University Campus ⇄ City Center,Bus,BUS-KA02-U404,State University North Gate,City Commercial Center,11.0,60,13,20.0,260.0,2,33,On-Time
TRIP-11844,2024-02-21,15:20:30,BUS-110,University Campus ⇄ City Center,Bus,BUS-KA02-U405,State University North Gate,City Commercial Center,11.0,60,45,20.0,900.0,0,32,On-Time
TRIP-11845,2024-02-21,16:40:45,BUS-110,University Campus ⇄ City Center,Bus,BUS-KA02-U405,State University North Gate,City Commercial Center,11.0,60,40,20.0,800.0,0,32,On-Time
TRIP-11846,2024-02-21,20:20:00,BUS-110,University Campus ⇄ City Center,Bus,BUS-KA02-U404,State University North Gate,City Commercial Center,11.0,60,43,20.0,860.0,3,34,On-Time
TRIP-11847,2024-02-21,12:15:45,METRO-BLU,Metro Blue Line: North Ridge ⇄ Tech Valley,Metro,METRO-B-04,North Ridge Terminal,Tech Valley Central,24.5,320,190,45.0,8550.0,0,35,On-Time
TRIP-11848,2024-02-21,13:10:00,METRO-BLU,Metro Blue Line: North Ridge ⇄ Tech Valley,Metro,METRO-B-01,North Ridge Terminal,Tech Valley Central,24.5,320,207,45.0,9315.0,0,35,On-Time
TRIP-11849,2024-02-21,15:30:00,METRO-BLU,Metro Blue Line: North Ridge ⇄ Tech Valley,Metro,METRO-B-03,North Ridge Terminal,Tech Valley Central,24.5,320,199,45.0,8955.0,0,35,On-Time
TRIP-11850,2024-02-21,16:10:00,METRO-BLU,Metro Blue Line: North Ridge ⇄ Tech Valley,Metro,METRO-B-06,North Ridge Terminal,Tech Valley Central,24.5,320,250,45.0,11250.0,0,35,On-Time
TRIP-11851,2024-02-21,18:10:30,METRO-BLU,Metro Blue Line: North Ridge ⇄ Tech Valley,Metro,METRO-B-05,North Ridge Terminal,Tech Valley Central,24.5,320,345,45.0,15525.0,1,35,On-Time
TRIP-11852,2024-02-21,14:20:00,METRO-RED,Metro Red Line: East Suburb ⇄ Financial District,Metro,METRO-R-01,East Suburb Terminal,Financial District Hub,21.0,320,224,40.0,8960.0,0,30,On-Time
TRIP-11853,2024-02-21,18:50:15,METRO-RED,Metro Red Line: East Suburb ⇄ Financial District,Metro,METRO-R-10,East Suburb Terminal,Financial District Hub,21.0,320,319,40.0,12760.0,4,32,Moderate Delay
TRIP-11854,2024-02-21,20:30:30,METRO-RED,Metro Red Line: East Suburb ⇄ Financial District,Metro,METRO-R-03,East Suburb Terminal,Financial District Hub,21.0,320,203,40.0,8120.0,0,30,On-Time
TRIP-11855,2024-02-21,21:20:00,METRO-RED,Metro Red Line: East Suburb ⇄ Financial District,Metro,METRO-R-07,East Suburb Terminal,Financial District Hub,21.0,320,149,40.0,5960.0,0,30,On-Time
TRIP-11856,2024-02-21,06:00:00,RAIL-CST,Suburban Rail: Coast Line ⇄ Old City Junction,Suburban Rail,RAIL-EMU-506,Coastal Harbor Junction,Old City Main Junction,38.0,750,233,25.0,5825.0,0,55,On-Time
TRIP-11857,2024-02-21,11:50:15,RAIL-CST,Suburban Rail: Coast Line ⇄ Old City Junction,Suburban Rail,RAIL-EMU-502,Coastal Harbor Junction,Old City Main Junction,38.0,750,535,25.0,13375.0,5,59,Moderate Delay
TRIP-11858,2024-02-21,19:20:45,RAIL-CST,Suburban Rail: Coast Line ⇄ Old City Junction,Suburban Rail,RAIL-EMU-505,Coastal Harbor Junction,Old City Main Junction,38.0,750,810,25.0,20250.0,0,55,On-Time
TRIP-11859,2024-02-21,13:00:30,RAIL-EXT,Suburban Rail: Industrial Corridor ⇄ South Terminal,Suburban Rail,RAIL-EMU-604,Northern Industrial Zone,South Terminal Intermodal,42.5,750,398,30.0,11940.0,0,65,On-Time
TRIP-11860,2024-02-21,17:15:30,RAIL-EXT,Suburban Rail: Industrial Corridor ⇄ South Terminal,Suburban Rail,RAIL-EMU-603,Northern Industrial Zone,South Terminal Intermodal,42.5,750,810,30.0,24300.0,20,79,Major Delay
TRIP-11861,2024-02-21,21:40:45,RAIL-EXT,Suburban Rail: Industrial Corridor ⇄ South Terminal,Suburban Rail,RAIL-EMU-603,Northern Industrial Zone,South Terminal Intermodal,42.5,750,317,30.0,9510.0,0,65,On-Time
TRIP-11862,2024-02-21,10:45:30,BRTS-01,BRTS Ring Corridor: Outer Express,BRTS,BRTS-OR-06,East Ring Hub,West Ring Hub,18.0,85,91,35.0,3185.0,20,49,Major Delay
TRIP-11863,2024-02-21,14:40:45,BRTS-01,BRTS Ring Corridor: Outer Express,BRTS,BRTS-OR-01,East Ring Hub,West Ring Hub,18.0,85,49,35.0,1715.0,0,32,On-Time
TRIP-11864,2024-02-21,16:40:15,BRTS-01,BRTS Ring Corridor: Outer Express,BRTS,BRTS-OR-03,East Ring Hub,West Ring Hub,18.0,85,72,35.0,2520.0,0,32,On-Time
TRIP-11865,2024-02-21,21:15:15,BRTS-01,BRTS Ring Corridor: Outer Express,BRTS,BRTS-OR-02,East Ring Hub,West Ring Hub,18.0,85,46,35.0,1610.0,0,32,On-Time
TRIP-11866,2024-02-22,06:15:15,BUS-101,Central Station ⇄ IT Tech Park,Bus,BUS-KA01-E106,Central Railway Station,Cyber City Tech Park,16.5,60,16,30.0,480.0,0,45,On-Time
TRIP-11867,2024-02-22,07:40:45,BUS-101,Central Station ⇄ IT Tech Park,Bus,BUS-KA01-E106,Central Railway Station,Cyber City Tech Park,16.5,60,31,30.0,930.0,0,45,On-Time
TRIP-11868,2024-02-22,09:45:00,BUS-101,Central Station ⇄ IT Tech Park,Bus,BUS-KA01-E104,Central Railway Station,Cyber City Tech Park,16.5,60,64,30.0,1920.0,0,45,On-Time
TRIP-11869,2024-02-22,10:00:00,BUS-101,Central Station ⇄ IT Tech Park,Bus,BUS-KA01-E105,Central Railway Station,Cyber City Tech Park,16.5,60,56,30.0,1680.0,0,45,On-Time
TRIP-11870,2024-02-22,15:20:45,BUS-101,Central Station ⇄ IT Tech Park,Bus,BUS-KA01-E104,Central Railway Station,Cyber City Tech Park,16.5,60,37,30.0,1110.0,2,46,On-Time
TRIP-11871,2024-02-22,06:10:15,BUS-102,Airport Express ⇄ Downtown Terminal,Bus,BUS-KA01-A205,International Airport Terminal 2,Downtown Central Terminal,28.0,50,11,90.0,990.0,0,60,On-Time
TRIP-11872,2024-02-22,10:50:00,BUS-102,Airport Express ⇄ Downtown Terminal,Bus,BUS-KA01-A205,International Airport Terminal 2,Downtown Central Terminal,28.0,50,45,90.0,4050.0,29,74,Major Delay
TRIP-11873,2024-02-22,22:40:45,BUS-102,Airport Express ⇄ Downtown Terminal,Bus,BUS-KA01-A208,International Airport Terminal 2,Downtown Central Terminal,28.0,50,14,90.0,1260.0,0,60,On-Time
TRIP-11874,2024-02-22,06:40:00,BUS-105,Westside Mall ⇄ Harbor Port,Bus,BUS-KA02-W309,Westside Mall Circle,South Harbor Port Gate,14.2,60,14,25.0,350.0,0,38,On-Time
TRIP-11875,2024-02-22,07:10:45,BUS-105,Westside Mall ⇄ Harbor Port,Bus,BUS-KA02-W308,Westside Mall Circle,South Harbor Port Gate,14.2,60,33,25.0,825.0,0,38,On-Time
TRIP-11876,2024-02-22,11:00:45,BUS-105,Westside Mall ⇄ Harbor Port,Bus,BUS-KA02-W308,Westside Mall Circle,South Harbor Port Gate,14.2,60,31,25.0,775.0,0,38,On-Time
TRIP-11877,2024-02-22,13:30:00,BUS-105,Westside Mall ⇄ Harbor Port,Bus,BUS-KA02-W302,Westside Mall Circle,South Harbor Port Gate,14.2,60,28,25.0,700.0,0,38,On-Time
TRIP-11878,2024-02-22,21:50:45,BUS-105,Westside Mall ⇄ Harbor Port,Bus,BUS-KA02-W305,Westside Mall Circle,South Harbor Port Gate,14.2,60,32,25.0,800.0,8,42,Moderate Delay
TRIP-11879,2024-02-22,07:00:15,BUS-110,University Campus ⇄ City Center,Bus,BUS-KA02-U409,State University North Gate,City Commercial Center,11.0,60,32,20.0,640.0,0,32,On-Time
TRIP-11880,2024-02-22,12:50:00,BUS-110,University Campus ⇄ City Center,Bus,BUS-KA02-U407,State University North Gate,City Commercial Center,11.0,60,36,20.0,720.0,0,32,On-Time
TRIP-11881,2024-02-22,15:00:30,BUS-110,University Campus ⇄ City Center,Bus,BUS-KA02-U408,State University North Gate,City Commercial Center,11.0,60,41,20.0,820.0,0,32,On-Time
TRIP-11882,2024-02-22,20:30:15,BUS-110,University Campus ⇄ City Center,Bus,BUS-KA02-U403,State University North Gate,City Commercial Center,11.0,60,38,20.0,760.0,0,32,On-Time
TRIP-11883,2024-02-22,21:10:15,BUS-110,University Campus ⇄ City Center,Bus,BUS-KA02-U403,State University North Gate,City Commercial Center,11.0,60,29,20.0,580.0,7,37,Moderate Delay
TRIP-11884,2024-02-22,07:50:15,METRO-BLU,Metro Blue Line: North Ridge ⇄ Tech Valley,Metro,METRO-B-02,North Ridge Terminal,Tech Valley Central,24.5,320,182,45.0,8190.0,0,35,On-Time
TRIP-11885,2024-02-22,08:10:15,METRO-BLU,Metro Blue Line: North Ridge ⇄ Tech Valley,Metro,METRO-B-10,North Ridge Terminal,Tech Valley Central,24.5,320,297,45.0,13365.0,0,35,On-Time
TRIP-11886,2024-02-22,09:00:45,METRO-BLU,Metro Blue Line: North Ridge ⇄ Tech Valley,Metro,METRO-B-09,North Ridge Terminal,Tech Valley Central,24.5,320,345,45.0,15525.0,0,35,On-Time
TRIP-11887,2024-02-22,11:40:00,METRO-BLU,Metro Blue Line: North Ridge ⇄ Tech Valley,Metro,METRO-B-07,North Ridge Terminal,Tech Valley Central,24.5,320,197,45.0,8865.0,7,40,Moderate Delay
TRIP-11888,2024-02-22,15:10:00,METRO-BLU,Metro Blue Line: North Ridge ⇄ Tech Valley,Metro,METRO-B-08,North Ridge Terminal,Tech Valley Central,24.5,320,180,45.0,8100.0,0,35,On-Time
TRIP-11889,2024-02-22,07:00:15,METRO-RED,Metro Red Line: East Suburb ⇄ Financial District,Metro,METRO-R-09,East Suburb Terminal,Financial District Hub,21.0,320,140,40.0,5600.0,4,32,Moderate Delay
TRIP-11890,2024-02-22,08:40:30,METRO-RED,Metro Red Line: East Suburb ⇄ Financial District,Metro,METRO-R-10,East Suburb Terminal,Financial District Hub,21.0,320,344,40.0,13760.0,0,30,On-Time
TRIP-11891,2024-02-22,13:45:00,METRO-RED,Metro Red Line: East Suburb ⇄ Financial District,Metro,METRO-R-07,East Suburb Terminal,Financial District Hub,21.0,320,184,40.0,7360.0,3,31,On-Time
TRIP-11892,2024-02-22,20:00:30,METRO-RED,Metro Red Line: East Suburb ⇄ Financial District,Metro,METRO-R-05,East Suburb Terminal,Financial District Hub,21.0,320,207,40.0,8280.0,0,30,On-Time
TRIP-11893,2024-02-22,22:00:30,METRO-RED,Metro Red Line: East Suburb ⇄ Financial District,Metro,METRO-R-04,East Suburb Terminal,Financial District Hub,21.0,320,110,40.0,4400.0,4,33,Moderate Delay
TRIP-11894,2024-02-22,21:50:15,RAIL-CST,Suburban Rail: Coast Line ⇄ Old City Junction,Suburban Rail,RAIL-EMU-505,Coastal Harbor Junction,Old City Main Junction,38.0,750,306,25.0,7650.0,0,55,On-Time
TRIP-11895,2024-02-22,22:10:15,RAIL-CST,Suburban Rail: Coast Line ⇄ Old City Junction,Suburban Rail,RAIL-EMU-507,Coastal Harbor Junction,Old City Main Junction,38.0,750,240,25.0,6000.0,0,55,On-Time
TRIP-11896,2024-02-22,08:15:15,RAIL-EXT,Suburban Rail: Industrial Corridor ⇄ South Terminal,Suburban Rail,RAIL-EMU-602,Northern Industrial Zone,South Terminal Intermodal,42.5,750,810,30.0,24300.0,23,79,Major Delay
TRIP-11897,2024-02-22,21:30:45,RAIL-EXT,Suburban Rail: Industrial Corridor ⇄ South Terminal,Suburban Rail,RAIL-EMU-607,Northern Industrial Zone,South Terminal Intermodal,42.5,750,301,30.0,9030.0,0,65,On-Time
TRIP-11898,2024-02-22,06:40:45,BRTS-01,BRTS Ring Corridor: Outer Express,BRTS,BRTS-OR-03,East Ring Hub,West Ring Hub,18.0,85,21,35.0,735.0,0,32,On-Time
TRIP-11899,2024-02-22,12:50:45,BRTS-01,BRTS Ring Corridor: Outer Express,BRTS,BRTS-OR-05,East Ring Hub,West Ring Hub,18.0,85,53,35.0,1855.0,0,32,On-Time
TRIP-11900,2024-02-22,16:50:00,BRTS-01,BRTS Ring Corridor: Outer Express,BRTS,BRTS-OR-03,East Ring Hub,West Ring Hub,18.0,85,68,35.0,2380.0,2,33,On-Time
TRIP-11901,2024-02-22,17:00:30,BRTS-01,BRTS Ring Corridor: Outer Express,BRTS,BRTS-OR-06,East Ring Hub,West Ring Hub,18.0,85,87,35.0,3045.0,25,47,Major Delay
TRIP-11902,2024-02-23,12:15:45,BUS-101,Central Station ⇄ IT Tech Park,Bus,BUS-KA01-E109,Central Railway Station,Cyber City Tech Park,16.5,60,33,30.0,990.0,0,45,On-Time
TRIP-11903,2024-02-23,18:10:30,BUS-101,Central Station ⇄ IT Tech Park,Bus,BUS-KA01-E110,Central Railway Station,Cyber City Tech Park,16.5,60,64,30.0,1920.0,0,45,On-Time
TRIP-11904,2024-02-23,21:20:30,BUS-101,Central Station ⇄ IT Tech Park,Bus,BUS-KA01-E104,Central Railway Station,Cyber City Tech Park,16.5,60,34,30.0,1020.0,0,45,On-Time
TRIP-11905,2024-02-23,22:40:30,BUS-101,Central Station ⇄ IT Tech Park,Bus,BUS-KA01-E105,Central Railway Station,Cyber City Tech Park,16.5,60,15,30.0,450.0,0,45,On-Time
TRIP-11906,2024-02-23,12:15:30,BUS-102,Airport Express ⇄ Downtown Terminal,Bus,BUS-KA01-A209,International Airport Terminal 2,Downtown Central Terminal,28.0,50,26,90.0,2340.0,0,60,On-Time
TRIP-11907,2024-02-23,15:40:15,BUS-102,Airport Express ⇄ Downtown Terminal,Bus,BUS-KA01-A205,International Airport Terminal 2,Downtown Central Terminal,28.0,50,37,90.0,3330.0,0,60,On-Time
TRIP-11908,2024-02-23,18:20:15,BUS-102,Airport Express ⇄ Downtown Terminal,Bus,BUS-KA01-A208,International Airport Terminal 2,Downtown Central Terminal,28.0,50,54,90.0,4860.0,0,60,On-Time
TRIP-11909,2024-02-23,19:40:15,BUS-102,Airport Express ⇄ Downtown Terminal,Bus,BUS-KA01-A208,International Airport Terminal 2,Downtown Central Terminal,28.0,50,50,90.0,4500.0,0,60,On-Time
TRIP-11910,2024-02-23,07:30:00,BUS-105,Westside Mall ⇄ Harbor Port,Bus,BUS-KA02-W301,Westside Mall Circle,South Harbor Port Gate,14.2,60,37,25.0,925.0,0,38,On-Time
TRIP-11911,2024-02-23,10:10:15,BUS-105,Westside Mall ⇄ Harbor Port,Bus,BUS-KA02-W309,Westside Mall Circle,South Harbor Port Gate,14.2,60,63,25.0,1575.0,35,61,Major Delay
TRIP-11912,2024-02-23,15:30:45,BUS-105,Westside Mall ⇄ Harbor Port,Bus,BUS-KA02-W308,Westside Mall Circle,South Harbor Port Gate,14.2,60,35,25.0,875.0,7,43,Moderate Delay
TRIP-11913,2024-02-23,16:10:45,BUS-105,Westside Mall ⇄ Harbor Port,Bus,BUS-KA02-W302,Westside Mall Circle,South Harbor Port Gate,14.2,60,48,25.0,1200.0,0,38,On-Time
TRIP-11914,2024-02-23,21:40:00,BUS-105,Westside Mall ⇄ Harbor Port,Bus,BUS-KA02-W305,Westside Mall Circle,South Harbor Port Gate,14.2,60,23,25.0,575.0,2,39,On-Time
TRIP-11915,2024-02-23,09:00:00,BUS-110,University Campus ⇄ City Center,Bus,BUS-KA02-U404,State University North Gate,City Commercial Center,11.0,60,57,20.0,1140.0,21,44,Major Delay
TRIP-11916,2024-02-23,19:20:15,BUS-110,University Campus ⇄ City Center,Bus,BUS-KA02-U409,State University North Gate,City Commercial Center,11.0,60,64,20.0,1280.0,0,32,On-Time
TRIP-11917,2024-02-23,22:40:15,BUS-110,University Campus ⇄ City Center,Bus,BUS-KA02-U404,State University North Gate,City Commercial Center,11.0,60,15,20.0,300.0,0,32,On-Time
TRIP-11918,2024-02-23,12:00:15,METRO-BLU,Metro Blue Line: North Ridge ⇄ Tech Valley,Metro,METRO-B-05,North Ridge Terminal,Tech Valley Central,24.5,320,160,45.0,7200.0,0,35,On-Time
TRIP-11919,2024-02-23,14:50:00,METRO-BLU,Metro Blue Line: North Ridge ⇄ Tech Valley,Metro,METRO-B-08,North Ridge Terminal,Tech Valley Central,24.5,320,160,45.0,7200.0,0,35,On-Time
TRIP-11920,2024-02-23,15:15:15,METRO-BLU,Metro Blue Line: North Ridge ⇄ Tech Valley,Metro,METRO-B-05,North Ridge Terminal,Tech Valley Central,24.5,320,252,45.0,11340.0,0,35,On-Time
TRIP-11921,2024-02-23,18:45:45,METRO-BLU,Metro Blue Line: North Ridge ⇄ Tech Valley,Metro,METRO-B-08,North Ridge Terminal,Tech Valley Central,24.5,320,345,45.0,15525.0,2,36,On-Time
TRIP-11922,2024-02-23,10:45:00,METRO-RED,Metro Red Line: East Suburb ⇄ Financial District,Metro,METRO-R-09,East Suburb Terminal,Financial District Hub,21.0,320,304,40.0,12160.0,8,35,Moderate Delay
TRIP-11923,2024-02-23,15:40:30,METRO-RED,Metro Red Line: East Suburb ⇄ Financial District,Metro,METRO-R-08,East Suburb Terminal,Financial District Hub,21.0,320,174,40.0,6960.0,0,30,On-Time
TRIP-11924,2024-02-23,18:20:30,METRO-RED,Metro Red Line: East Suburb ⇄ Financial District,Metro,METRO-R-07,East Suburb Terminal,Financial District Hub,21.0,320,339,40.0,13560.0,7,33,Moderate Delay
TRIP-11925,2024-02-23,19:20:15,METRO-RED,Metro Red Line: East Suburb ⇄ Financial District,Metro,METRO-R-04,East Suburb Terminal,Financial District Hub,21.0,320,311,40.0,12440.0,4,33,Moderate Delay
TRIP-11926,2024-02-23,21:45:45,METRO-RED,Metro Red Line: East Suburb ⇄ Financial District,Metro,METRO-R-02,East Suburb Terminal,Financial District Hub,21.0,320,184,40.0,7360.0,0,30,On-Time
TRIP-11927,2024-02-23,06:40:30,RAIL-CST,Suburban Rail: Coast Line ⇄ Old City Junction,Suburban Rail,RAIL-EMU-504,Coastal Harbor Junction,Old City Main Junction,38.0,750,187,25.0,4675.0,0,55,On-Time
TRIP-11928,2024-02-23,15:10:45,RAIL-CST,Suburban Rail: Coast Line ⇄ Old City Junction,Suburban Rail,RAIL-EMU-503,Coastal Harbor Junction,Old City Main Junction,38.0,750,456,25.0,11400.0,6,60,Moderate Delay
TRIP-11929,2024-02-23,18:50:15,RAIL-CST,Suburban Rail: Coast Line ⇄ Old City Junction,Suburban Rail,RAIL-EMU-505,Coastal Harbor Junction,Old City Main Junction,38.0,750,805,25.0,20125.0,0,55,On-Time
TRIP-11930,2024-02-23,07:00:15,RAIL-EXT,Suburban Rail: Industrial Corridor ⇄ South Terminal,Suburban Rail,RAIL-EMU-606,Northern Industrial Zone,South Terminal Intermodal,42.5,750,329,30.0,9870.0,0,65,On-Time
TRIP-11931,2024-02-23,11:00:30,RAIL-EXT,Suburban Rail: Industrial Corridor ⇄ South Terminal,Suburban Rail,RAIL-EMU-603,Northern Industrial Zone,South Terminal Intermodal,42.5,750,397,30.0,11910.0,0,65,On-Time
TRIP-11932,2024-02-23,12:15:45,RAIL-EXT,Suburban Rail: Industrial Corridor ⇄ South Terminal,Suburban Rail,RAIL-EMU-603,Northern Industrial Zone,South Terminal Intermodal,42.5,750,410,30.0,12300.0,0,65,On-Time
TRIP-11933,2024-02-23,22:15:00,RAIL-EXT,Suburban Rail: Industrial Corridor ⇄ South Terminal,Suburban Rail,RAIL-EMU-607,Northern Industrial Zone,South Terminal Intermodal,42.5,750,200,30.0,6000.0,1,65,On-Time
TRIP-11934,2024-02-23,11:15:15,BRTS-01,BRTS Ring Corridor: Outer Express,BRTS,BRTS-OR-02,East Ring Hub,West Ring Hub,18.0,85,43,35.0,1505.0,0,32,On-Time
TRIP-11935,2024-02-23,12:10:00,BRTS-01,BRTS Ring Corridor: Outer Express,BRTS,BRTS-OR-08,East Ring Hub,West Ring Hub,18.0,85,46,35.0,1610.0,0,32,On-Time
TRIP-11936,2024-02-23,13:40:15,BRTS-01,BRTS Ring Corridor: Outer Express,BRTS,BRTS-OR-01,East Ring Hub,West Ring Hub,18.0,85,41,35.0,1435.0,0,32,On-Time
TRIP-11937,2024-02-23,14:40:15,BRTS-01,BRTS Ring Corridor: Outer Express,BRTS,BRTS-OR-01,East Ring Hub,West Ring Hub,18.0,85,56,35.0,1960.0,0,32,On-Time
TRIP-11938,2024-02-23,15:45:15,BRTS-01,BRTS Ring Corridor: Outer Express,BRTS,BRTS-OR-04,East Ring Hub,West Ring Hub,18.0,85,49,35.0,1715.0,0,32,On-Time
TRIP-11939,2024-02-24,09:15:00,BUS-101,Central Station ⇄ IT Tech Park,Bus,BUS-KA01-E107,Central Railway Station,Cyber City Tech Park,16.5,60,58,30.0,1740.0,6,48,Moderate Delay
TRIP-11940,2024-02-24,13:15:00,BUS-101,Central Station ⇄ IT Tech Park,Bus,BUS-KA01-E107,Central Railway Station,Cyber City Tech Park,16.5,60,23,30.0,690.0,0,45,On-Time
TRIP-11941,2024-02-24,14:45:45,BUS-101,Central Station ⇄ IT Tech Park,Bus,BUS-KA01-E110,Central Railway Station,Cyber City Tech Park,16.5,60,31,30.0,930.0,0,45,On-Time
TRIP-11942,2024-02-24,17:45:30,BUS-101,Central Station ⇄ IT Tech Park,Bus,BUS-KA01-E101,Central Railway Station,Cyber City Tech Park,16.5,60,51,30.0,1530.0,35,64,Major Delay
TRIP-11943,2024-02-24,20:20:00,BUS-101,Central Station ⇄ IT Tech Park,Bus,BUS-KA01-E110,Central Railway Station,Cyber City Tech Park,16.5,60,36,30.0,1080.0,0,45,On-Time
TRIP-11944,2024-02-24,10:00:30,BUS-102,Airport Express ⇄ Downtown Terminal,Bus,BUS-KA01-A203,International Airport Terminal 2,Downtown Central Terminal,28.0,50,34,90.0,3060.0,0,60,On-Time
TRIP-11945,2024-02-24,11:50:15,BUS-102,Airport Express ⇄ Downtown Terminal,Bus,BUS-KA01-A201,International Airport Terminal 2,Downtown Central Terminal,28.0,50,25,90.0,2250.0,0,60,On-Time
TRIP-11946,2024-02-24,18:20:45,BUS-102,Airport Express ⇄ Downtown Terminal,Bus,BUS-KA01-A204,International Airport Terminal 2,Downtown Central Terminal,28.0,50,41,90.0,3690.0,33,81,Major Delay
TRIP-11947,2024-02-24,22:50:15,BUS-102,Airport Express ⇄ Downtown Terminal,Bus,BUS-KA01-A202,International Airport Terminal 2,Downtown Central Terminal,28.0,50,10,90.0,900.0,3,62,On-Time
TRIP-11948,2024-02-24,07:45:45,BUS-105,Westside Mall ⇄ Harbor Port,Bus,BUS-KA02-W309,Westside Mall Circle,South Harbor Port Gate,14.2,60,19,25.0,475.0,0,38,On-Time
TRIP-11949,2024-02-24,11:50:00,BUS-105,Westside Mall ⇄ Harbor Port,Bus,BUS-KA02-W306,Westside Mall Circle,South Harbor Port Gate,14.2,60,33,25.0,825.0,0,38,On-Time
TRIP-11950,2024-02-24,13:40:15,BUS-105,Westside Mall ⇄ Harbor Port,Bus,BUS-KA02-W302,Westside Mall Circle,South Harbor Port Gate,14.2,60,23,25.0,575.0,0,38,On-Time
TRIP-11951,2024-02-24,17:15:30,BUS-105,Westside Mall ⇄ Harbor Port,Bus,BUS-KA02-W307,Westside Mall Circle,South Harbor Port Gate,14.2,60,41,25.0,1025.0,27,51,Major Delay
TRIP-11952,2024-02-24,11:30:30,BUS-110,University Campus ⇄ City Center,Bus,BUS-KA02-U408,State University North Gate,City Commercial Center,11.0,60,23,20.0,460.0,0,32,On-Time
TRIP-11953,2024-02-24,15:50:45,BUS-110,University Campus ⇄ City Center,Bus,BUS-KA02-U409,State University North Gate,City Commercial Center,11.0,60,33,20.0,660.0,9,39,Moderate Delay
TRIP-11954,2024-02-24,17:10:15,BUS-110,University Campus ⇄ City Center,Bus,BUS-KA02-U405,State University North Gate,City Commercial Center,11.0,60,59,20.0,1180.0,32,57,Major Delay
TRIP-11955,2024-02-24,20:15:15,BUS-110,University Campus ⇄ City Center,Bus,BUS-KA02-U407,State University North Gate,City Commercial Center,11.0,60,39,20.0,780.0,10,38,Moderate Delay
TRIP-11956,2024-02-24,06:15:15,METRO-BLU,Metro Blue Line: North Ridge ⇄ Tech Valley,Metro,METRO-B-10,North Ridge Terminal,Tech Valley Central,24.5,320,64,45.0,2880.0,3,37,On-Time
TRIP-11957,2024-02-24,07:30:15,METRO-BLU,Metro Blue Line: North Ridge ⇄ Tech Valley,Metro,METRO-B-08,North Ridge Terminal,Tech Valley Central,24.5,320,100,45.0,4500.0,1,35,On-Time
TRIP-11958,2024-02-24,10:10:15,METRO-BLU,Metro Blue Line: North Ridge ⇄ Tech Valley,Metro,METRO-B-08,North Ridge Terminal,Tech Valley Central,24.5,320,222,45.0,9990.0,0,35,On-Time
TRIP-11959,2024-02-24,22:10:00,METRO-BLU,Metro Blue Line: North Ridge ⇄ Tech Valley,Metro,METRO-B-06,North Ridge Terminal,Tech Valley Central,24.5,320,76,45.0,3420.0,0,35,On-Time
TRIP-11960,2024-02-24,11:15:30,METRO-RED,Metro Red Line: East Suburb ⇄ Financial District,Metro,METRO-R-01,East Suburb Terminal,Financial District Hub,21.0,320,171,40.0,6840.0,0,30,On-Time
TRIP-11961,2024-02-24,14:45:45,METRO-RED,Metro Red Line: East Suburb ⇄ Financial District,Metro,METRO-R-07,East Suburb Terminal,Financial District Hub,21.0,320,130,40.0,5200.0,0,30,On-Time
TRIP-11962,2024-02-24,16:00:30,METRO-RED,Metro Red Line: East Suburb ⇄ Financial District,Metro,METRO-R-09,East Suburb Terminal,Financial District Hub,21.0,320,221,40.0,8840.0,0,30,On-Time
TRIP-11963,2024-02-24,20:20:15,METRO-RED,Metro Red Line: East Suburb ⇄ Financial District,Metro,METRO-R-09,East Suburb Terminal,Financial District Hub,21.0,320,217,40.0,8680.0,3,32,On-Time
TRIP-11964,2024-02-24,21:40:45,METRO-RED,Metro Red Line: East Suburb ⇄ Financial District,Metro,METRO-R-02,East Suburb Terminal,Financial District Hub,21.0,320,128,40.0,5120.0,0,30,On-Time
TRIP-11965,2024-02-24,11:10:30,RAIL-CST,Suburban Rail: Coast Line ⇄ Old City Junction,Suburban Rail,RAIL-EMU-502,Coastal Harbor Junction,Old City Main Junction,38.0,750,419,25.0,10475.0,7,60,Moderate Delay
TRIP-11966,2024-02-24,21:45:45,RAIL-CST,Suburban Rail: Coast Line ⇄ Old City Junction,Suburban Rail,RAIL-EMU-503,Coastal Harbor Junction,Old City Main Junction,38.0,750,326,25.0,8150.0,0,55,On-Time
TRIP-11967,2024-02-24,21:45:15,RAIL-EXT,Suburban Rail: Industrial Corridor ⇄ South Terminal,Suburban Rail,RAIL-EMU-605,Northern Industrial Zone,South Terminal Intermodal,42.5,750,263,30.0,7890.0,0,65,On-Time
TRIP-11968,2024-02-24,22:15:30,RAIL-EXT,Suburban Rail: Industrial Corridor ⇄ South Terminal,Suburban Rail,RAIL-EMU-601,Northern Industrial Zone,South Terminal Intermodal,42.5,750,150,30.0,4500.0,0,65,On-Time
TRIP-11969,2024-02-24,08:00:15,BRTS-01,BRTS Ring Corridor: Outer Express,BRTS,BRTS-OR-03,East Ring Hub,West Ring Hub,18.0,85,70,35.0,2450.0,9,39,Moderate Delay
TRIP-11970,2024-02-24,18:00:00,BRTS-01,BRTS Ring Corridor: Outer Express,BRTS,BRTS-OR-06,East Ring Hub,West Ring Hub,18.0,85,77,35.0,2695.0,22,51,Major Delay
TRIP-11971,2024-02-24,22:40:00,BRTS-01,BRTS Ring Corridor: Outer Express,BRTS,BRTS-OR-01,East Ring Hub,West Ring Hub,18.0,85,17,35.0,595.0,0,32,On-Time
TRIP-11972,2024-02-25,06:15:45,BUS-101,Central Station ⇄ IT Tech Park,Bus,BUS-KA01-E105,Central Railway Station,Cyber City Tech Park,16.5,60,13,30.0,390.0,0,45,On-Time
TRIP-11973,2024-02-25,07:10:30,BUS-101,Central Station ⇄ IT Tech Park,Bus,BUS-KA01-E103,Central Railway Station,Cyber City Tech Park,16.5,60,20,30.0,600.0,0,45,On-Time
TRIP-11974,2024-02-25,08:10:45,BUS-101,Central Station ⇄ IT Tech Park,Bus,BUS-KA01-E106,Central Railway Station,Cyber City Tech Park,16.5,60,51,30.0,1530.0,0,45,On-Time
TRIP-11975,2024-02-25,09:15:45,BUS-101,Central Station ⇄ IT Tech Park,Bus,BUS-KA01-E107,Central Railway Station,Cyber City Tech Park,16.5,60,60,30.0,1800.0,23,59,Major Delay
TRIP-11976,2024-02-25,15:45:15,BUS-101,Central Station ⇄ IT Tech Park,Bus,BUS-KA01-E104,Central Railway Station,Cyber City Tech Park,16.5,60,33,30.0,990.0,0,45,On-Time
TRIP-11977,2024-02-25,10:15:00,BUS-102,Airport Express ⇄ Downtown Terminal,Bus,BUS-KA01-A202,International Airport Terminal 2,Downtown Central Terminal,28.0,50,29,90.0,2610.0,0,60,On-Time
TRIP-11978,2024-02-25,17:50:15,BUS-102,Airport Express ⇄ Downtown Terminal,Bus,BUS-KA01-A204,International Airport Terminal 2,Downtown Central Terminal,28.0,50,36,90.0,3240.0,25,79,Major Delay
TRIP-11979,2024-02-25,20:50:45,BUS-102,Airport Express ⇄ Downtown Terminal,Bus,BUS-KA01-A209,International Airport Terminal 2,Downtown Central Terminal,28.0,50,28,90.0,2520.0,0,60,On-Time
TRIP-11980,2024-02-25,12:00:30,BUS-105,Westside Mall ⇄ Harbor Port,Bus,BUS-KA02-W305,Westside Mall Circle,South Harbor Port Gate,14.2,60,23,25.0,575.0,2,39,On-Time
TRIP-11981,2024-02-25,13:45:15,BUS-105,Westside Mall ⇄ Harbor Port,Bus,BUS-KA02-W306,Westside Mall Circle,South Harbor Port Gate,14.2,60,28,25.0,700.0,0,38,On-Time
TRIP-11982,2024-02-25,15:50:15,BUS-105,Westside Mall ⇄ Harbor Port,Bus,BUS-KA02-W306,Westside Mall Circle,South Harbor Port Gate,14.2,60,34,25.0,850.0,0,38,On-Time
TRIP-11983,2024-02-25,16:15:00,BUS-105,Westside Mall ⇄ Harbor Port,Bus,BUS-KA02-W308,Westside Mall Circle,South Harbor Port Gate,14.2,60,42,25.0,1050.0,5,41,Moderate Delay
TRIP-11984,2024-02-25,20:40:15,BUS-105,Westside Mall ⇄ Harbor Port,Bus,BUS-KA02-W305,Westside Mall Circle,South Harbor Port Gate,14.2,60,28,25.0,700.0,9,44,Moderate Delay
TRIP-11985,2024-02-25,06:00:30,BUS-110,University Campus ⇄ City Center,Bus,BUS-KA02-U401,State University North Gate,City Commercial Center,11.0,60,12,20.0,240.0,0,32,On-Time
TRIP-11986,2024-02-25,11:10:45,BUS-110,University Campus ⇄ City Center,Bus,BUS-KA02-U403,State University North Gate,City Commercial Center,11.0,60,31,20.0,620.0,0,32,On-Time
TRIP-11987,2024-02-25,19:40:30,BUS-110,University Campus ⇄ City Center,Bus,BUS-KA02-U404,State University North Gate,City Commercial Center,11.0,60,47,20.0,940.0,0,32,On-Time
TRIP-11988,2024-02-25,07:30:45,METRO-BLU,Metro Blue Line: North Ridge ⇄ Tech Valley,Metro,METRO-B-02,North Ridge Terminal,Tech Valley Central,24.5,320,103,45.0,4635.0,0,35,On-Time
TRIP-11989,2024-02-25,14:50:45,METRO-BLU,Metro Blue Line: North Ridge ⇄ Tech Valley,Metro,METRO-B-04,North Ridge Terminal,Tech Valley Central,24.5,320,168,45.0,7560.0,0,35,On-Time
TRIP-11990,2024-02-25,15:40:15,METRO-BLU,Metro Blue Line: North Ridge ⇄ Tech Valley,Metro,METRO-B-01,North Ridge Terminal,Tech Valley Central,24.5,320,158,45.0,7110.0,0,35,On-Time
TRIP-11991,2024-02-25,17:20:30,METRO-BLU,Metro Blue Line: North Ridge ⇄ Tech Valley,Metro,METRO-B-08,North Ridge Terminal,Tech Valley Central,24.5,320,258,45.0,11610.0,4,37,Moderate Delay
TRIP-11992,2024-02-25,20:20:45,METRO-BLU,Metro Blue Line: North Ridge ⇄ Tech Valley,Metro,METRO-B-05,North Ridge Terminal,Tech Valley Central,24.5,320,151,45.0,6795.0,2,36,On-Time
TRIP-11993,2024-02-25,06:30:00,METRO-RED,Metro Red Line: East Suburb ⇄ Financial District,Metro,METRO-R-09,East Suburb Terminal,Financial District Hub,21.0,320,64,40.0,2560.0,0,30,On-Time
TRIP-11994,2024-02-25,14:30:00,METRO-RED,Metro Red Line: East Suburb ⇄ Financial District,Metro,METRO-R-06,East Suburb Terminal,Financial District Hub,21.0,320,164,40.0,6560.0,0,30,On-Time
TRIP-11995,2024-02-25,16:15:15,METRO-RED,Metro Red Line: East Suburb ⇄ Financial District,Metro,METRO-R-04,East Suburb Terminal,Financial District Hub,21.0,320,159,40.0,6360.0,0,30,On-Time
TRIP-11996,2024-02-25,17:50:00,METRO-RED,Metro Red Line: East Suburb ⇄ Financial District,Metro,METRO-R-03,East Suburb Terminal,Financial District Hub,21.0,320,226,40.0,9040.0,0,30,On-Time
TRIP-11997,2024-02-25,19:30:30,METRO-RED,Metro Red Line: East Suburb ⇄ Financial District,Metro,METRO-R-03,East Suburb Terminal,Financial District Hub,21.0,320,243,40.0,9720.0,0,30,On-Time
TRIP-11998,2024-02-25,22:40:00,METRO-RED,Metro Red Line: East Suburb ⇄ Financial District,Metro,METRO-R-09,East Suburb Terminal,Financial District Hub,21.0,320,79,40.0,3160.0,0,30,On-Time
TRIP-11999,2024-02-25,08:10:00,RAIL-CST,Suburban Rail: Coast Line ⇄ Old City Junction,Suburban Rail,RAIL-EMU-501,Coastal Harbor Junction,Old City Main Junction,38.0,750,722,25.0,18050.0,11,64,Moderate Delay
TRIP-12000,2024-02-25,19:50:30,RAIL-CST,Suburban Rail: Coast Line ⇄ Old City Junction,Suburban Rail,RAIL-EMU-504,Coastal Harbor Junction,Old City Main Junction,38.0,750,501,25.0,12525.0,0,55,On-Time
TRIP-12001,2024-02-25,21:10:45,RAIL-CST,Suburban Rail: Coast Line ⇄ Old City Junction,Suburban Rail,RAIL-EMU-507,Coastal Harbor Junction,Old City Main Junction,38.0,750,292,25.0,7300.0,0,55,On-Time
TRIP-12002,2024-02-25,22:10:30,RAIL-CST,Suburban Rail: Coast Line ⇄ Old City Junction,Suburban Rail,RAIL-EMU-503,Coastal Harbor Junction,Old City Main Junction,38.0,750,150,25.0,3750.0,0,55,On-Time
TRIP-12003,2024-02-25,06:15:30,RAIL-EXT,Suburban Rail: Industrial Corridor ⇄ South Terminal,Suburban Rail,RAIL-EMU-604,Northern Industrial Zone,South Terminal Intermodal,42.5,750,150,30.0,4500.0,0,65,On-Time
TRIP-12004,2024-02-25,07:40:00,RAIL-EXT,Suburban Rail: Industrial Corridor ⇄ South Terminal,Suburban Rail,RAIL-EMU-601,Northern Industrial Zone,South Terminal Intermodal,42.5,750,276,30.0,8280.0,0,65,On-Time
TRIP-12005,2024-02-25,08:45:15,RAIL-EXT,Suburban Rail: Industrial Corridor ⇄ South Terminal,Suburban Rail,RAIL-EMU-605,Northern Industrial Zone,South Terminal Intermodal,42.5,750,530,30.0,15900.0,0,65,On-Time
TRIP-12006,2024-02-25,21:10:15,RAIL-EXT,Suburban Rail: Industrial Corridor ⇄ South Terminal,Suburban Rail,RAIL-EMU-605,Northern Industrial Zone,South Terminal Intermodal,42.5,750,310,30.0,9300.0,0,65,On-Time
TRIP-12007,2024-02-25,11:20:00,BRTS-01,BRTS Ring Corridor: Outer Express,BRTS,BRTS-OR-06,East Ring Hub,West Ring Hub,18.0,85,33,35.0,1155.0,10,38,Moderate Delay
TRIP-12008,2024-02-25,16:40:45,BRTS-01,BRTS Ring Corridor: Outer Express,BRTS,BRTS-OR-02,East Ring Hub,West Ring Hub,18.0,85,57,35.0,1995.0,6,37,Moderate Delay
TRIP-12009,2024-02-25,18:15:00,BRTS-01,BRTS Ring Corridor: Outer Express,BRTS,BRTS-OR-03,East Ring Hub,West Ring Hub,18.0,85,81,35.0,2835.0,0,32,On-Time
TRIP-12010,2024-02-25,21:50:45,BRTS-01,BRTS Ring Corridor: Outer Express,BRTS,BRTS-OR-02,East Ring Hub,West Ring Hub,18.0,85,31,35.0,1085.0,0,32,On-Time
TRIP-12011,2024-02-26,07:45:30,BUS-101,Central Station ⇄ IT Tech Park,Bus,BUS-KA01-E103,Central Railway Station,Cyber City Tech Park,16.5,60,25,30.0,750.0,5,48,Moderate Delay
TRIP-12012,2024-02-26,09:30:45,BUS-101,Central Station ⇄ IT Tech Park,Bus,BUS-KA01-E109,Central Railway Station,Cyber City Tech Park,16.5,60,64,30.0,1920.0,30,71,Major Delay
TRIP-12013,2024-02-26,10:40:00,BUS-101,Central Station ⇄ IT Tech Park,Bus,BUS-KA01-E101,Central Railway Station,Cyber City Tech Park,16.5,60,56,30.0,1680.0,0,45,On-Time
TRIP-12014,2024-02-26,14:30:30,BUS-101,Central Station ⇄ IT Tech Park,Bus,BUS-KA01-E110,Central Railway Station,Cyber City Tech Park,16.5,60,31,30.0,930.0,3,47,On-Time
TRIP-12015,2024-02-26,16:10:30,BUS-101,Central Station ⇄ IT Tech Park,Bus,BUS-KA01-E106,Central Railway Station,Cyber City Tech Park,16.5,60,41,30.0,1230.0,0,45,On-Time
TRIP-12016,2024-02-26,11:10:15,BUS-102,Airport Express ⇄ Downtown Terminal,Bus,BUS-KA01-A209,International Airport Terminal 2,Downtown Central Terminal,28.0,50,26,90.0,2340.0,0,60,On-Time
TRIP-12017,2024-02-26,12:10:30,BUS-102,Airport Express ⇄ Downtown Terminal,Bus,BUS-KA01-A207,International Airport Terminal 2,Downtown Central Terminal,28.0,50,34,90.0,3060.0,0,60,On-Time
TRIP-12018,2024-02-26,15:00:30,BUS-102,Airport Express ⇄ Downtown Terminal,Bus,BUS-KA01-A205,International Airport Terminal 2,Downtown Central Terminal,28.0,50,39,90.0,3510.0,0,60,On-Time
TRIP-12019,2024-02-26,07:00:00,BUS-105,Westside Mall ⇄ Harbor Port,Bus,BUS-KA02-W302,Westside Mall Circle,South Harbor Port Gate,14.2,60,36,25.0,900.0,6,41,Moderate Delay
TRIP-12020,2024-02-26,10:30:15,BUS-105,Westside Mall ⇄ Harbor Port,Bus,BUS-KA02-W302,Westside Mall Circle,South Harbor Port Gate,14.2,60,58,25.0,1450.0,0,38,On-Time
TRIP-12021,2024-02-26,15:40:15,BUS-105,Westside Mall ⇄ Harbor Port,Bus,BUS-KA02-W302,Westside Mall Circle,South Harbor Port Gate,14.2,60,35,25.0,875.0,0,38,On-Time
TRIP-12022,2024-02-26,20:00:45,BUS-105,Westside Mall ⇄ Harbor Port,Bus,BUS-KA02-W309,Westside Mall Circle,South Harbor Port Gate,14.2,60,41,25.0,1025.0,0,38,On-Time
TRIP-12023,2024-02-26,22:20:45,BUS-105,Westside Mall ⇄ Harbor Port,Bus,BUS-KA02-W304,Westside Mall Circle,South Harbor Port Gate,14.2,60,14,25.0,350.0,0,38,On-Time
TRIP-12024,2024-02-26,07:45:15,BUS-110,University Campus ⇄ City Center,Bus,BUS-KA02-U407,State University North Gate,City Commercial Center,11.0,60,35,20.0,700.0,0,32,On-Time
TRIP-12025,2024-02-26,09:30:30,BUS-110,University Campus ⇄ City Center,Bus,BUS-KA02-U407,State University North Gate,City Commercial Center,11.0,60,64,20.0,1280.0,0,32,On-Time
TRIP-12026,2024-02-26,12:30:45,BUS-110,University Campus ⇄ City Center,Bus,BUS-KA02-U405,State University North Gate,City Commercial Center,11.0,60,28,20.0,560.0,10,37,Moderate Delay
TRIP-12027,2024-02-26,13:15:15,BUS-110,University Campus ⇄ City Center,Bus,BUS-KA02-U404,State University North Gate,City Commercial Center,11.0,60,37,20.0,740.0,0,32,On-Time
TRIP-12028,2024-02-26,07:00:00,METRO-BLU,Metro Blue Line: North Ridge ⇄ Tech Valley,Metro,METRO-B-02,North Ridge Terminal,Tech Valley Central,24.5,320,180,45.0,8100.0,4,37,Moderate Delay
TRIP-12029,2024-02-26,09:00:15,METRO-BLU,Metro Blue Line: North Ridge ⇄ Tech Valley,Metro,METRO-B-02,North Ridge Terminal,Tech Valley Central,24.5,320,345,45.0,15525.0,0,35,On-Time
TRIP-12030,2024-02-26,13:40:15,METRO-BLU,Metro Blue Line: North Ridge ⇄ Tech Valley,Metro,METRO-B-06,North Ridge Terminal,Tech Valley Central,24.5,320,176,45.0,7920.0,2,36,On-Time
TRIP-12031,2024-02-26,17:45:45,METRO-BLU,Metro Blue Line: North Ridge ⇄ Tech Valley,Metro,METRO-B-04,North Ridge Terminal,Tech Valley Central,24.5,320,345,45.0,15525.0,0,35,On-Time
TRIP-12032,2024-02-26,09:20:45,METRO-RED,Metro Red Line: East Suburb ⇄ Financial District,Metro,METRO-R-07,East Suburb Terminal,Financial District Hub,21.0,320,345,40.0,13800.0,1,30,On-Time
TRIP-12033,2024-02-26,10:50:15,METRO-RED,Metro Red Line: East Suburb ⇄ Financial District,Metro,METRO-R-08,East Suburb Terminal,Financial District Hub,21.0,320,247,40.0,9880.0,0,30,On-Time
TRIP-12034,2024-02-26,11:30:15,METRO-RED,Metro Red Line: East Suburb ⇄ Financial District,Metro,METRO-R-05,East Suburb Terminal,Financial District Hub,21.0,320,196,40.0,7840.0,0,30,On-Time
TRIP-12035,2024-02-26,12:15:45,METRO-RED,Metro Red Line: East Suburb ⇄ Financial District,Metro,METRO-R-02,East Suburb Terminal,Financial District Hub,21.0,320,212,40.0,8480.0,0,30,On-Time
TRIP-12036,2024-02-26,16:50:30,METRO-RED,Metro Red Line: East Suburb ⇄ Financial District,Metro,METRO-R-05,East Suburb Terminal,Financial District Hub,21.0,320,243,40.0,9720.0,4,33,Moderate Delay
TRIP-12037,2024-02-26,21:50:45,METRO-RED,Metro Red Line: East Suburb ⇄ Financial District,Metro,METRO-R-03,East Suburb Terminal,Financial District Hub,21.0,320,141,40.0,5640.0,0,30,On-Time
TRIP-12038,2024-02-26,13:45:15,RAIL-CST,Suburban Rail: Coast Line ⇄ Old City Junction,Suburban Rail,RAIL-EMU-502,Coastal Harbor Junction,Old City Main Junction,38.0,750,503,25.0,12575.0,0,55,On-Time
TRIP-12039,2024-02-26,21:10:30,RAIL-CST,Suburban Rail: Coast Line ⇄ Old City Junction,Suburban Rail,RAIL-EMU-503,Coastal Harbor Junction,Old City Main Junction,38.0,750,397,25.0,9925.0,0,55,On-Time
TRIP-12040,2024-02-26,12:00:00,RAIL-EXT,Suburban Rail: Industrial Corridor ⇄ South Terminal,Suburban Rail,RAIL-EMU-603,Northern Industrial Zone,South Terminal Intermodal,42.5,750,462,30.0,13860.0,0,65,On-Time
TRIP-12041,2024-02-26,15:30:15,RAIL-EXT,Suburban Rail: Industrial Corridor ⇄ South Terminal,Suburban Rail,RAIL-EMU-605,Northern Industrial Zone,South Terminal Intermodal,42.5,750,558,30.0,16740.0,0,65,On-Time
TRIP-12042,2024-02-26,17:15:45,RAIL-EXT,Suburban Rail: Industrial Corridor ⇄ South Terminal,Suburban Rail,RAIL-EMU-606,Northern Industrial Zone,South Terminal Intermodal,42.5,750,810,30.0,24300.0,3,66,On-Time
TRIP-12043,2024-02-26,22:45:30,RAIL-EXT,Suburban Rail: Industrial Corridor ⇄ South Terminal,Suburban Rail,RAIL-EMU-606,Northern Industrial Zone,South Terminal Intermodal,42.5,750,180,30.0,5400.0,2,66,On-Time
TRIP-12044,2024-02-26,09:45:30,BRTS-01,BRTS Ring Corridor: Outer Express,BRTS,BRTS-OR-06,East Ring Hub,West Ring Hub,18.0,85,85,35.0,2975.0,16,45,Major Delay
TRIP-12045,2024-02-26,14:00:30,BRTS-01,BRTS Ring Corridor: Outer Express,BRTS,BRTS-OR-08,East Ring Hub,West Ring Hub,18.0,85,48,35.0,1680.0,0,32,On-Time
TRIP-12046,2024-02-26,15:20:45,BRTS-01,BRTS Ring Corridor: Outer Express,BRTS,BRTS-OR-03,East Ring Hub,West Ring Hub,18.0,85,67,35.0,2345.0,2,33,On-Time
TRIP-12047,2024-02-26,22:20:45,BRTS-01,BRTS Ring Corridor: Outer Express,BRTS,BRTS-OR-02,East Ring Hub,West Ring Hub,18.0,85,29,35.0,1015.0,7,36,Moderate Delay
TRIP-12048,2024-02-27,09:20:15,BUS-101,Central Station ⇄ IT Tech Park,Bus,BUS-KA01-E107,Central Railway Station,Cyber City Tech Park,16.5,60,64,30.0,1920.0,4,48,Moderate Delay
TRIP-12049,2024-02-27,10:10:30,BUS-101,Central Station ⇄ IT Tech Park,Bus,BUS-KA01-E102,Central Railway Station,Cyber City Tech Park,16.5,60,59,30.0,1770.0,0,45,On-Time
TRIP-12050,2024-02-27,20:40:15,BUS-101,Central Station ⇄ IT Tech Park,Bus,BUS-KA01-E109,Central Railway Station,Cyber City Tech Park,16.5,60,49,30.0,1470.0,5,49,Moderate Delay
TRIP-12051,2024-02-27,07:15:00,BUS-102,Airport Express ⇄ Downtown Terminal,Bus,BUS-KA01-A207,International Airport Terminal 2,Downtown Central Terminal,28.0,50,30,90.0,2700.0,0,60,On-Time
TRIP-12052,2024-02-27,10:40:00,BUS-102,Airport Express ⇄ Downtown Terminal,Bus,BUS-KA01-A205,International Airport Terminal 2,Downtown Central Terminal,28.0,50,39,90.0,3510.0,0,60,On-Time
TRIP-12053,2024-02-27,13:00:45,BUS-102,Airport Express ⇄ Downtown Terminal,Bus,BUS-KA01-A209,International Airport Terminal 2,Downtown Central Terminal,28.0,50,30,90.0,2700.0,0,60,On-Time
TRIP-12054,2024-02-27,17:15:00,BUS-102,Airport Express ⇄ Downtown Terminal,Bus,BUS-KA01-A205,International Airport Terminal 2,Downtown Central Terminal,28.0,50,54,90.0,4860.0,0,60,On-Time
TRIP-12055,2024-02-27,22:20:15,BUS-102,Airport Express ⇄ Downtown Terminal,Bus,BUS-KA01-A204,International Airport Terminal 2,Downtown Central Terminal,28.0,50,16,90.0,1440.0,1,60,On-Time
TRIP-12056,2024-02-27,10:50:00,BUS-105,Westside Mall ⇄ Harbor Port,Bus,BUS-KA02-W304,Westside Mall Circle,South Harbor Port Gate,14.2,60,59,25.0,1475.0,12,44,Moderate Delay
TRIP-12057,2024-02-27,12:40:30,BUS-105,Westside Mall ⇄ Harbor Port,Bus,BUS-KA02-W303,Westside Mall Circle,South Harbor Port Gate,14.2,60,40,25.0,1000.0,0,38,On-Time
TRIP-12058,2024-02-27,21:50:45,BUS-105,Westside Mall ⇄ Harbor Port,Bus,BUS-KA02-W307,Westside Mall Circle,South Harbor Port Gate,14.2,60,23,25.0,575.0,0,38,On-Time
TRIP-12059,2024-02-27,08:10:15,BUS-110,University Campus ⇄ City Center,Bus,BUS-KA02-U409,State University North Gate,City Commercial Center,11.0,60,63,20.0,1260.0,14,40,Moderate Delay
TRIP-12060,2024-02-27,09:40:45,BUS-110,University Campus ⇄ City Center,Bus,BUS-KA02-U404,State University North Gate,City Commercial Center,11.0,60,62,20.0,1240.0,0,32,On-Time
TRIP-12061,2024-02-27,11:50:45,BUS-110,University Campus ⇄ City Center,Bus,BUS-KA02-U406,State University North Gate,City Commercial Center,11.0,60,33,20.0,660.0,0,32,On-Time
TRIP-12062,2024-02-27,06:45:45,METRO-BLU,Metro Blue Line: North Ridge ⇄ Tech Valley,Metro,METRO-B-03,North Ridge Terminal,Tech Valley Central,24.5,320,98,45.0,4410.0,0,35,On-Time
TRIP-12063,2024-02-27,09:00:15,METRO-BLU,Metro Blue Line: North Ridge ⇄ Tech Valley,Metro,METRO-B-09,North Ridge Terminal,Tech Valley Central,24.5,320,345,45.0,15525.0,0,35,On-Time
TRIP-12064,2024-02-27,10:50:45,METRO-BLU,Metro Blue Line: North Ridge ⇄ Tech Valley,Metro,METRO-B-03,North Ridge Terminal,Tech Valley Central,24.5,320,345,45.0,15525.0,0,35,On-Time
TRIP-12065,2024-02-27,12:00:15,METRO-BLU,Metro Blue Line: North Ridge ⇄ Tech Valley,Metro,METRO-B-01,North Ridge Terminal,Tech Valley Central,24.5,320,194,45.0,8730.0,3,36,On-Time
TRIP-12066,2024-02-27,22:10:15,METRO-BLU,Metro Blue Line: North Ridge ⇄ Tech Valley,Metro,METRO-B-05,North Ridge Terminal,Tech Valley Central,24.5,320,97,45.0,4365.0,9,41,Moderate Delay
TRIP-12067,2024-02-27,06:45:45,METRO-RED,Metro Red Line: East Suburb ⇄ Financial District,Metro,METRO-R-02,East Suburb Terminal,Financial District Hub,21.0,320,95,40.0,3800.0,4,33,Moderate Delay
TRIP-12068,2024-02-27,08:15:45,METRO-RED,Metro Red Line: East Suburb ⇄ Financial District,Metro,METRO-R-06,East Suburb Terminal,Financial District Hub,21.0,320,288,40.0,11520.0,0,30,On-Time
TRIP-12069,2024-02-27,10:50:15,METRO-RED,Metro Red Line: East Suburb ⇄ Financial District,Metro,METRO-R-01,East Suburb Terminal,Financial District Hub,21.0,320,321,40.0,12840.0,0,30,On-Time
TRIP-12070,2024-02-27,16:00:00,METRO-RED,Metro Red Line: East Suburb ⇄ Financial District,Metro,METRO-R-01,East Suburb Terminal,Financial District Hub,21.0,320,293,40.0,11720.0,0,30,On-Time
TRIP-12071,2024-02-27,19:10:30,METRO-RED,Metro Red Line: East Suburb ⇄ Financial District,Metro,METRO-R-02,East Suburb Terminal,Financial District Hub,21.0,320,290,40.0,11600.0,0,30,On-Time
TRIP-12072,2024-02-27,12:10:45,RAIL-CST,Suburban Rail: Coast Line ⇄ Old City Junction,Suburban Rail,RAIL-EMU-507,Coastal Harbor Junction,Old City Main Junction,38.0,750,501,25.0,12525.0,0,55,On-Time
TRIP-12073,2024-02-27,21:00:15,RAIL-CST,Suburban Rail: Coast Line ⇄ Old City Junction,Suburban Rail,RAIL-EMU-507,Coastal Harbor Junction,Old City Main Junction,38.0,750,437,25.0,10925.0,0,55,On-Time
TRIP-12074,2024-02-27,08:10:15,RAIL-EXT,Suburban Rail: Industrial Corridor ⇄ South Terminal,Suburban Rail,RAIL-EMU-604,Northern Industrial Zone,South Terminal Intermodal,42.5,750,810,30.0,24300.0,0,65,On-Time
TRIP-12075,2024-02-27,10:10:15,RAIL-EXT,Suburban Rail: Industrial Corridor ⇄ South Terminal,Suburban Rail,RAIL-EMU-607,Northern Industrial Zone,South Terminal Intermodal,42.5,750,611,30.0,18330.0,0,65,On-Time
TRIP-12076,2024-02-27,15:00:30,RAIL-EXT,Suburban Rail: Industrial Corridor ⇄ South Terminal,Suburban Rail,RAIL-EMU-601,Northern Industrial Zone,South Terminal Intermodal,42.5,750,481,30.0,14430.0,7,69,Moderate Delay
TRIP-12077,2024-02-27,22:00:00,RAIL-EXT,Suburban Rail: Industrial Corridor ⇄ South Terminal,Suburban Rail,RAIL-EMU-606,Northern Industrial Zone,South Terminal Intermodal,42.5,750,239,30.0,7170.0,0,65,On-Time
TRIP-12078,2024-02-27,08:30:15,BRTS-01,BRTS Ring Corridor: Outer Express,BRTS,BRTS-OR-03,East Ring Hub,West Ring Hub,18.0,85,88,35.0,3080.0,0,32,On-Time
TRIP-12079,2024-02-27,14:30:15,BRTS-01,BRTS Ring Corridor: Outer Express,BRTS,BRTS-OR-05,East Ring Hub,West Ring Hub,18.0,85,61,35.0,2135.0,0,32,On-Time
TRIP-12080,2024-02-27,17:15:45,BRTS-01,BRTS Ring Corridor: Outer Express,BRTS,BRTS-OR-08,East Ring Hub,West Ring Hub,18.0,85,91,35.0,3185.0,0,32,On-Time
TRIP-12081,2024-02-27,21:00:45,BRTS-01,BRTS Ring Corridor: Outer Express,BRTS,BRTS-OR-08,East Ring Hub,West Ring Hub,18.0,85,36,35.0,1260.0,0,32,On-Time
TRIP-12082,2024-02-28,06:15:15,BUS-101,Central Station ⇄ IT Tech Park,Bus,BUS-KA01-E102,Central Railway Station,Cyber City Tech Park,16.5,60,13,30.0,390.0,0,45,On-Time
TRIP-12083,2024-02-28,15:45:30,BUS-101,Central Station ⇄ IT Tech Park,Bus,BUS-KA01-E101,Central Railway Station,Cyber City Tech Park,16.5,60,45,30.0,1350.0,9,52,Moderate Delay
TRIP-12084,2024-02-28,17:30:30,BUS-101,Central Station ⇄ IT Tech Park,Bus,BUS-KA01-E108,Central Railway Station,Cyber City Tech Park,16.5,60,64,30.0,1920.0,0,45,On-Time
TRIP-12085,2024-02-28,18:50:15,BUS-101,Central Station ⇄ IT Tech Park,Bus,BUS-KA01-E102,Central Railway Station,Cyber City Tech Park,16.5,60,64,30.0,1920.0,16,56,Major Delay
TRIP-12086,2024-02-28,20:45:30,BUS-101,Central Station ⇄ IT Tech Park,Bus,BUS-KA01-E107,Central Railway Station,Cyber City Tech Park,16.5,60,42,30.0,1260.0,0,45,On-Time
TRIP-12087,2024-02-28,11:30:45,BUS-102,Airport Express ⇄ Downtown Terminal,Bus,BUS-KA01-A203,International Airport Terminal 2,Downtown Central Terminal,28.0,50,29,90.0,2610.0,7,65,Moderate Delay
TRIP-12088,2024-02-28,14:40:45,BUS-102,Airport Express ⇄ Downtown Terminal,Bus,BUS-KA01-A202,International Airport Terminal 2,Downtown Central Terminal,28.0,50,26,90.0,2340.0,0,60,On-Time
TRIP-12089,2024-02-28,15:50:00,BUS-102,Airport Express ⇄ Downtown Terminal,Bus,BUS-KA01-A207,International Airport Terminal 2,Downtown Central Terminal,28.0,50,38,90.0,3420.0,0,60,On-Time
TRIP-12090,2024-02-28,16:15:30,BUS-102,Airport Express ⇄ Downtown Terminal,Bus,BUS-KA01-A201,International Airport Terminal 2,Downtown Central Terminal,28.0,50,48,90.0,4320.0,0,60,On-Time
TRIP-12091,2024-02-28,22:15:45,BUS-102,Airport Express ⇄ Downtown Terminal,Bus,BUS-KA01-A209,International Airport Terminal 2,Downtown Central Terminal,28.0,50,16,90.0,1440.0,0,60,On-Time
TRIP-12092,2024-02-28,09:00:00,BUS-105,Westside Mall ⇄ Harbor Port,Bus,BUS-KA02-W309,Westside Mall Circle,South Harbor Port Gate,14.2,60,64,25.0,1600.0,21,55,Major Delay
TRIP-12093,2024-02-28,11:00:15,BUS-105,Westside Mall ⇄ Harbor Port,Bus,BUS-KA02-W309,Westside Mall Circle,South Harbor Port Gate,14.2,60,41,25.0,1025.0,0,38,On-Time
TRIP-12094,2024-02-28,15:15:30,BUS-105,Westside Mall ⇄ Harbor Port,Bus,BUS-KA02-W301,Westside Mall Circle,South Harbor Port Gate,14.2,60,37,25.0,925.0,0,38,On-Time
TRIP-12095,2024-02-28,17:40:00,BUS-105,Westside Mall ⇄ Harbor Port,Bus,BUS-KA02-W305,Westside Mall Circle,South Harbor Port Gate,14.2,60,61,25.0,1525.0,0,38,On-Time
TRIP-12096,2024-02-28,19:20:15,BUS-105,Westside Mall ⇄ Harbor Port,Bus,BUS-KA02-W309,Westside Mall Circle,South Harbor Port Gate,14.2,60,64,25.0,1600.0,26,53,Major Delay
TRIP-12097,2024-02-28,09:20:15,BUS-110,University Campus ⇄ City Center,Bus,BUS-KA02-U402,State University North Gate,City Commercial Center,11.0,60,64,20.0,1280.0,33,55,Major Delay
TRIP-12098,2024-02-28,12:00:15,BUS-110,University Campus ⇄ City Center,Bus,BUS-KA02-U403,State University North Gate,City Commercial Center,11.0,60,32,20.0,640.0,4,34,Moderate Delay
TRIP-12099,2024-02-28,16:45:30,BUS-110,University Campus ⇄ City Center,Bus,BUS-KA02-U402,State University North Gate,City Commercial Center,11.0,60,59,20.0,1180.0,7,37,Moderate Delay
TRIP-12100,2024-02-28,17:10:45,BUS-110,University Campus ⇄ City Center,Bus,BUS-KA02-U409,State University North Gate,City Commercial Center,11.0,60,64,20.0,1280.0,28,47,Major Delay
TRIP-12101,2024-02-28,06:00:00,METRO-BLU,Metro Blue Line: North Ridge ⇄ Tech Valley,Metro,METRO-B-09,North Ridge Terminal,Tech Valley Central,24.5,320,86,45.0,3870.0,0,35,On-Time
TRIP-12102,2024-02-28,08:15:00,METRO-BLU,Metro Blue Line: North Ridge ⇄ Tech Valley,Metro,METRO-B-08,North Ridge Terminal,Tech Valley Central,24.5,320,312,45.0,14040.0,8,41,Moderate Delay
TRIP-12103,2024-02-28,09:30:30,METRO-BLU,Metro Blue Line: North Ridge ⇄ Tech Valley,Metro,METRO-B-07,North Ridge Terminal,Tech Valley Central,24.5,320,345,45.0,15525.0,0,35,On-Time
TRIP-12104,2024-02-28,21:00:15,METRO-BLU,Metro Blue Line: North Ridge ⇄ Tech Valley,Metro,METRO-B-01,North Ridge Terminal,Tech Valley Central,24.5,320,149,45.0,6705.0,0,35,On-Time
TRIP-12105,2024-02-28,22:10:30,METRO-BLU,Metro Blue Line: North Ridge ⇄ Tech Valley,Metro,METRO-B-10,North Ridge Terminal,Tech Valley Central,24.5,320,99,45.0,4455.0,0,35,On-Time
TRIP-12106,2024-02-28,09:50:30,METRO-RED,Metro Red Line: East Suburb ⇄ Financial District,Metro,METRO-R-07,East Suburb Terminal,Financial District Hub,21.0,320,345,40.0,13800.0,0,30,On-Time
TRIP-12107,2024-02-28,12:20:15,METRO-RED,Metro Red Line: East Suburb ⇄ Financial District,Metro,METRO-R-09,East Suburb Terminal,Financial District Hub,21.0,320,216,40.0,8640.0,4,32,Moderate Delay
TRIP-12108,2024-02-28,15:15:00,METRO-RED,Metro Red Line: East Suburb ⇄ Financial District,Metro,METRO-R-02,East Suburb Terminal,Financial District Hub,21.0,320,193,40.0,7720.0,0,30,On-Time
TRIP-12109,2024-02-28,20:10:30,METRO-RED,Metro Red Line: East Suburb ⇄ Financial District,Metro,METRO-R-05,East Suburb Terminal,Financial District Hub,21.0,320,295,40.0,11800.0,0,30,On-Time
TRIP-12110,2024-02-28,22:15:45,METRO-RED,Metro Red Line: East Suburb ⇄ Financial District,Metro,METRO-R-06,East Suburb Terminal,Financial District Hub,21.0,320,112,40.0,4480.0,6,34,Moderate Delay
TRIP-12111,2024-02-28,18:45:45,RAIL-CST,Suburban Rail: Coast Line ⇄ Old City Junction,Suburban Rail,RAIL-EMU-501,Coastal Harbor Junction,Old City Main Junction,38.0,750,810,25.0,20250.0,0,55,On-Time
TRIP-12112,2024-02-28,21:10:15,RAIL-CST,Suburban Rail: Coast Line ⇄ Old City Junction,Suburban Rail,RAIL-EMU-502,Coastal Harbor Junction,Old City Main Junction,38.0,750,354,25.0,8850.0,0,55,On-Time
TRIP-12113,2024-02-28,12:40:45,RAIL-EXT,Suburban Rail: Industrial Corridor ⇄ South Terminal,Suburban Rail,RAIL-EMU-607,Northern Industrial Zone,South Terminal Intermodal,42.5,750,431,30.0,12930.0,0,65,On-Time
TRIP-12114,2024-02-28,22:00:45,RAIL-EXT,Suburban Rail: Industrial Corridor ⇄ South Terminal,Suburban Rail,RAIL-EMU-606,Northern Industrial Zone,South Terminal Intermodal,42.5,750,193,30.0,5790.0,0,65,On-Time
TRIP-12115,2024-02-28,09:20:30,BRTS-01,BRTS Ring Corridor: Outer Express,BRTS,BRTS-OR-03,East Ring Hub,West Ring Hub,18.0,85,91,35.0,3185.0,31,53,Major Delay
TRIP-12116,2024-02-28,11:45:00,BRTS-01,BRTS Ring Corridor: Outer Express,BRTS,BRTS-OR-03,East Ring Hub,West Ring Hub,18.0,85,53,35.0,1855.0,0,32,On-Time
TRIP-12117,2024-02-28,18:20:30,BRTS-01,BRTS Ring Corridor: Outer Express,BRTS,BRTS-OR-05,East Ring Hub,West Ring Hub,18.0,85,91,35.0,3185.0,0,32,On-Time
TRIP-12118,2024-02-29,06:30:15,BUS-101,Central Station ⇄ IT Tech Park,Bus,BUS-KA01-E109,Central Railway Station,Cyber City Tech Park,16.5,60,15,30.0,450.0,0,45,On-Time
TRIP-12119,2024-02-29,09:15:45,BUS-101,Central Station ⇄ IT Tech Park,Bus,BUS-KA01-E102,Central Railway Station,Cyber City Tech Park,16.5,60,58,30.0,1740.0,27,65,Major Delay
TRIP-12120,2024-02-29,11:00:00,BUS-101,Central Station ⇄ IT Tech Park,Bus,BUS-KA01-E110,Central Railway Station,Cyber City Tech Park,16.5,60,40,30.0,1200.0,0,45,On-Time
TRIP-12121,2024-02-29,18:00:30,BUS-101,Central Station ⇄ IT Tech Park,Bus,BUS-KA01-E105,Central Railway Station,Cyber City Tech Park,16.5,60,64,30.0,1920.0,0,45,On-Time
TRIP-12122,2024-02-29,20:30:15,BUS-101,Central Station ⇄ IT Tech Park,Bus,BUS-KA01-E105,Central Railway Station,Cyber City Tech Park,16.5,60,55,30.0,1650.0,0,45,On-Time
TRIP-12123,2024-02-29,11:45:45,BUS-102,Airport Express ⇄ Downtown Terminal,Bus,BUS-KA01-A208,International Airport Terminal 2,Downtown Central Terminal,28.0,50,36,90.0,3240.0,0,60,On-Time
TRIP-12124,2024-02-29,15:10:30,BUS-102,Airport Express ⇄ Downtown Terminal,Bus,BUS-KA01-A204,International Airport Terminal 2,Downtown Central Terminal,28.0,50,28,90.0,2520.0,0,60,On-Time
TRIP-12125,2024-02-29,17:15:30,BUS-102,Airport Express ⇄ Downtown Terminal,Bus,BUS-KA01-A204,International Airport Terminal 2,Downtown Central Terminal,28.0,50,54,90.0,4860.0,23,76,Major Delay
TRIP-12126,2024-02-29,18:15:15,BUS-102,Airport Express ⇄ Downtown Terminal,Bus,BUS-KA01-A204,International Airport Terminal 2,Downtown Central Terminal,28.0,50,52,90.0,4680.0,0,60,On-Time
TRIP-12127,2024-02-29,21:30:15,BUS-102,Airport Express ⇄ Downtown Terminal,Bus,BUS-KA01-A201,International Airport Terminal 2,Downtown Central Terminal,28.0,50,27,90.0,2430.0,0,60,On-Time
TRIP-12128,2024-02-29,06:10:45,BUS-105,Westside Mall ⇄ Harbor Port,Bus,BUS-KA02-W308,Westside Mall Circle,South Harbor Port Gate,14.2,60,17,25.0,425.0,0,38,On-Time
TRIP-12129,2024-02-29,08:15:15,BUS-105,Westside Mall ⇄ Harbor Port,Bus,BUS-KA02-W309,Westside Mall Circle,South Harbor Port Gate,14.2,60,60,25.0,1500.0,0,38,On-Time
TRIP-12130,2024-02-29,12:20:30,BUS-105,Westside Mall ⇄ Harbor Port,Bus,BUS-KA02-W304,Westside Mall Circle,South Harbor Port Gate,14.2,60,38,25.0,950.0,0,38,On-Time
TRIP-12131,2024-02-29,21:15:00,BUS-105,Westside Mall ⇄ Harbor Port,Bus,BUS-KA02-W306,Westside Mall Circle,South Harbor Port Gate,14.2,60,33,25.0,825.0,0,38,On-Time
TRIP-12132,2024-02-29,09:45:30,BUS-110,University Campus ⇄ City Center,Bus,BUS-KA02-U407,State University North Gate,City Commercial Center,11.0,60,58,20.0,1160.0,0,32,On-Time
TRIP-12133,2024-02-29,10:40:15,BUS-110,University Campus ⇄ City Center,Bus,BUS-KA02-U406,State University North Gate,City Commercial Center,11.0,60,54,20.0,1080.0,28,52,Major Delay
TRIP-12134,2024-02-29,17:45:00,BUS-110,University Campus ⇄ City Center,Bus,BUS-KA02-U402,State University North Gate,City Commercial Center,11.0,60,64,20.0,1280.0,34,59,Major Delay
TRIP-12135,2024-02-29,20:15:15,BUS-110,University Campus ⇄ City Center,Bus,BUS-KA02-U402,State University North Gate,City Commercial Center,11.0,60,53,20.0,1060.0,0,32,On-Time
TRIP-12136,2024-02-29,08:20:30,METRO-BLU,Metro Blue Line: North Ridge ⇄ Tech Valley,Metro,METRO-B-03,North Ridge Terminal,Tech Valley Central,24.5,320,345,45.0,15525.0,1,35,On-Time
TRIP-12137,2024-02-29,12:50:15,METRO-BLU,Metro Blue Line: North Ridge ⇄ Tech Valley,Metro,METRO-B-10,North Ridge Terminal,Tech Valley Central,24.5,320,153,45.0,6885.0,0,35,On-Time
TRIP-12138,2024-02-29,14:45:45,METRO-BLU,Metro Blue Line: North Ridge ⇄ Tech Valley,Metro,METRO-B-02,North Ridge Terminal,Tech Valley Central,24.5,320,158,45.0,7110.0,7,39,Moderate Delay
TRIP-12139,2024-02-29,21:10:15,METRO-BLU,Metro Blue Line: North Ridge ⇄ Tech Valley,Metro,METRO-B-01,North Ridge Terminal,Tech Valley Central,24.5,320,175,45.0,7875.0,0,35,On-Time
TRIP-12140,2024-02-29,22:00:00,METRO-BLU,Metro Blue Line: North Ridge ⇄ Tech Valley,Metro,METRO-B-10,North Ridge Terminal,Tech Valley Central,24.5,320,91,45.0,4095.0,5,37,Moderate Delay
TRIP-12141,2024-02-29,07:15:15,METRO-RED,Metro Red Line: East Suburb ⇄ Financial District,Metro,METRO-R-03,East Suburb Terminal,Financial District Hub,21.0,320,192,40.0,7680.0,0,30,On-Time
TRIP-12142,2024-02-29,12:00:30,METRO-RED,Metro Red Line: East Suburb ⇄ Financial District,Metro,METRO-R-08,East Suburb Terminal,Financial District Hub,21.0,320,170,40.0,6800.0,0,30,On-Time
TRIP-12143,2024-02-29,13:50:45,METRO-RED,Metro Red Line: East Suburb ⇄ Financial District,Metro,METRO-R-08,East Suburb Terminal,Financial District Hub,21.0,320,187,40.0,7480.0,0,30,On-Time
TRIP-12144,2024-02-29,16:15:45,METRO-RED,Metro Red Line: East Suburb ⇄ Financial District,Metro,METRO-R-03,East Suburb Terminal,Financial District Hub,21.0,320,291,40.0,11640.0,0,30,On-Time
TRIP-12145,2024-02-29,06:50:45,RAIL-CST,Suburban Rail: Coast Line ⇄ Old City Junction,Suburban Rail,RAIL-EMU-505,Coastal Harbor Junction,Old City Main Junction,38.0,750,230,25.0,5750.0,0,55,On-Time
TRIP-12146,2024-02-29,08:10:30,RAIL-CST,Suburban Rail: Coast Line ⇄ Old City Junction,Suburban Rail,RAIL-EMU-503,Coastal Harbor Junction,Old City Main Junction,38.0,750,659,25.0,16475.0,0,55,On-Time
TRIP-12147,2024-02-29,17:10:15,RAIL-CST,Suburban Rail: Coast Line ⇄ Old City Junction,Suburban Rail,RAIL-EMU-503,Coastal Harbor Junction,Old City Main Junction,38.0,750,741,25.0,18525.0,5,59,Moderate Delay
TRIP-12148,2024-02-29,11:45:00,RAIL-EXT,Suburban Rail: Industrial Corridor ⇄ South Terminal,Suburban Rail,RAIL-EMU-602,Northern Industrial Zone,South Terminal Intermodal,42.5,750,471,30.0,14130.0,0,65,On-Time
TRIP-12149,2024-02-29,12:15:00,RAIL-EXT,Suburban Rail: Industrial Corridor ⇄ South Terminal,Suburban Rail,RAIL-EMU-607,Northern Industrial Zone,South Terminal Intermodal,42.5,750,374,30.0,11220.0,7,68,Moderate Delay
TRIP-12150,2024-02-29,22:45:15,RAIL-EXT,Suburban Rail: Industrial Corridor ⇄ South Terminal,Suburban Rail,RAIL-EMU-604,Northern Industrial Zone,South Terminal Intermodal,42.5,750,254,30.0,7620.0,0,65,On-Time
TRIP-12151,2024-02-29,07:20:45,BRTS-01,BRTS Ring Corridor: Outer Express,BRTS,BRTS-OR-05,East Ring Hub,West Ring Hub,18.0,85,37,35.0,1295.0,0,32,On-Time
TRIP-12152,2024-02-29,09:00:15,BRTS-01,BRTS Ring Corridor: Outer Express,BRTS,BRTS-OR-05,East Ring Hub,West Ring Hub,18.0,85,91,35.0,3185.0,13,42,Moderate Delay
TRIP-12153,2024-02-29,17:00:00,BRTS-01,BRTS Ring Corridor: Outer Express,BRTS,BRTS-OR-04,East Ring Hub,West Ring Hub,18.0,85,91,35.0,3185.0,7,36,Moderate Delay
TRIP-12154,2024-02-29,18:30:00,BRTS-01,BRTS Ring Corridor: Outer Express,BRTS,BRTS-OR-08,East Ring Hub,West Ring Hub,18.0,85,91,35.0,3185.0,0,32,On-Time
TRIP-12155,2024-03-01,07:00:15,BUS-101,Central Station ⇄ IT Tech Park,Bus,BUS-KA01-E110,Central Railway Station,Cyber City Tech Park,16.5,60,33,30.0,990.0,0,45,On-Time
TRIP-12156,2024-03-01,08:15:00,BUS-101,Central Station ⇄ IT Tech Park,Bus,BUS-KA01-E109,Central Railway Station,Cyber City Tech Park,16.5,60,64,30.0,1920.0,30,62,Major Delay
TRIP-12157,2024-03-01,11:40:45,BUS-101,Central Station ⇄ IT Tech Park,Bus,BUS-KA01-E107,Central Railway Station,Cyber City Tech Park,16.5,60,42,30.0,1260.0,0,45,On-Time
TRIP-12158,2024-03-01,20:20:15,BUS-101,Central Station ⇄ IT Tech Park,Bus,BUS-KA01-E111,Central Railway Station,Cyber City Tech Park,16.5,60,54,30.0,1620.0,0,45,On-Time
TRIP-12159,2024-03-01,21:40:45,BUS-101,Central Station ⇄ IT Tech Park,Bus,BUS-KA01-E101,Central Railway Station,Cyber City Tech Park,16.5,60,23,30.0,690.0,8,52,Moderate Delay
TRIP-12160,2024-03-01,07:50:45,BUS-102,Airport Express ⇄ Downtown Terminal,Bus,BUS-KA01-A204,International Airport Terminal 2,Downtown Central Terminal,28.0,50,28,90.0,2520.0,0,60,On-Time
TRIP-12161,2024-03-01,16:45:15,BUS-102,Airport Express ⇄ Downtown Terminal,Bus,BUS-KA01-A203,International Airport Terminal 2,Downtown Central Terminal,28.0,50,47,90.0,4230.0,1,60,On-Time
TRIP-12162,2024-03-01,18:10:15,BUS-102,Airport Express ⇄ Downtown Terminal,Bus,BUS-KA01-A203,International Airport Terminal 2,Downtown Central Terminal,28.0,50,53,90.0,4770.0,0,60,On-Time
TRIP-12163,2024-03-01,19:10:45,BUS-102,Airport Express ⇄ Downtown Terminal,Bus,BUS-KA01-A206,International Airport Terminal 2,Downtown Central Terminal,28.0,50,54,90.0,4860.0,0,60,On-Time
TRIP-12164,2024-03-01,09:15:00,BUS-105,Westside Mall ⇄ Harbor Port,Bus,BUS-KA02-W303,Westside Mall Circle,South Harbor Port Gate,14.2,60,64,25.0,1600.0,0,38,On-Time
TRIP-12165,2024-03-01,10:40:45,BUS-105,Westside Mall ⇄ Harbor Port,Bus,BUS-KA02-W309,Westside Mall Circle,South Harbor Port Gate,14.2,60,64,25.0,1600.0,0,38,On-Time
TRIP-12166,2024-03-01,12:30:15,BUS-105,Westside Mall ⇄ Harbor Port,Bus,BUS-KA02-W309,Westside Mall Circle,South Harbor Port Gate,14.2,60,34,25.0,850.0,0,38,On-Time
TRIP-12167,2024-03-01,16:00:15,BUS-105,Westside Mall ⇄ Harbor Port,Bus,BUS-KA02-W301,Westside Mall Circle,South Harbor Port Gate,14.2,60,42,25.0,1050.0,0,38,On-Time
TRIP-12168,2024-03-01,20:20:45,BUS-105,Westside Mall ⇄ Harbor Port,Bus,BUS-KA02-W309,Westside Mall Circle,South Harbor Port Gate,14.2,60,56,25.0,1400.0,0,38,On-Time
TRIP-12169,2024-03-01,10:40:00,BUS-110,University Campus ⇄ City Center,Bus,BUS-KA02-U409,State University North Gate,City Commercial Center,11.0,60,59,20.0,1180.0,32,56,Major Delay
TRIP-12170,2024-03-01,15:50:00,BUS-110,University Campus ⇄ City Center,Bus,BUS-KA02-U403,State University North Gate,City Commercial Center,11.0,60,43,20.0,860.0,0,32,On-Time
TRIP-12171,2024-03-01,20:20:45,BUS-110,University Campus ⇄ City Center,Bus,BUS-KA02-U403,State University North Gate,City Commercial Center,11.0,60,46,20.0,920.0,0,32,On-Time
TRIP-12172,2024-03-01,21:00:45,BUS-110,University Campus ⇄ City Center,Bus,BUS-KA02-U402,State University North Gate,City Commercial Center,11.0,60,26,20.0,520.0,0,32,On-Time
TRIP-12173,2024-03-01,12:15:45,METRO-BLU,Metro Blue Line: North Ridge ⇄ Tech Valley,Metro,METRO-B-03,North Ridge Terminal,Tech Valley Central,24.5,320,192,45.0,8640.0,0,35,On-Time
TRIP-12174,2024-03-01,13:40:15,METRO-BLU,Metro Blue Line: North Ridge ⇄ Tech Valley,Metro,METRO-B-09,North Ridge Terminal,Tech Valley Central,24.5,320,179,45.0,8055.0,0,35,On-Time
TRIP-12175,2024-03-01,14:40:00,METRO-BLU,Metro Blue Line: North Ridge ⇄ Tech Valley,Metro,METRO-B-05,North Ridge Terminal,Tech Valley Central,24.5,320,184,45.0,8280.0,4,37,Moderate Delay
TRIP-12176,2024-03-01,15:00:30,METRO-BLU,Metro Blue Line: North Ridge ⇄ Tech Valley,Metro,METRO-B-06,North Ridge Terminal,Tech Valley Central,24.5,320,238,45.0,10710.0,0,35,On-Time
TRIP-12177,2024-03-01,20:50:00,METRO-BLU,Metro Blue Line: North Ridge ⇄ Tech Valley,Metro,METRO-B-03,North Ridge Terminal,Tech Valley Central,24.5,320,204,45.0,9180.0,5,39,Moderate Delay
TRIP-12178,2024-03-01,21:40:30,METRO-BLU,Metro Blue Line: North Ridge ⇄ Tech Valley,Metro,METRO-B-10,North Ridge Terminal,Tech Valley Central,24.5,320,141,45.0,6345.0,9,40,Moderate Delay
TRIP-12179,2024-03-01,10:30:15,METRO-RED,Metro Red Line: East Suburb ⇄ Financial District,Metro,METRO-R-09,East Suburb Terminal,Financial District Hub,21.0,320,316,40.0,12640.0,0,30,On-Time
TRIP-12180,2024-03-01,11:30:45,METRO-RED,Metro Red Line: East Suburb ⇄ Financial District,Metro,METRO-R-10,East Suburb Terminal,Financial District Hub,21.0,320,230,40.0,9200.0,4,32,Moderate Delay
TRIP-12181,2024-03-01,12:10:30,METRO-RED,Metro Red Line: East Suburb ⇄ Financial District,Metro,METRO-R-06,East Suburb Terminal,Financial District Hub,21.0,320,184,40.0,7360.0,0,30,On-Time
TRIP-12182,2024-03-01,15:15:30,METRO-RED,Metro Red Line: East Suburb ⇄ Financial District,Metro,METRO-R-06,East Suburb Terminal,Financial District Hub,21.0,320,235,40.0,9400.0,0,30,On-Time
TRIP-12183,2024-03-01,19:45:15,METRO-RED,Metro Red Line: East Suburb ⇄ Financial District,Metro,METRO-R-04,East Suburb Terminal,Financial District Hub,21.0,320,345,40.0,13800.0,4,33,Moderate Delay
TRIP-12184,2024-03-01,07:20:00,RAIL-CST,Suburban Rail: Coast Line ⇄ Old City Junction,Suburban Rail,RAIL-EMU-506,Coastal Harbor Junction,Old City Main Junction,38.0,750,403,25.0,10075.0,0,55,On-Time
TRIP-12185,2024-03-01,17:50:30,RAIL-CST,Suburban Rail: Coast Line ⇄ Old City Junction,Suburban Rail,RAIL-EMU-501,Coastal Harbor Junction,Old City Main Junction,38.0,750,810,25.0,20250.0,0,55,On-Time
TRIP-12186,2024-03-01,22:40:45,RAIL-CST,Suburban Rail: Coast Line ⇄ Old City Junction,Suburban Rail,RAIL-EMU-501,Coastal Harbor Junction,Old City Main Junction,38.0,750,249,25.0,6225.0,0,55,On-Time
TRIP-12187,2024-03-01,09:10:00,RAIL-EXT,Suburban Rail: Industrial Corridor ⇄ South Terminal,Suburban Rail,RAIL-EMU-602,Northern Industrial Zone,South Terminal Intermodal,42.5,750,810,30.0,24300.0,0,65,On-Time
TRIP-12188,2024-03-01,15:40:15,RAIL-EXT,Suburban Rail: Industrial Corridor ⇄ South Terminal,Suburban Rail,RAIL-EMU-603,Northern Industrial Zone,South Terminal Intermodal,42.5,750,459,30.0,13770.0,6,68,Moderate Delay
TRIP-12189,2024-03-01,13:10:30,BRTS-01,BRTS Ring Corridor: Outer Express,BRTS,BRTS-OR-06,East Ring Hub,West Ring Hub,18.0,85,54,35.0,1890.0,4,35,Moderate Delay
TRIP-12190,2024-03-01,15:20:45,BRTS-01,BRTS Ring Corridor: Outer Express,BRTS,BRTS-OR-04,East Ring Hub,West Ring Hub,18.0,85,56,35.0,1960.0,0,32,On-Time
TRIP-12191,2024-03-01,16:45:45,BRTS-01,BRTS Ring Corridor: Outer Express,BRTS,BRTS-OR-03,East Ring Hub,West Ring Hub,18.0,85,79,35.0,2765.0,10,38,Moderate Delay
TRIP-12192,2024-03-02,07:00:30,BUS-101,Central Station ⇄ IT Tech Park,Bus,BUS-KA01-E102,Central Railway Station,Cyber City Tech Park,16.5,60,20,30.0,600.0,0,45,On-Time
TRIP-12193,2024-03-02,09:50:00,BUS-101,Central Station ⇄ IT Tech Park,Bus,BUS-KA01-E101,Central Railway Station,Cyber City Tech Park,16.5,60,56,30.0,1680.0,0,45,On-Time
TRIP-12194,2024-03-02,15:30:30,BUS-101,Central Station ⇄ IT Tech Park,Bus,BUS-KA01-E106,Central Railway Station,Cyber City Tech Park,16.5,60,25,30.0,750.0,0,45,On-Time
TRIP-12195,2024-03-02,18:45:15,BUS-101,Central Station ⇄ IT Tech Park,Bus,BUS-KA01-E107,Central Railway Station,Cyber City Tech Park,16.5,60,64,30.0,1920.0,0,45,On-Time
TRIP-12196,2024-03-02,20:45:00,BUS-101,Central Station ⇄ IT Tech Park,Bus,BUS-KA01-E107,Central Railway Station,Cyber City Tech Park,16.5,60,41,30.0,1230.0,0,45,On-Time
TRIP-12197,2024-03-02,10:15:15,BUS-102,Airport Express ⇄ Downtown Terminal,Bus,BUS-KA01-A205,International Airport Terminal 2,Downtown Central Terminal,28.0,50,35,90.0,3150.0,25,82,Major Delay
TRIP-12198,2024-03-02,14:40:45,BUS-102,Airport Express ⇄ Downtown Terminal,Bus,BUS-KA01-A205,International Airport Terminal 2,Downtown Central Terminal,28.0,50,26,90.0,2340.0,0,60,On-Time
TRIP-12199,2024-03-02,19:15:15,BUS-102,Airport Express ⇄ Downtown Terminal,Bus,BUS-KA01-A202,International Airport Terminal 2,Downtown Central Terminal,28.0,50,36,90.0,3240.0,0,60,On-Time
TRIP-12200,2024-03-02,20:45:30,BUS-102,Airport Express ⇄ Downtown Terminal,Bus,BUS-KA01-A201,International Airport Terminal 2,Downtown Central Terminal,28.0,50,23,90.0,2070.0,0,60,On-Time
TRIP-12201,2024-03-02,10:20:15,BUS-105,Westside Mall ⇄ Harbor Port,Bus,BUS-KA02-W306,Westside Mall Circle,South Harbor Port Gate,14.2,60,34,25.0,850.0,11,47,Moderate Delay
TRIP-12202,2024-03-02,11:10:15,BUS-105,Westside Mall ⇄ Harbor Port,Bus,BUS-KA02-W304,Westside Mall Circle,South Harbor Port Gate,14.2,60,23,25.0,575.0,0,38,On-Time
TRIP-12203,2024-03-02,15:45:15,BUS-105,Westside Mall ⇄ Harbor Port,Bus,BUS-KA02-W309,Westside Mall Circle,South Harbor Port Gate,14.2,60,32,25.0,800.0,0,38,On-Time
TRIP-12204,2024-03-02,15:50:15,BUS-110,University Campus ⇄ City Center,Bus,BUS-KA02-U404,State University North Gate,City Commercial Center,11.0,60,30,20.0,600.0,0,32,On-Time
TRIP-12205,2024-03-02,17:45:45,BUS-110,University Campus ⇄ City Center,Bus,BUS-KA02-U405,State University North Gate,City Commercial Center,11.0,60,58,20.0,1160.0,0,32,On-Time
TRIP-12206,2024-03-02,18:45:15,BUS-110,University Campus ⇄ City Center,Bus,BUS-KA02-U405,State University North Gate,City Commercial Center,11.0,60,61,20.0,1220.0,14,44,Moderate Delay
TRIP-12207,2024-03-02,20:20:00,BUS-110,University Campus ⇄ City Center,Bus,BUS-KA02-U409,State University North Gate,City Commercial Center,11.0,60,35,20.0,700.0,0,32,On-Time
TRIP-12208,2024-03-02,22:10:15,BUS-110,University Campus ⇄ City Center,Bus,BUS-KA02-U401,State University North Gate,City Commercial Center,11.0,60,12,20.0,240.0,4,34,Moderate Delay
TRIP-12209,2024-03-02,06:10:15,METRO-BLU,Metro Blue Line: North Ridge ⇄ Tech Valley,Metro,METRO-B-09,North Ridge Terminal,Tech Valley Central,24.5,320,64,45.0,2880.0,0,35,On-Time
TRIP-12210,2024-03-02,08:50:30,METRO-BLU,Metro Blue Line: North Ridge ⇄ Tech Valley,Metro,METRO-B-02,North Ridge Terminal,Tech Valley Central,24.5,320,211,45.0,9495.0,8,40,Moderate Delay
TRIP-12211,2024-03-02,12:50:15,METRO-BLU,Metro Blue Line: North Ridge ⇄ Tech Valley,Metro,METRO-B-06,North Ridge Terminal,Tech Valley Central,24.5,320,160,45.0,7200.0,0,35,On-Time
TRIP-12212,2024-03-02,15:30:30,METRO-BLU,Metro Blue Line: North Ridge ⇄ Tech Valley,Metro,METRO-B-03,North Ridge Terminal,Tech Valley Central,24.5,320,166,45.0,7470.0,0,35,On-Time
TRIP-12213,2024-03-02,17:00:30,METRO-BLU,Metro Blue Line: North Ridge ⇄ Tech Valley,Metro,METRO-B-09,North Ridge Terminal,Tech Valley Central,24.5,320,231,45.0,10395.0,8,40,Moderate Delay
TRIP-12214,2024-03-02,20:20:00,METRO-BLU,Metro Blue Line: North Ridge ⇄ Tech Valley,Metro,METRO-B-08,North Ridge Terminal,Tech Valley Central,24.5,320,180,45.0,8100.0,0,35,On-Time
TRIP-12215,2024-03-02,07:20:15,METRO-RED,Metro Red Line: East Suburb ⇄ Financial District,Metro,METRO-R-10,East Suburb Terminal,Financial District Hub,21.0,320,123,40.0,4920.0,0,30,On-Time
TRIP-12216,2024-03-02,11:15:00,METRO-RED,Metro Red Line: East Suburb ⇄ Financial District,Metro,METRO-R-10,East Suburb Terminal,Financial District Hub,21.0,320,142,40.0,5680.0,10,38,Moderate Delay
TRIP-12217,2024-03-02,13:20:45,METRO-RED,Metro Red Line: East Suburb ⇄ Financial District,Metro,METRO-R-06,East Suburb Terminal,Financial District Hub,21.0,320,155,40.0,6200.0,0,30,On-Time
TRIP-12218,2024-03-02,21:10:30,METRO-RED,Metro Red Line: East Suburb ⇄ Financial District,Metro,METRO-R-03,East Suburb Terminal,Financial District Hub,21.0,320,104,40.0,4160.0,0,30,On-Time
TRIP-12219,2024-03-02,13:20:30,RAIL-CST,Suburban Rail: Coast Line ⇄ Old City Junction,Suburban Rail,RAIL-EMU-504,Coastal Harbor Junction,Old City Main Junction,38.0,750,323,25.0,8075.0,0,55,On-Time
TRIP-12220,2024-03-02,17:50:45,RAIL-CST,Suburban Rail: Coast Line ⇄ Old City Junction,Suburban Rail,RAIL-EMU-501,Coastal Harbor Junction,Old City Main Junction,38.0,750,561,25.0,14025.0,0,55,On-Time
TRIP-12221,2024-03-02,18:40:30,RAIL-CST,Suburban Rail: Coast Line ⇄ Old City Junction,Suburban Rail,RAIL-EMU-504,Coastal Harbor Junction,Old City Main Junction,38.0,750,797,25.0,19925.0,0,55,On-Time
TRIP-12222,2024-03-02,09:50:00,RAIL-EXT,Suburban Rail: Industrial Corridor ⇄ South Terminal,Suburban Rail,RAIL-EMU-603,Northern Industrial Zone,South Terminal Intermodal,42.5,750,590,30.0,17700.0,5,67,Moderate Delay
TRIP-12223,2024-03-02,11:20:45,RAIL-EXT,Suburban Rail: Industrial Corridor ⇄ South Terminal,Suburban Rail,RAIL-EMU-602,Northern Industrial Zone,South Terminal Intermodal,42.5,750,395,30.0,11850.0,0,65,On-Time
TRIP-12224,2024-03-02,13:50:30,RAIL-EXT,Suburban Rail: Industrial Corridor ⇄ South Terminal,Suburban Rail,RAIL-EMU-605,Northern Industrial Zone,South Terminal Intermodal,42.5,750,270,30.0,8100.0,0,65,On-Time
TRIP-12225,2024-03-02,20:20:15,RAIL-EXT,Suburban Rail: Industrial Corridor ⇄ South Terminal,Suburban Rail,RAIL-EMU-601,Northern Industrial Zone,South Terminal Intermodal,42.5,750,380,30.0,11400.0,0,65,On-Time
TRIP-12226,2024-03-02,17:00:15,BRTS-01,BRTS Ring Corridor: Outer Express,BRTS,BRTS-OR-08,East Ring Hub,West Ring Hub,18.0,85,62,35.0,2170.0,0,32,On-Time
TRIP-12227,2024-03-02,18:50:45,BRTS-01,BRTS Ring Corridor: Outer Express,BRTS,BRTS-OR-06,East Ring Hub,West Ring Hub,18.0,85,74,35.0,2590.0,27,52,Major Delay
TRIP-12228,2024-03-02,22:15:15,BRTS-01,BRTS Ring Corridor: Outer Express,BRTS,BRTS-OR-01,East Ring Hub,West Ring Hub,18.0,85,20,35.0,700.0,0,32,On-Time
TRIP-12229,2024-03-03,06:20:45,BUS-101,Central Station ⇄ IT Tech Park,Bus,BUS-KA01-E110,Central Railway Station,Cyber City Tech Park,16.5,60,12,30.0,360.0,0,45,On-Time
TRIP-12230,2024-03-03,10:40:00,BUS-101,Central Station ⇄ IT Tech Park,Bus,BUS-KA01-E110,Central Railway Station,Cyber City Tech Park,16.5,60,41,30.0,1230.0,14,57,Moderate Delay
TRIP-12231,2024-03-03,14:10:00,BUS-101,Central Station ⇄ IT Tech Park,Bus,BUS-KA01-E110,Central Railway Station,Cyber City Tech Park,16.5,60,30,30.0,900.0,0,45,On-Time
TRIP-12232,2024-03-03,06:50:30,BUS-102,Airport Express ⇄ Downtown Terminal,Bus,BUS-KA01-A204,International Airport Terminal 2,Downtown Central Terminal,28.0,50,10,90.0,900.0,0,60,On-Time
TRIP-12233,2024-03-03,07:00:45,BUS-102,Airport Express ⇄ Downtown Terminal,Bus,BUS-KA01-A202,International Airport Terminal 2,Downtown Central Terminal,28.0,50,23,90.0,2070.0,10,66,Moderate Delay
TRIP-12234,2024-03-03,09:15:45,BUS-102,Airport Express ⇄ Downtown Terminal,Bus,BUS-KA01-A203,International Airport Terminal 2,Downtown Central Terminal,28.0,50,36,90.0,3240.0,13,67,Moderate Delay
TRIP-12235,2024-03-03,10:10:45,BUS-102,Airport Express ⇄ Downtown Terminal,Bus,BUS-KA01-A202,International Airport Terminal 2,Downtown Central Terminal,28.0,50,33,90.0,2970.0,0,60,On-Time
TRIP-12236,2024-03-03,17:10:00,BUS-102,Airport Express ⇄ Downtown Terminal,Bus,BUS-KA01-A201,International Airport Terminal 2,Downtown Central Terminal,28.0,50,35,90.0,3150.0,12,70,Moderate Delay
TRIP-12237,2024-03-03,07:40:45,BUS-105,Westside Mall ⇄ Harbor Port,Bus,BUS-KA02-W304,Westside Mall Circle,South Harbor Port Gate,14.2,60,27,25.0,675.0,10,45,Moderate Delay
TRIP-12238,2024-03-03,08:00:30,BUS-105,Westside Mall ⇄ Harbor Port,Bus,BUS-KA02-W301,Westside Mall Circle,South Harbor Port Gate,14.2,60,50,25.0,1250.0,25,52,Major Delay
TRIP-12239,2024-03-03,20:15:45,BUS-105,Westside Mall ⇄ Harbor Port,Bus,BUS-KA02-W309,Westside Mall Circle,South Harbor Port Gate,14.2,60,37,25.0,925.0,0,38,On-Time
TRIP-12240,2024-03-03,08:10:00,BUS-110,University Campus ⇄ City Center,Bus,BUS-KA02-U409,State University North Gate,City Commercial Center,11.0,60,44,20.0,880.0,0,32,On-Time
TRIP-12241,2024-03-03,10:15:30,BUS-110,University Campus ⇄ City Center,Bus,BUS-KA02-U403,State University North Gate,City Commercial Center,11.0,60,48,20.0,960.0,0,32,On-Time
TRIP-12242,2024-03-03,15:15:30,BUS-110,University Campus ⇄ City Center,Bus,BUS-KA02-U406,State University North Gate,City Commercial Center,11.0,60,28,20.0,560.0,10,37,Moderate Delay
TRIP-12243,2024-03-03,08:00:15,METRO-BLU,Metro Blue Line: North Ridge ⇄ Tech Valley,Metro,METRO-B-10,North Ridge Terminal,Tech Valley Central,24.5,320,283,45.0,12735.0,0,35,On-Time
TRIP-12244,2024-03-03,17:50:00,METRO-BLU,Metro Blue Line: North Ridge ⇄ Tech Valley,Metro,METRO-B-05,North Ridge Terminal,Tech Valley Central,24.5,320,299,45.0,13455.0,8,39,Moderate Delay
TRIP-12245,2024-03-03,18:20:45,METRO-BLU,Metro Blue Line: North Ridge ⇄ Tech Valley,Metro,METRO-B-07,North Ridge Terminal,Tech Valley Central,24.5,320,345,45.0,15525.0,0,35,On-Time
TRIP-12246,2024-03-03,19:30:15,METRO-BLU,Metro Blue Line: North Ridge ⇄ Tech Valley,Metro,METRO-B-03,North Ridge Terminal,Tech Valley Central,24.5,320,222,45.0,9990.0,2,36,On-Time
TRIP-12247,2024-03-03,22:00:15,METRO-BLU,Metro Blue Line: North Ridge ⇄ Tech Valley,Metro,METRO-B-06,North Ridge Terminal,Tech Valley Central,24.5,320,86,45.0,3870.0,0,35,On-Time
TRIP-12248,2024-03-03,09:00:15,METRO-RED,Metro Red Line: East Suburb ⇄ Financial District,Metro,METRO-R-10,East Suburb Terminal,Financial District Hub,21.0,320,299,40.0,11960.0,2,31,On-Time
TRIP-12249,2024-03-03,10:00:45,METRO-RED,Metro Red Line: East Suburb ⇄ Financial District,Metro,METRO-R-02,East Suburb Terminal,Financial District Hub,21.0,320,200,40.0,8000.0,5,33,Moderate Delay
TRIP-12250,2024-03-03,11:40:30,METRO-RED,Metro Red Line: East Suburb ⇄ Financial District,Metro,METRO-R-01,East Suburb Terminal,Financial District Hub,21.0,320,138,40.0,5520.0,0,30,On-Time
TRIP-12251,2024-03-03,13:20:30,METRO-RED,Metro Red Line: East Suburb ⇄ Financial District,Metro,METRO-R-07,East Suburb Terminal,Financial District Hub,21.0,320,109,40.0,4360.0,1,30,On-Time
TRIP-12252,2024-03-03,14:50:45,METRO-RED,Metro Red Line: East Suburb ⇄ Financial District,Metro,METRO-R-02,East Suburb Terminal,Financial District Hub,21.0,320,136,40.0,5440.0,0,30,On-Time
TRIP-12253,2024-03-03,21:40:45,METRO-RED,Metro Red Line: East Suburb ⇄ Financial District,Metro,METRO-R-05,East Suburb Terminal,Financial District Hub,21.0,320,121,40.0,4840.0,0,30,On-Time
TRIP-12254,2024-03-03,10:50:00,RAIL-CST,Suburban Rail: Coast Line ⇄ Old City Junction,Suburban Rail,RAIL-EMU-501,Coastal Harbor Junction,Old City Main Junction,38.0,750,450,25.0,11250.0,0,55,On-Time
TRIP-12255,2024-03-03,11:10:00,RAIL-CST,Suburban Rail: Coast Line ⇄ Old City Junction,Suburban Rail,RAIL-EMU-505,Coastal Harbor Junction,Old City Main Junction,38.0,750,366,25.0,9150.0,0,55,On-Time
TRIP-12256,2024-03-03,13:10:00,RAIL-CST,Suburban Rail: Coast Line ⇄ Old City Junction,Suburban Rail,RAIL-EMU-504,Coastal Harbor Junction,Old City Main Junction,38.0,750,279,25.0,6975.0,0,55,On-Time
TRIP-12257,2024-03-03,09:30:00,RAIL-EXT,Suburban Rail: Industrial Corridor ⇄ South Terminal,Suburban Rail,RAIL-EMU-605,Northern Industrial Zone,South Terminal Intermodal,42.5,750,672,30.0,20160.0,4,67,Moderate Delay
TRIP-12258,2024-03-03,12:10:30,RAIL-EXT,Suburban Rail: Industrial Corridor ⇄ South Terminal,Suburban Rail,RAIL-EMU-601,Northern Industrial Zone,South Terminal Intermodal,42.5,750,330,30.0,9900.0,1,65,On-Time
TRIP-12259,2024-03-03,13:40:00,RAIL-EXT,Suburban Rail: Industrial Corridor ⇄ South Terminal,Suburban Rail,RAIL-EMU-601,Northern Industrial Zone,South Terminal Intermodal,42.5,750,311,30.0,9330.0,1,65,On-Time
TRIP-12260,2024-03-03,22:20:00,RAIL-EXT,Suburban Rail: Industrial Corridor ⇄ South Terminal,Suburban Rail,RAIL-EMU-607,Northern Industrial Zone,South Terminal Intermodal,42.5,750,166,30.0,4980.0,2,66,On-Time
TRIP-12261,2024-03-03,10:20:45,BRTS-01,BRTS Ring Corridor: Outer Express,BRTS,BRTS-OR-07,East Ring Hub,West Ring Hub,18.0,85,51,35.0,1785.0,0,32,On-Time
TRIP-12262,2024-03-03,13:15:30,BRTS-01,BRTS Ring Corridor: Outer Express,BRTS,BRTS-OR-07,East Ring Hub,West Ring Hub,18.0,85,36,35.0,1260.0,0,32,On-Time
TRIP-12263,2024-03-03,14:45:30,BRTS-01,BRTS Ring Corridor: Outer Express,BRTS,BRTS-OR-04,East Ring Hub,West Ring Hub,18.0,85,38,35.0,1330.0,9,36,Moderate Delay
TRIP-12264,2024-03-03,17:20:45,BRTS-01,BRTS Ring Corridor: Outer Express,BRTS,BRTS-OR-05,East Ring Hub,West Ring Hub,18.0,85,61,35.0,2135.0,0,32,On-Time
TRIP-12265,2024-03-04,08:10:30,BUS-101,Central Station ⇄ IT Tech Park,Bus,BUS-KA01-E108,Central Railway Station,Cyber City Tech Park,16.5,60,64,30.0,1920.0,0,45,On-Time
TRIP-12266,2024-03-04,18:00:00,BUS-101,Central Station ⇄ IT Tech Park,Bus,BUS-KA01-E105,Central Railway Station,Cyber City Tech Park,16.5,60,61,30.0,1830.0,30,65,Major Delay
TRIP-12267,2024-03-04,19:40:00,BUS-101,Central Station ⇄ IT Tech Park,Bus,BUS-KA01-E110,Central Railway Station,Cyber City Tech Park,16.5,60,64,30.0,1920.0,0,45,On-Time
TRIP-12268,2024-03-04,21:50:45,BUS-101,Central Station ⇄ IT Tech Park,Bus,BUS-KA01-E111,Central Railway Station,Cyber City Tech Park,16.5,60,24,30.0,720.0,0,45,On-Time
TRIP-12269,2024-03-04,08:30:00,BUS-102,Airport Express ⇄ Downtown Terminal,Bus,BUS-KA01-A206,International Airport Terminal 2,Downtown Central Terminal,28.0,50,50,90.0,4500.0,0,60,On-Time
TRIP-12270,2024-03-04,13:15:00,BUS-102,Airport Express ⇄ Downtown Terminal,Bus,BUS-KA01-A205,International Airport Terminal 2,Downtown Central Terminal,28.0,50,25,90.0,2250.0,0,60,On-Time
TRIP-12271,2024-03-04,17:50:45,BUS-102,Airport Express ⇄ Downtown Terminal,Bus,BUS-KA01-A204,International Airport Terminal 2,Downtown Central Terminal,28.0,50,54,90.0,4860.0,0,60,On-Time
TRIP-12272,2024-03-04,19:10:15,BUS-102,Airport Express ⇄ Downtown Terminal,Bus,BUS-KA01-A207,International Airport Terminal 2,Downtown Central Terminal,28.0,50,51,90.0,4590.0,11,69,Moderate Delay
TRIP-12273,2024-03-04,07:15:15,BUS-105,Westside Mall ⇄ Harbor Port,Bus,BUS-KA02-W305,Westside Mall Circle,South Harbor Port Gate,14.2,60,31,25.0,775.0,0,38,On-Time
TRIP-12274,2024-03-04,09:20:15,BUS-105,Westside Mall ⇄ Harbor Port,Bus,BUS-KA02-W304,Westside Mall Circle,South Harbor Port Gate,14.2,60,64,25.0,1600.0,0,38,On-Time
TRIP-12275,2024-03-04,12:30:00,BUS-105,Westside Mall ⇄ Harbor Port,Bus,BUS-KA02-W305,Westside Mall Circle,South Harbor Port Gate,14.2,60,43,25.0,1075.0,0,38,On-Time
TRIP-12276,2024-03-04,15:15:45,BUS-105,Westside Mall ⇄ Harbor Port,Bus,BUS-KA02-W304,Westside Mall Circle,South Harbor Port Gate,14.2,60,46,25.0,1150.0,0,38,On-Time
TRIP-12277,2024-03-04,20:50:00,BUS-105,Westside Mall ⇄ Harbor Port,Bus,BUS-KA02-W303,Westside Mall Circle,South Harbor Port Gate,14.2,60,47,25.0,1175.0,0,38,On-Time
TRIP-12278,2024-03-04,06:15:00,BUS-110,University Campus ⇄ City Center,Bus,BUS-KA02-U409,State University North Gate,City Commercial Center,11.0,60,16,20.0,320.0,0,32,On-Time
TRIP-12279,2024-03-04,08:10:15,BUS-110,University Campus ⇄ City Center,Bus,BUS-KA02-U409,State University North Gate,City Commercial Center,11.0,60,61,20.0,1220.0,0,32,On-Time
TRIP-12280,2024-03-04,19:50:15,BUS-110,University Campus ⇄ City Center,Bus,BUS-KA02-U409,State University North Gate,City Commercial Center,11.0,60,64,20.0,1280.0,32,60,Major Delay
TRIP-12281,2024-03-04,06:45:30,METRO-BLU,Metro Blue Line: North Ridge ⇄ Tech Valley,Metro,METRO-B-06,North Ridge Terminal,Tech Valley Central,24.5,320,77,45.0,3465.0,2,36,On-Time
TRIP-12282,2024-03-04,07:20:45,METRO-BLU,Metro Blue Line: North Ridge ⇄ Tech Valley,Metro,METRO-B-09,North Ridge Terminal,Tech Valley Central,24.5,320,199,45.0,8955.0,0,35,On-Time
TRIP-12283,2024-03-04,14:15:00,METRO-BLU,Metro Blue Line: North Ridge ⇄ Tech Valley,Metro,METRO-B-08,North Ridge Terminal,Tech Valley Central,24.5,320,215,45.0,9675.0,0,35,On-Time
TRIP-12284,2024-03-04,15:40:45,METRO-BLU,Metro Blue Line: North Ridge ⇄ Tech Valley,Metro,METRO-B-04,North Ridge Terminal,Tech Valley Central,24.5,320,230,45.0,10350.0,0,35,On-Time
TRIP-12285,2024-03-04,19:45:00,METRO-BLU,Metro Blue Line: North Ridge ⇄ Tech Valley,Metro,METRO-B-09,North Ridge Terminal,Tech Valley Central,24.5,320,309,45.0,13905.0,2,36,On-Time
TRIP-12286,2024-03-04,20:50:30,METRO-BLU,Metro Blue Line: North Ridge ⇄ Tech Valley,Metro,METRO-B-09,North Ridge Terminal,Tech Valley Central,24.5,320,281,45.0,12645.0,0,35,On-Time
TRIP-12287,2024-03-04,15:50:00,METRO-RED,Metro Red Line: East Suburb ⇄ Financial District,Metro,METRO-R-02,East Suburb Terminal,Financial District Hub,21.0,320,195,40.0,7800.0,0,30,On-Time
TRIP-12288,2024-03-04,16:30:00,METRO-RED,Metro Red Line: East Suburb ⇄ Financial District,Metro,METRO-R-01,East Suburb Terminal,Financial District Hub,21.0,320,294,40.0,11760.0,0,30,On-Time
TRIP-12289,2024-03-04,18:50:15,METRO-RED,Metro Red Line: East Suburb ⇄ Financial District,Metro,METRO-R-07,East Suburb Terminal,Financial District Hub,21.0,320,344,40.0,13760.0,4,32,Moderate Delay
TRIP-12290,2024-03-04,20:40:00,METRO-RED,Metro Red Line: East Suburb ⇄ Financial District,Metro,METRO-R-07,East Suburb Terminal,Financial District Hub,21.0,320,280,40.0,11200.0,0,30,On-Time
TRIP-12291,2024-03-04,07:45:30,RAIL-CST,Suburban Rail: Coast Line ⇄ Old City Junction,Suburban Rail,RAIL-EMU-506,Coastal Harbor Junction,Old City Main Junction,38.0,750,446,25.0,11150.0,0,55,On-Time
TRIP-12292,2024-03-04,15:30:45,RAIL-CST,Suburban Rail: Coast Line ⇄ Old City Junction,Suburban Rail,RAIL-EMU-501,Coastal Harbor Junction,Old City Main Junction,38.0,750,410,25.0,10250.0,0,55,On-Time
TRIP-12293,2024-03-04,06:40:00,RAIL-EXT,Suburban Rail: Industrial Corridor ⇄ South Terminal,Suburban Rail,RAIL-EMU-602,Northern Industrial Zone,South Terminal Intermodal,42.5,750,187,30.0,5610.0,6,69,Moderate Delay
TRIP-12294,2024-03-04,10:45:30,RAIL-EXT,Suburban Rail: Industrial Corridor ⇄ South Terminal,Suburban Rail,RAIL-EMU-607,Northern Industrial Zone,South Terminal Intermodal,42.5,750,715,30.0,21450.0,19,81,Major Delay
TRIP-12295,2024-03-04,14:20:30,RAIL-EXT,Suburban Rail: Industrial Corridor ⇄ South Terminal,Suburban Rail,RAIL-EMU-605,Northern Industrial Zone,South Terminal Intermodal,42.5,750,456,30.0,13680.0,0,65,On-Time
TRIP-12296,2024-03-04,10:45:45,BRTS-01,BRTS Ring Corridor: Outer Express,BRTS,BRTS-OR-02,East Ring Hub,West Ring Hub,18.0,85,68,35.0,2380.0,0,32,On-Time
TRIP-12297,2024-03-04,19:45:00,BRTS-01,BRTS Ring Corridor: Outer Express,BRTS,BRTS-OR-02,East Ring Hub,West Ring Hub,18.0,85,91,35.0,3185.0,23,44,Major Delay
TRIP-12298,2024-03-04,21:20:30,BRTS-01,BRTS Ring Corridor: Outer Express,BRTS,BRTS-OR-03,East Ring Hub,West Ring Hub,18.0,85,44,35.0,1540.0,0,32,On-Time
TRIP-12299,2024-03-05,09:20:45,BUS-101,Central Station ⇄ IT Tech Park,Bus,BUS-KA01-E104,Central Railway Station,Cyber City Tech Park,16.5,60,64,30.0,1920.0,0,45,On-Time
TRIP-12300,2024-03-05,19:00:30,BUS-101,Central Station ⇄ IT Tech Park,Bus,BUS-KA01-E101,Central Railway Station,Cyber City Tech Park,16.5,60,58,30.0,1740.0,29,63,Major Delay
TRIP-12301,2024-03-05,21:15:30,BUS-101,Central Station ⇄ IT Tech Park,Bus,BUS-KA01-E103,Central Railway Station,Cyber City Tech Park,16.5,60,34,30.0,1020.0,0,45,On-Time
TRIP-12302,2024-03-05,09:00:15,BUS-102,Airport Express ⇄ Downtown Terminal,Bus,BUS-KA01-A202,International Airport Terminal 2,Downtown Central Terminal,28.0,50,54,90.0,4860.0,30,79,Major Delay
TRIP-12303,2024-03-05,11:50:45,BUS-102,Airport Express ⇄ Downtown Terminal,Bus,BUS-KA01-A209,International Airport Terminal 2,Downtown Central Terminal,28.0,50,36,90.0,3240.0,0,60,On-Time
TRIP-12304,2024-03-05,12:15:30,BUS-102,Airport Express ⇄ Downtown Terminal,Bus,BUS-KA01-A201,International Airport Terminal 2,Downtown Central Terminal,28.0,50,31,90.0,2790.0,0,60,On-Time
TRIP-12305,2024-03-05,22:00:45,BUS-102,Airport Express ⇄ Downtown Terminal,Bus,BUS-KA01-A202,International Airport Terminal 2,Downtown Central Terminal,28.0,50,14,90.0,1260.0,0,60,On-Time
TRIP-12306,2024-03-05,14:10:15,BUS-105,Westside Mall ⇄ Harbor Port,Bus,BUS-KA02-W307,Westside Mall Circle,South Harbor Port Gate,14.2,60,40,25.0,1000.0,0,38,On-Time
TRIP-12307,2024-03-05,19:30:45,BUS-105,Westside Mall ⇄ Harbor Port,Bus,BUS-KA02-W304,Westside Mall Circle,South Harbor Port Gate,14.2,60,64,25.0,1600.0,0,38,On-Time
TRIP-12308,2024-03-05,21:45:45,BUS-105,Westside Mall ⇄ Harbor Port,Bus,BUS-KA02-W302,Westside Mall Circle,South Harbor Port Gate,14.2,60,27,25.0,675.0,0,38,On-Time
TRIP-12309,2024-03-05,22:40:30,BUS-105,Westside Mall ⇄ Harbor Port,Bus,BUS-KA02-W301,Westside Mall Circle,South Harbor Port Gate,14.2,60,18,25.0,450.0,0,38,On-Time
TRIP-12310,2024-03-05,09:15:00,BUS-110,University Campus ⇄ City Center,Bus,BUS-KA02-U404,State University North Gate,City Commercial Center,11.0,60,64,20.0,1280.0,0,32,On-Time
TRIP-12311,2024-03-05,10:45:00,BUS-110,University Campus ⇄ City Center,Bus,BUS-KA02-U401,State University North Gate,City Commercial Center,11.0,60,52,20.0,1040.0,9,38,Moderate Delay
TRIP-12312,2024-03-05,17:20:45,BUS-110,University Campus ⇄ City Center,Bus,BUS-KA02-U403,State University North Gate,City Commercial Center,11.0,60,59,20.0,1180.0,30,58,Major Delay
TRIP-12313,2024-03-05,11:00:45,METRO-BLU,Metro Blue Line: North Ridge ⇄ Tech Valley,Metro,METRO-B-10,North Ridge Terminal,Tech Valley Central,24.5,320,202,45.0,9090.0,10,42,Moderate Delay
TRIP-12314,2024-03-05,14:30:15,METRO-BLU,Metro Blue Line: North Ridge ⇄ Tech Valley,Metro,METRO-B-01,North Ridge Terminal,Tech Valley Central,24.5,320,176,45.0,7920.0,0,35,On-Time
TRIP-12315,2024-03-05,20:30:45,METRO-BLU,Metro Blue Line: North Ridge ⇄ Tech Valley,Metro,METRO-B-09,North Ridge Terminal,Tech Valley Central,24.5,320,302,45.0,13590.0,0,35,On-Time
TRIP-12316,2024-03-05,22:45:45,METRO-BLU,Metro Blue Line: North Ridge ⇄ Tech Valley,Metro,METRO-B-01,North Ridge Terminal,Tech Valley Central,24.5,320,95,45.0,4275.0,7,39,Moderate Delay
TRIP-12317,2024-03-05,11:50:30,METRO-RED,Metro Red Line: East Suburb ⇄ Financial District,Metro,METRO-R-05,East Suburb Terminal,Financial District Hub,21.0,320,207,40.0,8280.0,8,36,Moderate Delay
TRIP-12318,2024-03-05,13:40:15,METRO-RED,Metro Red Line: East Suburb ⇄ Financial District,Metro,METRO-R-07,East Suburb Terminal,Financial District Hub,21.0,320,157,40.0,6280.0,0,30,On-Time
TRIP-12319,2024-03-05,16:15:15,METRO-RED,Metro Red Line: East Suburb ⇄ Financial District,Metro,METRO-R-07,East Suburb Terminal,Financial District Hub,21.0,320,301,40.0,12040.0,0,30,On-Time
TRIP-12320,2024-03-05,19:15:15,METRO-RED,Metro Red Line: East Suburb ⇄ Financial District,Metro,METRO-R-07,East Suburb Terminal,Financial District Hub,21.0,320,345,40.0,13800.0,5,32,Moderate Delay
TRIP-12321,2024-03-05,21:40:30,METRO-RED,Metro Red Line: East Suburb ⇄ Financial District,Metro,METRO-R-03,East Suburb Terminal,Financial District Hub,21.0,320,139,40.0,5560.0,7,33,Moderate Delay
TRIP-12322,2024-03-05,10:30:15,RAIL-CST,Suburban Rail: Coast Line ⇄ Old City Junction,Suburban Rail,RAIL-EMU-504,Coastal Harbor Junction,Old City Main Junction,38.0,750,810,25.0,20250.0,0,55,On-Time
TRIP-12323,2024-03-05,11:50:30,RAIL-CST,Suburban Rail: Coast Line ⇄ Old City Junction,Suburban Rail,RAIL-EMU-504,Coastal Harbor Junction,Old City Main Junction,38.0,750,459,25.0,11475.0,0,55,On-Time
TRIP-12324,2024-03-05,08:15:30,RAIL-EXT,Suburban Rail: Industrial Corridor ⇄ South Terminal,Suburban Rail,RAIL-EMU-607,Northern Industrial Zone,South Terminal Intermodal,42.5,750,810,30.0,24300.0,14,77,Moderate Delay
TRIP-12325,2024-03-05,09:30:45,RAIL-EXT,Suburban Rail: Industrial Corridor ⇄ South Terminal,Suburban Rail,RAIL-EMU-604,Northern Industrial Zone,South Terminal Intermodal,42.5,750,810,30.0,24300.0,20,75,Major Delay
TRIP-12326,2024-03-05,13:15:15,BRTS-01,BRTS Ring Corridor: Outer Express,BRTS,BRTS-OR-06,East Ring Hub,West Ring Hub,18.0,85,54,35.0,1890.0,10,40,Moderate Delay
TRIP-12327,2024-03-05,17:50:00,BRTS-01,BRTS Ring Corridor: Outer Express,BRTS,BRTS-OR-07,East Ring Hub,West Ring Hub,18.0,85,91,35.0,3185.0,12,42,Moderate Delay
TRIP-12328,2024-03-05,18:30:15,BRTS-01,BRTS Ring Corridor: Outer Express,BRTS,BRTS-OR-03,East Ring Hub,West Ring Hub,18.0,85,91,35.0,3185.0,13,42,Moderate Delay
TRIP-12329,2024-03-05,20:00:15,BRTS-01,BRTS Ring Corridor: Outer Express,BRTS,BRTS-OR-07,East Ring Hub,West Ring Hub,18.0,85,67,35.0,2345.0,8,37,Moderate Delay
TRIP-12330,2024-03-05,22:40:45,BRTS-01,BRTS Ring Corridor: Outer Express,BRTS,BRTS-OR-06,East Ring Hub,West Ring Hub,18.0,85,29,35.0,1015.0,0,32,On-Time
TRIP-12331,2024-03-06,08:30:15,BUS-101,Central Station ⇄ IT Tech Park,Bus,BUS-KA01-E109,Central Railway Station,Cyber City Tech Park,16.5,60,55,30.0,1650.0,0,45,On-Time
TRIP-12332,2024-03-06,10:40:30,BUS-101,Central Station ⇄ IT Tech Park,Bus,BUS-KA01-E101,Central Railway Station,Cyber City Tech Park,16.5,60,53,30.0,1590.0,0,45,On-Time
TRIP-12333,2024-03-06,11:00:45,BUS-101,Central Station ⇄ IT Tech Park,Bus,BUS-KA01-E108,Central Railway Station,Cyber City Tech Park,16.5,60,34,30.0,1020.0,0,45,On-Time
TRIP-12334,2024-03-06,14:40:15,BUS-101,Central Station ⇄ IT Tech Park,Bus,BUS-KA01-E103,Central Railway Station,Cyber City Tech Park,16.5,60,41,30.0,1230.0,0,45,On-Time
TRIP-12335,2024-03-06,17:20:15,BUS-101,Central Station ⇄ IT Tech Park,Bus,BUS-KA01-E109,Central Railway Station,Cyber City Tech Park,16.5,60,64,30.0,1920.0,0,45,On-Time
TRIP-12336,2024-03-06,08:45:15,BUS-102,Airport Express ⇄ Downtown Terminal,Bus,BUS-KA01-A201,International Airport Terminal 2,Downtown Central Terminal,28.0,50,48,90.0,4320.0,14,69,Moderate Delay
TRIP-12337,2024-03-06,13:20:45,BUS-102,Airport Express ⇄ Downtown Terminal,Bus,BUS-KA01-A206,International Airport Terminal 2,Downtown Central Terminal,28.0,50,30,90.0,2700.0,0,60,On-Time
TRIP-12338,2024-03-06,18:00:00,BUS-102,Airport Express ⇄ Downtown Terminal,Bus,BUS-KA01-A201,International Airport Terminal 2,Downtown Central Terminal,28.0,50,54,90.0,4860.0,28,84,Major Delay
TRIP-12339,2024-03-06,20:30:30,BUS-102,Airport Express ⇄ Downtown Terminal,Bus,BUS-KA01-A204,International Airport Terminal 2,Downtown Central Terminal,28.0,50,42,90.0,3780.0,7,65,Moderate Delay
TRIP-12340,2024-03-06,21:40:15,BUS-102,Airport Express ⇄ Downtown Terminal,Bus,BUS-KA01-A204,International Airport Terminal 2,Downtown Central Terminal,28.0,50,22,90.0,1980.0,0,60,On-Time
TRIP-12341,2024-03-06,06:10:00,BUS-105,Westside Mall ⇄ Harbor Port,Bus,BUS-KA02-W305,Westside Mall Circle,South Harbor Port Gate,14.2,60,17,25.0,425.0,0,38,On-Time
TRIP-12342,2024-03-06,07:10:45,BUS-105,Westside Mall ⇄ Harbor Port,Bus,BUS-KA02-W306,Westside Mall Circle,South Harbor Port Gate,14.2,60,29,25.0,725.0,5,41,Moderate Delay
TRIP-12343,2024-03-06,19:30:30,BUS-105,Westside Mall ⇄ Harbor Port,Bus,BUS-KA02-W309,Westside Mall Circle,South Harbor Port Gate,14.2,60,61,25.0,1525.0,0,38,On-Time
TRIP-12344,2024-03-06,20:40:00,BUS-105,Westside Mall ⇄ Harbor Port,Bus,BUS-KA02-W309,Westside Mall Circle,South Harbor Port Gate,14.2,60,46,25.0,1150.0,0,38,On-Time
TRIP-12345,2024-03-06,06:10:15,BUS-110,University Campus ⇄ City Center,Bus,BUS-KA02-U405,State University North Gate,City Commercial Center,11.0,60,15,20.0,300.0,0,32,On-Time
TRIP-12346,2024-03-06,09:45:45,BUS-110,University Campus ⇄ City Center,Bus,BUS-KA02-U401,State University North Gate,City Commercial Center,11.0,60,64,20.0,1280.0,0,32,On-Time
TRIP-12347,2024-03-06,16:30:30,BUS-110,University Campus ⇄ City Center,Bus,BUS-KA02-U402,State University North Gate,City Commercial Center,11.0,60,49,20.0,980.0,0,32,On-Time
TRIP-12348,2024-03-06,09:00:00,METRO-BLU,Metro Blue Line: North Ridge ⇄ Tech Valley,Metro,METRO-B-07,North Ridge Terminal,Tech Valley Central,24.5,320,345,45.0,15525.0,0,35,On-Time
TRIP-12349,2024-03-06,10:30:15,METRO-BLU,Metro Blue Line: North Ridge ⇄ Tech Valley,Metro,METRO-B-04,North Ridge Terminal,Tech Valley Central,24.5,320,272,45.0,12240.0,0,35,On-Time
TRIP-12350,2024-03-06,12:50:15,METRO-BLU,Metro Blue Line: North Ridge ⇄ Tech Valley,Metro,METRO-B-02,North Ridge Terminal,Tech Valley Central,24.5,320,193,45.0,8685.0,2,36,On-Time
TRIP-12351,2024-03-06,20:50:00,METRO-BLU,Metro Blue Line: North Ridge ⇄ Tech Valley,Metro,METRO-B-10,North Ridge Terminal,Tech Valley Central,24.5,320,241,45.0,10845.0,0,35,On-Time
TRIP-12352,2024-03-06,21:20:15,METRO-BLU,Metro Blue Line: North Ridge ⇄ Tech Valley,Metro,METRO-B-10,North Ridge Terminal,Tech Valley Central,24.5,320,157,45.0,7065.0,0,35,On-Time
TRIP-12353,2024-03-06,06:00:15,METRO-RED,Metro Red Line: East Suburb ⇄ Financial District,Metro,METRO-R-09,East Suburb Terminal,Financial District Hub,21.0,320,74,40.0,2960.0,0,30,On-Time
TRIP-12354,2024-03-06,07:45:45,METRO-RED,Metro Red Line: East Suburb ⇄ Financial District,Metro,METRO-R-10,East Suburb Terminal,Financial District Hub,21.0,320,163,40.0,6520.0,1,30,On-Time
TRIP-12355,2024-03-06,08:50:45,METRO-RED,Metro Red Line: East Suburb ⇄ Financial District,Metro,METRO-R-04,East Suburb Terminal,Financial District Hub,21.0,320,295,40.0,11800.0,0,30,On-Time
TRIP-12356,2024-03-06,11:40:45,METRO-RED,Metro Red Line: East Suburb ⇄ Financial District,Metro,METRO-R-04,East Suburb Terminal,Financial District Hub,21.0,320,228,40.0,9120.0,0,30,On-Time
TRIP-12357,2024-03-06,12:30:30,METRO-RED,Metro Red Line: East Suburb ⇄ Financial District,Metro,METRO-R-09,East Suburb Terminal,Financial District Hub,21.0,320,203,40.0,8120.0,0,30,On-Time
TRIP-12358,2024-03-06,19:00:45,METRO-RED,Metro Red Line: East Suburb ⇄ Financial District,Metro,METRO-R-09,East Suburb Terminal,Financial District Hub,21.0,320,305,40.0,12200.0,0,30,On-Time
TRIP-12359,2024-03-06,10:45:30,RAIL-CST,Suburban Rail: Coast Line ⇄ Old City Junction,Suburban Rail,RAIL-EMU-502,Coastal Harbor Junction,Old City Main Junction,38.0,750,796,25.0,19900.0,0,55,On-Time
TRIP-12360,2024-03-06,11:00:45,RAIL-CST,Suburban Rail: Coast Line ⇄ Old City Junction,Suburban Rail,RAIL-EMU-503,Coastal Harbor Junction,Old City Main Junction,38.0,750,542,25.0,13550.0,0,55,On-Time
TRIP-12361,2024-03-06,12:30:30,RAIL-CST,Suburban Rail: Coast Line ⇄ Old City Junction,Suburban Rail,RAIL-EMU-501,Coastal Harbor Junction,Old City Main Junction,38.0,750,531,25.0,13275.0,0,55,On-Time
TRIP-12362,2024-03-06,22:40:00,RAIL-CST,Suburban Rail: Coast Line ⇄ Old City Junction,Suburban Rail,RAIL-EMU-506,Coastal Harbor Junction,Old City Main Junction,38.0,750,261,25.0,6525.0,7,61,Moderate Delay
TRIP-12363,2024-03-06,07:10:00,RAIL-EXT,Suburban Rail: Industrial Corridor ⇄ South Terminal,Suburban Rail,RAIL-EMU-607,Northern Industrial Zone,South Terminal Intermodal,42.5,750,457,30.0,13710.0,0,65,On-Time
TRIP-12364,2024-03-06,14:10:00,RAIL-EXT,Suburban Rail: Industrial Corridor ⇄ South Terminal,Suburban Rail,RAIL-EMU-603,Northern Industrial Zone,South Terminal Intermodal,42.5,750,486,30.0,14580.0,0,65,On-Time
TRIP-12365,2024-03-06,19:00:45,RAIL-EXT,Suburban Rail: Industrial Corridor ⇄ South Terminal,Suburban Rail,RAIL-EMU-605,Northern Industrial Zone,South Terminal Intermodal,42.5,750,800,30.0,24000.0,22,83,Major Delay
TRIP-12366,2024-03-06,07:00:30,BRTS-01,BRTS Ring Corridor: Outer Express,BRTS,BRTS-OR-04,East Ring Hub,West Ring Hub,18.0,85,49,35.0,1715.0,0,32,On-Time
TRIP-12367,2024-03-06,14:30:15,BRTS-01,BRTS Ring Corridor: Outer Express,BRTS,BRTS-OR-07,East Ring Hub,West Ring Hub,18.0,85,48,35.0,1680.0,0,32,On-Time
TRIP-12368,2024-03-06,15:15:45,BRTS-01,BRTS Ring Corridor: Outer Express,BRTS,BRTS-OR-07,East Ring Hub,West Ring Hub,18.0,85,59,35.0,2065.0,0,32,On-Time
TRIP-12369,2024-03-06,21:10:45,BRTS-01,BRTS Ring Corridor: Outer Express,BRTS,BRTS-OR-02,East Ring Hub,West Ring Hub,18.0,85,41,35.0,1435.0,0,32,On-Time
TRIP-12370,2024-03-07,06:45:15,BUS-101,Central Station ⇄ IT Tech Park,Bus,BUS-KA01-E107,Central Railway Station,Cyber City Tech Park,16.5,60,14,30.0,420.0,0,45,On-Time
TRIP-12371,2024-03-07,15:00:15,BUS-101,Central Station ⇄ IT Tech Park,Bus,BUS-KA01-E106,Central Railway Station,Cyber City Tech Park,16.5,60,34,30.0,1020.0,0,45,On-Time
TRIP-12372,2024-03-07,17:50:15,BUS-101,Central Station ⇄ IT Tech Park,Bus,BUS-KA01-E101,Central Railway Station,Cyber City Tech Park,16.5,60,64,30.0,1920.0,9,51,Moderate Delay
TRIP-12373,2024-03-07,18:40:15,BUS-101,Central Station ⇄ IT Tech Park,Bus,BUS-KA01-E109,Central Railway Station,Cyber City Tech Park,16.5,60,64,30.0,1920.0,0,45,On-Time
TRIP-12374,2024-03-07,09:30:00,BUS-102,Airport Express ⇄ Downtown Terminal,Bus,BUS-KA01-A203,International Airport Terminal 2,Downtown Central Terminal,28.0,50,54,90.0,4860.0,22,74,Major Delay
TRIP-12375,2024-03-07,13:10:00,BUS-102,Airport Express ⇄ Downtown Terminal,Bus,BUS-KA01-A203,International Airport Terminal 2,Downtown Central Terminal,28.0,50,28,90.0,2520.0,0,60,On-Time
TRIP-12376,2024-03-07,20:30:00,BUS-102,Airport Express ⇄ Downtown Terminal,Bus,BUS-KA01-A207,International Airport Terminal 2,Downtown Central Terminal,28.0,50,41,90.0,3690.0,0,60,On-Time
TRIP-12377,2024-03-07,21:30:15,BUS-102,Airport Express ⇄ Downtown Terminal,Bus,BUS-KA01-A209,International Airport Terminal 2,Downtown Central Terminal,28.0,50,21,90.0,1890.0,0,60,On-Time
TRIP-12378,2024-03-07,06:30:30,BUS-105,Westside Mall ⇄ Harbor Port,Bus,BUS-KA02-W305,Westside Mall Circle,South Harbor Port Gate,14.2,60,14,25.0,350.0,9,43,Moderate Delay
TRIP-12379,2024-03-07,08:40:45,BUS-105,Westside Mall ⇄ Harbor Port,Bus,BUS-KA02-W303,Westside Mall Circle,South Harbor Port Gate,14.2,60,64,25.0,1600.0,31,63,Major Delay
TRIP-12380,2024-03-07,17:00:15,BUS-105,Westside Mall ⇄ Harbor Port,Bus,BUS-KA02-W301,Westside Mall Circle,South Harbor Port Gate,14.2,60,57,25.0,1425.0,0,38,On-Time
TRIP-12381,2024-03-07,18:00:00,BUS-105,Westside Mall ⇄ Harbor Port,Bus,BUS-KA02-W301,Westside Mall Circle,South Harbor Port Gate,14.2,60,61,25.0,1525.0,25,54,Major Delay
TRIP-12382,2024-03-07,20:50:15,BUS-105,Westside Mall ⇄ Harbor Port,Bus,BUS-KA02-W309,Westside Mall Circle,South Harbor Port Gate,14.2,60,41,25.0,1025.0,8,45,Moderate Delay
TRIP-12383,2024-03-07,06:00:00,BUS-110,University Campus ⇄ City Center,Bus,BUS-KA02-U409,State University North Gate,City Commercial Center,11.0,60,15,20.0,300.0,0,32,On-Time
TRIP-12384,2024-03-07,14:15:15,BUS-110,University Campus ⇄ City Center,Bus,BUS-KA02-U403,State University North Gate,City Commercial Center,11.0,60,38,20.0,760.0,0,32,On-Time
TRIP-12385,2024-03-07,16:45:00,BUS-110,University Campus ⇄ City Center,Bus,BUS-KA02-U406,State University North Gate,City Commercial Center,11.0,60,47,20.0,940.0,0,32,On-Time
TRIP-12386,2024-03-07,06:40:00,METRO-BLU,Metro Blue Line: North Ridge ⇄ Tech Valley,Metro,METRO-B-10,North Ridge Terminal,Tech Valley Central,24.5,320,70,45.0,3150.0,0,35,On-Time
TRIP-12387,2024-03-07,08:15:45,METRO-BLU,Metro Blue Line: North Ridge ⇄ Tech Valley,Metro,METRO-B-07,North Ridge Terminal,Tech Valley Central,24.5,320,345,45.0,15525.0,2,36,On-Time
TRIP-12388,2024-03-07,18:10:00,METRO-BLU,Metro Blue Line: North Ridge ⇄ Tech Valley,Metro,METRO-B-10,North Ridge Terminal,Tech Valley Central,24.5,320,345,45.0,15525.0,8,39,Moderate Delay
TRIP-12389,2024-03-07,21:15:15,METRO-BLU,Metro Blue Line: North Ridge ⇄ Tech Valley,Metro,METRO-B-10,North Ridge Terminal,Tech Valley Central,24.5,320,127,45.0,5715.0,0,35,On-Time
TRIP-12390,2024-03-07,06:10:30,METRO-RED,Metro Red Line: East Suburb ⇄ Financial District,Metro,METRO-R-03,East Suburb Terminal,Financial District Hub,21.0,320,86,40.0,3440.0,0,30,On-Time
TRIP-12391,2024-03-07,10:50:45,METRO-RED,Metro Red Line: East Suburb ⇄ Financial District,Metro,METRO-R-07,East Suburb Terminal,Financial District Hub,21.0,320,311,40.0,12440.0,0,30,On-Time
TRIP-12392,2024-03-07,13:40:15,METRO-RED,Metro Red Line: East Suburb ⇄ Financial District,Metro,METRO-R-02,East Suburb Terminal,Financial District Hub,21.0,320,186,40.0,7440.0,0,30,On-Time
TRIP-12393,2024-03-07,17:45:00,METRO-RED,Metro Red Line: East Suburb ⇄ Financial District,Metro,METRO-R-03,East Suburb Terminal,Financial District Hub,21.0,320,345,40.0,13800.0,0,30,On-Time
TRIP-12394,2024-03-07,22:50:15,METRO-RED,Metro Red Line: East Suburb ⇄ Financial District,Metro,METRO-R-02,East Suburb Terminal,Financial District Hub,21.0,320,107,40.0,4280.0,0,30,On-Time
TRIP-12395,2024-03-07,14:00:15,RAIL-CST,Suburban Rail: Coast Line ⇄ Old City Junction,Suburban Rail,RAIL-EMU-502,Coastal Harbor Junction,Old City Main Junction,38.0,750,423,25.0,10575.0,0,55,On-Time
TRIP-12396,2024-03-07,16:15:00,RAIL-CST,Suburban Rail: Coast Line ⇄ Old City Junction,Suburban Rail,RAIL-EMU-507,Coastal Harbor Junction,Old City Main Junction,38.0,750,610,25.0,15250.0,0,55,On-Time
TRIP-12397,2024-03-07,10:20:30,RAIL-EXT,Suburban Rail: Industrial Corridor ⇄ South Terminal,Suburban Rail,RAIL-EMU-607,Northern Industrial Zone,South Terminal Intermodal,42.5,750,807,30.0,24210.0,19,74,Major Delay
TRIP-12398,2024-03-07,14:30:45,RAIL-EXT,Suburban Rail: Industrial Corridor ⇄ South Terminal,Suburban Rail,RAIL-EMU-605,Northern Industrial Zone,South Terminal Intermodal,42.5,750,367,30.0,11010.0,0,65,On-Time
TRIP-12399,2024-03-07,17:20:30,RAIL-EXT,Suburban Rail: Industrial Corridor ⇄ South Terminal,Suburban Rail,RAIL-EMU-605,Northern Industrial Zone,South Terminal Intermodal,42.5,750,810,30.0,24300.0,0,65,On-Time
TRIP-12400,2024-03-07,20:30:15,RAIL-EXT,Suburban Rail: Industrial Corridor ⇄ South Terminal,Suburban Rail,RAIL-EMU-602,Northern Industrial Zone,South Terminal Intermodal,42.5,750,547,30.0,16410.0,5,68,Moderate Delay
TRIP-12401,2024-03-07,06:50:30,BRTS-01,BRTS Ring Corridor: Outer Express,BRTS,BRTS-OR-06,East Ring Hub,West Ring Hub,18.0,85,24,35.0,840.0,0,32,On-Time
TRIP-12402,2024-03-07,07:40:00,BRTS-01,BRTS Ring Corridor: Outer Express,BRTS,BRTS-OR-03,East Ring Hub,West Ring Hub,18.0,85,42,35.0,1470.0,0,32,On-Time
TRIP-12403,2024-03-07,11:00:00,BRTS-01,BRTS Ring Corridor: Outer Express,BRTS,BRTS-OR-02,East Ring Hub,West Ring Hub,18.0,85,55,35.0,1925.0,0,32,On-Time
TRIP-12404,2024-03-07,13:00:45,BRTS-01,BRTS Ring Corridor: Outer Express,BRTS,BRTS-OR-02,East Ring Hub,West Ring Hub,18.0,85,50,35.0,1750.0,0,32,On-Time
TRIP-12405,2024-03-07,16:20:00,BRTS-01,BRTS Ring Corridor: Outer Express,BRTS,BRTS-OR-07,East Ring Hub,West Ring Hub,18.0,85,82,35.0,2870.0,0,32,On-Time
TRIP-12406,2024-03-08,06:30:45,BUS-101,Central Station ⇄ IT Tech Park,Bus,BUS-KA01-E101,Central Railway Station,Cyber City Tech Park,16.5,60,16,30.0,480.0,3,46,On-Time
TRIP-12407,2024-03-08,10:45:30,BUS-101,Central Station ⇄ IT Tech Park,Bus,BUS-KA01-E102,Central Railway Station,Cyber City Tech Park,16.5,60,64,30.0,1920.0,21,61,Major Delay
TRIP-12408,2024-03-08,11:15:00,BUS-101,Central Station ⇄ IT Tech Park,Bus,BUS-KA01-E106,Central Railway Station,Cyber City Tech Park,16.5,60,44,30.0,1320.0,0,45,On-Time
TRIP-12409,2024-03-08,06:00:00,BUS-102,Airport Express ⇄ Downtown Terminal,Bus,BUS-KA01-A203,International Airport Terminal 2,Downtown Central Terminal,28.0,50,12,90.0,1080.0,0,60,On-Time
TRIP-12410,2024-03-08,07:40:30,BUS-102,Airport Express ⇄ Downtown Terminal,Bus,BUS-KA01-A208,International Airport Terminal 2,Downtown Central Terminal,28.0,50,25,90.0,2250.0,0,60,On-Time
TRIP-12411,2024-03-08,08:30:00,BUS-102,Airport Express ⇄ Downtown Terminal,Bus,BUS-KA01-A203,International Airport Terminal 2,Downtown Central Terminal,28.0,50,54,90.0,4860.0,32,85,Major Delay
TRIP-12412,2024-03-08,12:50:00,BUS-102,Airport Express ⇄ Downtown Terminal,Bus,BUS-KA01-A206,International Airport Terminal 2,Downtown Central Terminal,28.0,50,35,90.0,3150.0,0,60,On-Time
TRIP-12413,2024-03-08,17:00:15,BUS-102,Airport Express ⇄ Downtown Terminal,Bus,BUS-KA01-A207,International Airport Terminal 2,Downtown Central Terminal,28.0,50,54,90.0,4860.0,0,60,On-Time
TRIP-12414,2024-03-08,12:00:15,BUS-105,Westside Mall ⇄ Harbor Port,Bus,BUS-KA02-W306,Westside Mall Circle,South Harbor Port Gate,14.2,60,38,25.0,950.0,0,38,On-Time
TRIP-12415,2024-03-08,15:15:00,BUS-105,Westside Mall ⇄ Harbor Port,Bus,BUS-KA02-W305,Westside Mall Circle,South Harbor Port Gate,14.2,60,46,25.0,1150.0,0,38,On-Time
TRIP-12416,2024-03-08,17:10:00,BUS-105,Westside Mall ⇄ Harbor Port,Bus,BUS-KA02-W304,Westside Mall Circle,South Harbor Port Gate,14.2,60,64,25.0,1600.0,0,38,On-Time
TRIP-12417,2024-03-08,18:40:15,BUS-105,Westside Mall ⇄ Harbor Port,Bus,BUS-KA02-W306,Westside Mall Circle,South Harbor Port Gate,14.2,60,64,25.0,1600.0,19,54,Major Delay
TRIP-12418,2024-03-08,07:10:00,BUS-110,University Campus ⇄ City Center,Bus,BUS-KA02-U401,State University North Gate,City Commercial Center,11.0,60,25,20.0,500.0,0,32,On-Time
TRIP-12419,2024-03-08,12:00:45,BUS-110,University Campus ⇄ City Center,Bus,BUS-KA02-U409,State University North Gate,City Commercial Center,11.0,60,37,20.0,740.0,0,32,On-Time
TRIP-12420,2024-03-08,17:00:00,BUS-110,University Campus ⇄ City Center,Bus,BUS-KA02-U401,State University North Gate,City Commercial Center,11.0,60,64,20.0,1280.0,0,32,On-Time
TRIP-12421,2024-03-08,10:15:15,METRO-BLU,Metro Blue Line: North Ridge ⇄ Tech Valley,Metro,METRO-B-10,North Ridge Terminal,Tech Valley Central,24.5,320,319,45.0,14355.0,0,35,On-Time
TRIP-12422,2024-03-08,13:40:15,METRO-BLU,Metro Blue Line: North Ridge ⇄ Tech Valley,Metro,METRO-B-03,North Ridge Terminal,Tech Valley Central,24.5,320,145,45.0,6525.0,0,35,On-Time
TRIP-12423,2024-03-08,14:40:30,METRO-BLU,Metro Blue Line: North Ridge ⇄ Tech Valley,Metro,METRO-B-02,North Ridge Terminal,Tech Valley Central,24.5,320,154,45.0,6930.0,6,39,Moderate Delay
TRIP-12424,2024-03-08,16:50:15,METRO-BLU,Metro Blue Line: North Ridge ⇄ Tech Valley,Metro,METRO-B-07,North Ridge Terminal,Tech Valley Central,24.5,320,315,45.0,14175.0,0,35,On-Time
TRIP-12425,2024-03-08,17:15:30,METRO-BLU,Metro Blue Line: North Ridge ⇄ Tech Valley,Metro,METRO-B-01,North Ridge Terminal,Tech Valley Central,24.5,320,303,45.0,13635.0,0,35,On-Time
TRIP-12426,2024-03-08,21:15:15,METRO-BLU,Metro Blue Line: North Ridge ⇄ Tech Valley,Metro,METRO-B-02,North Ridge Terminal,Tech Valley Central,24.5,320,138,45.0,6210.0,6,40,Moderate Delay
TRIP-12427,2024-03-08,07:00:30,METRO-RED,Metro Red Line: East Suburb ⇄ Financial District,Metro,METRO-R-09,East Suburb Terminal,Financial District Hub,21.0,320,150,40.0,6000.0,0,30,On-Time
TRIP-12428,2024-03-08,12:45:30,METRO-RED,Metro Red Line: East Suburb ⇄ Financial District,Metro,METRO-R-07,East Suburb Terminal,Financial District Hub,21.0,320,172,40.0,6880.0,2,31,On-Time
TRIP-12429,2024-03-08,16:50:15,METRO-RED,Metro Red Line: East Suburb ⇄ Financial District,Metro,METRO-R-06,East Suburb Terminal,Financial District Hub,21.0,320,295,40.0,11800.0,0,30,On-Time
TRIP-12430,2024-03-08,22:50:30,METRO-RED,Metro Red Line: East Suburb ⇄ Financial District,Metro,METRO-R-09,East Suburb Terminal,Financial District Hub,21.0,320,105,40.0,4200.0,0,30,On-Time
TRIP-12431,2024-03-08,07:15:45,RAIL-CST,Suburban Rail: Coast Line ⇄ Old City Junction,Suburban Rail,RAIL-EMU-507,Coastal Harbor Junction,Old City Main Junction,38.0,750,364,25.0,9100.0,0,55,On-Time
TRIP-12432,2024-03-08,11:20:45,RAIL-CST,Suburban Rail: Coast Line ⇄ Old City Junction,Suburban Rail,RAIL-EMU-506,Coastal Harbor Junction,Old City Main Junction,38.0,750,510,25.0,12750.0,0,55,On-Time
TRIP-12433,2024-03-08,16:15:45,RAIL-CST,Suburban Rail: Coast Line ⇄ Old City Junction,Suburban Rail,RAIL-EMU-504,Coastal Harbor Junction,Old City Main Junction,38.0,750,586,25.0,14650.0,0,55,On-Time
TRIP-12434,2024-03-08,06:50:00,RAIL-EXT,Suburban Rail: Industrial Corridor ⇄ South Terminal,Suburban Rail,RAIL-EMU-606,Northern Industrial Zone,South Terminal Intermodal,42.5,750,164,30.0,4920.0,0,65,On-Time
TRIP-12435,2024-03-08,10:00:15,RAIL-EXT,Suburban Rail: Industrial Corridor ⇄ South Terminal,Suburban Rail,RAIL-EMU-606,Northern Industrial Zone,South Terminal Intermodal,42.5,750,615,30.0,18450.0,0,65,On-Time
TRIP-12436,2024-03-08,22:15:00,RAIL-EXT,Suburban Rail: Industrial Corridor ⇄ South Terminal,Suburban Rail,RAIL-EMU-605,Northern Industrial Zone,South Terminal Intermodal,42.5,750,211,30.0,6330.0,0,65,On-Time
TRIP-12437,2024-03-08,06:10:45,BRTS-01,BRTS Ring Corridor: Outer Express,BRTS,BRTS-OR-06,East Ring Hub,West Ring Hub,18.0,85,18,35.0,630.0,7,36,Moderate Delay
TRIP-12438,2024-03-08,11:40:00,BRTS-01,BRTS Ring Corridor: Outer Express,BRTS,BRTS-OR-08,East Ring Hub,West Ring Hub,18.0,85,59,35.0,2065.0,0,32,On-Time
TRIP-12439,2024-03-08,15:50:15,BRTS-01,BRTS Ring Corridor: Outer Express,BRTS,BRTS-OR-01,East Ring Hub,West Ring Hub,18.0,85,62,35.0,2170.0,9,38,Moderate Delay
TRIP-12440,2024-03-08,16:40:15,BRTS-01,BRTS Ring Corridor: Outer Express,BRTS,BRTS-OR-04,East Ring Hub,West Ring Hub,18.0,85,69,35.0,2415.0,0,32,On-Time
TRIP-12441,2024-03-08,21:10:45,BRTS-01,BRTS Ring Corridor: Outer Express,BRTS,BRTS-OR-03,East Ring Hub,West Ring Hub,18.0,85,43,35.0,1505.0,10,38,Moderate Delay
TRIP-12442,2024-03-09,06:10:15,BUS-101,Central Station ⇄ IT Tech Park,Bus,BUS-KA01-E101,Central Railway Station,Cyber City Tech Park,16.5,60,12,30.0,360.0,0,45,On-Time
TRIP-12443,2024-03-09,10:15:15,BUS-101,Central Station ⇄ IT Tech Park,Bus,BUS-KA01-E104,Central Railway Station,Cyber City Tech Park,16.5,60,44,30.0,1320.0,0,45,On-Time
TRIP-12444,2024-03-09,14:15:15,BUS-101,Central Station ⇄ IT Tech Park,Bus,BUS-KA01-E105,Central Railway Station,Cyber City Tech Park,16.5,60,22,30.0,660.0,5,48,Moderate Delay
TRIP-12445,2024-03-09,16:20:15,BUS-101,Central Station ⇄ IT Tech Park,Bus,BUS-KA01-E102,Central Railway Station,Cyber City Tech Park,16.5,60,43,30.0,1290.0,0,45,On-Time
TRIP-12446,2024-03-09,20:45:30,BUS-101,Central Station ⇄ IT Tech Park,Bus,BUS-KA01-E111,Central Railway Station,Cyber City Tech Park,16.5,60,36,30.0,1080.0,0,45,On-Time
TRIP-12447,2024-03-09,06:20:00,BUS-102,Airport Express ⇄ Downtown Terminal,Bus,BUS-KA01-A203,International Airport Terminal 2,Downtown Central Terminal,28.0,50,10,90.0,900.0,0,60,On-Time
TRIP-12448,2024-03-09,10:15:45,BUS-102,Airport Express ⇄ Downtown Terminal,Bus,BUS-KA01-A202,International Airport Terminal 2,Downtown Central Terminal,28.0,50,35,90.0,3150.0,0,60,On-Time
TRIP-12449,2024-03-09,22:20:30,BUS-102,Airport Express ⇄ Downtown Terminal,Bus,BUS-KA01-A207,International Airport Terminal 2,Downtown Central Terminal,28.0,50,12,90.0,1080.0,3,62,On-Time
TRIP-12450,2024-03-09,07:20:00,BUS-105,Westside Mall ⇄ Harbor Port,Bus,BUS-KA02-W304,Westside Mall Circle,South Harbor Port Gate,14.2,60,25,25.0,625.0,0,38,On-Time
TRIP-12451,2024-03-09,10:50:45,BUS-105,Westside Mall ⇄ Harbor Port,Bus,BUS-KA02-W304,Westside Mall Circle,South Harbor Port Gate,14.2,60,41,25.0,1025.0,10,45,Moderate Delay
TRIP-12452,2024-03-09,12:15:00,BUS-105,Westside Mall ⇄ Harbor Port,Bus,BUS-KA02-W302,Westside Mall Circle,South Harbor Port Gate,14.2,60,28,25.0,700.0,0,38,On-Time
TRIP-12453,2024-03-09,19:45:00,BUS-105,Westside Mall ⇄ Harbor Port,Bus,BUS-KA02-W303,Westside Mall Circle,South Harbor Port Gate,14.2,60,46,25.0,1150.0,6,43,Moderate Delay
TRIP-12454,2024-03-09,06:30:15,BUS-110,University Campus ⇄ City Center,Bus,BUS-KA02-U402,State University North Gate,City Commercial Center,11.0,60,13,20.0,260.0,0,32,On-Time
TRIP-12455,2024-03-09,07:45:45,BUS-110,University Campus ⇄ City Center,Bus,BUS-KA02-U404,State University North Gate,City Commercial Center,11.0,60,20,20.0,400.0,0,32,On-Time
TRIP-12456,2024-03-09,12:10:45,BUS-110,University Campus ⇄ City Center,Bus,BUS-KA02-U409,State University North Gate,City Commercial Center,11.0,60,26,20.0,520.0,0,32,On-Time
TRIP-12457,2024-03-09,18:40:45,BUS-110,University Campus ⇄ City Center,Bus,BUS-KA02-U401,State University North Gate,City Commercial Center,11.0,60,63,20.0,1260.0,0,32,On-Time
TRIP-12458,2024-03-09,22:45:15,BUS-110,University Campus ⇄ City Center,Bus,BUS-KA02-U409,State University North Gate,City Commercial Center,11.0,60,14,20.0,280.0,0,32,On-Time
TRIP-12459,2024-03-09,06:30:30,METRO-BLU,Metro Blue Line: North Ridge ⇄ Tech Valley,Metro,METRO-B-04,North Ridge Terminal,Tech Valley Central,24.5,320,64,45.0,2880.0,7,39,Moderate Delay
TRIP-12460,2024-03-09,10:30:15,METRO-BLU,Metro Blue Line: North Ridge ⇄ Tech Valley,Metro,METRO-B-05,North Ridge Terminal,Tech Valley Central,24.5,320,244,45.0,10980.0,0,35,On-Time
TRIP-12461,2024-03-09,15:45:15,METRO-BLU,Metro Blue Line: North Ridge ⇄ Tech Valley,Metro,METRO-B-07,North Ridge Terminal,Tech Valley Central,24.5,320,158,45.0,7110.0,3,36,On-Time
TRIP-12462,2024-03-09,17:10:00,METRO-BLU,Metro Blue Line: North Ridge ⇄ Tech Valley,Metro,METRO-B-03,North Ridge Terminal,Tech Valley Central,24.5,320,247,45.0,11115.0,4,38,Moderate Delay
TRIP-12463,2024-03-09,22:40:30,METRO-BLU,Metro Blue Line: North Ridge ⇄ Tech Valley,Metro,METRO-B-01,North Ridge Terminal,Tech Valley Central,24.5,320,65,45.0,2925.0,9,42,Moderate Delay
TRIP-12464,2024-03-09,08:20:30,METRO-RED,Metro Red Line: East Suburb ⇄ Financial District,Metro,METRO-R-10,East Suburb Terminal,Financial District Hub,21.0,320,303,40.0,12120.0,0,30,On-Time
TRIP-12465,2024-03-09,09:45:30,METRO-RED,Metro Red Line: East Suburb ⇄ Financial District,Metro,METRO-R-03,East Suburb Terminal,Financial District Hub,21.0,320,255,40.0,10200.0,0,30,On-Time
TRIP-12466,2024-03-09,12:30:45,METRO-RED,Metro Red Line: East Suburb ⇄ Financial District,Metro,METRO-R-06,East Suburb Terminal,Financial District Hub,21.0,320,171,40.0,6840.0,6,34,Moderate Delay
TRIP-12467,2024-03-09,15:20:15,METRO-RED,Metro Red Line: East Suburb ⇄ Financial District,Metro,METRO-R-01,East Suburb Terminal,Financial District Hub,21.0,320,145,40.0,5800.0,0,30,On-Time
TRIP-12468,2024-03-09,17:20:00,METRO-RED,Metro Red Line: East Suburb ⇄ Financial District,Metro,METRO-R-09,East Suburb Terminal,Financial District Hub,21.0,320,224,40.0,8960.0,0,30,On-Time
TRIP-12469,2024-03-09,21:50:45,METRO-RED,Metro Red Line: East Suburb ⇄ Financial District,Metro,METRO-R-08,East Suburb Terminal,Financial District Hub,21.0,320,94,40.0,3760.0,0,30,On-Time
TRIP-12470,2024-03-09,11:50:45,RAIL-CST,Suburban Rail: Coast Line ⇄ Old City Junction,Suburban Rail,RAIL-EMU-503,Coastal Harbor Junction,Old City Main Junction,38.0,750,371,25.0,9275.0,0,55,On-Time
TRIP-12471,2024-03-09,13:40:15,RAIL-CST,Suburban Rail: Coast Line ⇄ Old City Junction,Suburban Rail,RAIL-EMU-507,Coastal Harbor Junction,Old City Main Junction,38.0,750,298,25.0,7450.0,6,59,Moderate Delay
TRIP-12472,2024-03-09,14:30:45,RAIL-CST,Suburban Rail: Coast Line ⇄ Old City Junction,Suburban Rail,RAIL-EMU-504,Coastal Harbor Junction,Old City Main Junction,38.0,750,322,25.0,8050.0,0,55,On-Time
TRIP-12473,2024-03-09,18:10:45,RAIL-CST,Suburban Rail: Coast Line ⇄ Old City Junction,Suburban Rail,RAIL-EMU-503,Coastal Harbor Junction,Old City Main Junction,38.0,750,614,25.0,15350.0,5,57,Moderate Delay
TRIP-12474,2024-03-09,06:40:30,RAIL-EXT,Suburban Rail: Industrial Corridor ⇄ South Terminal,Suburban Rail,RAIL-EMU-604,Northern Industrial Zone,South Terminal Intermodal,42.5,750,150,30.0,4500.0,0,65,On-Time
TRIP-12475,2024-03-09,15:15:30,RAIL-EXT,Suburban Rail: Industrial Corridor ⇄ South Terminal,Suburban Rail,RAIL-EMU-603,Northern Industrial Zone,South Terminal Intermodal,42.5,750,423,30.0,12690.0,0,65,On-Time
TRIP-12476,2024-03-09,22:50:15,RAIL-EXT,Suburban Rail: Industrial Corridor ⇄ South Terminal,Suburban Rail,RAIL-EMU-607,Northern Industrial Zone,South Terminal Intermodal,42.5,750,150,30.0,4500.0,0,65,On-Time
TRIP-12477,2024-03-09,10:10:30,BRTS-01,BRTS Ring Corridor: Outer Express,BRTS,BRTS-OR-05,East Ring Hub,West Ring Hub,18.0,85,52,35.0,1820.0,22,43,Major Delay
TRIP-12478,2024-03-09,11:20:15,BRTS-01,BRTS Ring Corridor: Outer Express,BRTS,BRTS-OR-05,East Ring Hub,West Ring Hub,18.0,85,45,35.0,1575.0,7,37,Moderate Delay
TRIP-12479,2024-03-09,13:40:30,BRTS-01,BRTS Ring Corridor: Outer Express,BRTS,BRTS-OR-07,East Ring Hub,West Ring Hub,18.0,85,31,35.0,1085.0,0,32,On-Time
TRIP-12480,2024-03-09,18:20:45,BRTS-01,BRTS Ring Corridor: Outer Express,BRTS,BRTS-OR-01,East Ring Hub,West Ring Hub,18.0,85,70,35.0,2450.0,0,32,On-Time
TRIP-12481,2024-03-10,09:40:15,BUS-101,Central Station ⇄ IT Tech Park,Bus,BUS-KA01-E108,Central Railway Station,Cyber City Tech Park,16.5,60,46,30.0,1380.0,27,66,Major Delay
TRIP-12482,2024-03-10,14:10:30,BUS-101,Central Station ⇄ IT Tech Park,Bus,BUS-KA01-E103,Central Railway Station,Cyber City Tech Park,16.5,60,25,30.0,750.0,5,48,Moderate Delay
TRIP-12483,2024-03-10,21:45:45,BUS-101,Central Station ⇄ IT Tech Park,Bus,BUS-KA01-E111,Central Railway Station,Cyber City Tech Park,16.5,60,19,30.0,570.0,0,45,On-Time
TRIP-12484,2024-03-10,07:15:00,BUS-102,Airport Express ⇄ Downtown Terminal,Bus,BUS-KA01-A203,International Airport Terminal 2,Downtown Central Terminal,28.0,50,21,90.0,1890.0,0,60,On-Time
TRIP-12485,2024-03-10,09:20:45,BUS-102,Airport Express ⇄ Downtown Terminal,Bus,BUS-KA01-A206,International Airport Terminal 2,Downtown Central Terminal,28.0,50,44,90.0,3960.0,31,80,Major Delay
TRIP-12486,2024-03-10,13:45:15,BUS-102,Airport Express ⇄ Downtown Terminal,Bus,BUS-KA01-A201,International Airport Terminal 2,Downtown Central Terminal,28.0,50,18,90.0,1620.0,5,64,Moderate Delay
TRIP-12487,2024-03-10,21:40:15,BUS-102,Airport Express ⇄ Downtown Terminal,Bus,BUS-KA01-A206,International Airport Terminal 2,Downtown Central Terminal,28.0,50,20,90.0,1800.0,0,60,On-Time
TRIP-12488,2024-03-10,06:15:45,BUS-105,Westside Mall ⇄ Harbor Port,Bus,BUS-KA02-W303,Westside Mall Circle,South Harbor Port Gate,14.2,60,13,25.0,325.0,3,39,On-Time
TRIP-12489,2024-03-10,07:40:45,BUS-105,Westside Mall ⇄ Harbor Port,Bus,BUS-KA02-W301,Westside Mall Circle,South Harbor Port Gate,14.2,60,25,25.0,625.0,0,38,On-Time
TRIP-12490,2024-03-10,20:30:15,BUS-105,Westside Mall ⇄ Harbor Port,Bus,BUS-KA02-W304,Westside Mall Circle,South Harbor Port Gate,14.2,60,42,25.0,1050.0,0,38,On-Time
TRIP-12491,2024-03-10,22:45:00,BUS-105,Westside Mall ⇄ Harbor Port,Bus,BUS-KA02-W304,Westside Mall Circle,South Harbor Port Gate,14.2,60,13,25.0,325.0,1,38,On-Time
TRIP-12492,2024-03-10,08:45:15,BUS-110,University Campus ⇄ City Center,Bus,BUS-KA02-U408,State University North Gate,City Commercial Center,11.0,60,56,20.0,1120.0,15,42,Moderate Delay
TRIP-12493,2024-03-10,17:20:30,BUS-110,University Campus ⇄ City Center,Bus,BUS-KA02-U404,State University North Gate,City Commercial Center,11.0,60,43,20.0,860.0,26,53,Major Delay
TRIP-12494,2024-03-10,21:20:15,BUS-110,University Campus ⇄ City Center,Bus,BUS-KA02-U408,State University North Gate,City Commercial Center,11.0,60,19,20.0,380.0,0,32,On-Time
TRIP-12495,2024-03-10,22:20:15,BUS-110,University Campus ⇄ City Center,Bus,BUS-KA02-U405,State University North Gate,City Commercial Center,11.0,60,15,20.0,300.0,0,32,On-Time
TRIP-12496,2024-03-10,09:15:15,METRO-BLU,Metro Blue Line: North Ridge ⇄ Tech Valley,Metro,METRO-B-08,North Ridge Terminal,Tech Valley Central,24.5,320,279,45.0,12555.0,6,40,Moderate Delay
TRIP-12497,2024-03-10,11:45:00,METRO-BLU,Metro Blue Line: North Ridge ⇄ Tech Valley,Metro,METRO-B-09,North Ridge Terminal,Tech Valley Central,24.5,320,177,45.0,7965.0,0,35,On-Time
TRIP-12498,2024-03-10,13:15:45,METRO-BLU,Metro Blue Line: North Ridge ⇄ Tech Valley,Metro,METRO-B-09,North Ridge Terminal,Tech Valley Central,24.5,320,140,45.0,6300.0,0,35,On-Time
TRIP-12499,2024-03-10,18:15:15,METRO-BLU,Metro Blue Line: North Ridge ⇄ Tech Valley,Metro,METRO-B-07,North Ridge Terminal,Tech Valley Central,24.5,320,282,45.0,12690.0,8,39,Moderate Delay
TRIP-12500,2024-03-10,21:10:30,METRO-BLU,Metro Blue Line: North Ridge ⇄ Tech Valley,Metro,METRO-B-04,North Ridge Terminal,Tech Valley Central,24.5,320,123,45.0,5535.0,0,35,On-Time
TRIP-12501,2024-03-10,08:45:30,METRO-RED,Metro Red Line: East Suburb ⇄ Financial District,Metro,METRO-R-06,East Suburb Terminal,Financial District Hub,21.0,320,264,40.0,10560.0,7,34,Moderate Delay
TRIP-12502,2024-03-10,11:50:30,METRO-RED,Metro Red Line: East Suburb ⇄ Financial District,Metro,METRO-R-03,East Suburb Terminal,Financial District Hub,21.0,320,130,40.0,5200.0,4,33,Moderate Delay
TRIP-12503,2024-03-10,13:15:15,METRO-RED,Metro Red Line: East Suburb ⇄ Financial District,Metro,METRO-R-10,East Suburb Terminal,Financial District Hub,21.0,320,157,40.0,6280.0,0,30,On-Time
TRIP-12504,2024-03-10,16:30:30,METRO-RED,Metro Red Line: East Suburb ⇄ Financial District,Metro,METRO-R-10,East Suburb Terminal,Financial District Hub,21.0,320,237,40.0,9480.0,0,30,On-Time
TRIP-12505,2024-03-10,18:15:15,METRO-RED,Metro Red Line: East Suburb ⇄ Financial District,Metro,METRO-R-07,East Suburb Terminal,Financial District Hub,21.0,320,258,40.0,10320.0,0,30,On-Time
TRIP-12506,2024-03-10,19:15:30,METRO-RED,Metro Red Line: East Suburb ⇄ Financial District,Metro,METRO-R-04,East Suburb Terminal,Financial District Hub,21.0,320,222,40.0,8880.0,0,30,On-Time
TRIP-12507,2024-03-10,07:10:00,RAIL-CST,Suburban Rail: Coast Line ⇄ Old City Junction,Suburban Rail,RAIL-EMU-501,Coastal Harbor Junction,Old City Main Junction,38.0,750,268,25.0,6700.0,0,55,On-Time
TRIP-12508,2024-03-10,13:20:00,RAIL-CST,Suburban Rail: Coast Line ⇄ Old City Junction,Suburban Rail,RAIL-EMU-503,Coastal Harbor Junction,Old City Main Junction,38.0,750,314,25.0,7850.0,0,55,On-Time
TRIP-12509,2024-03-10,19:10:30,RAIL-CST,Suburban Rail: Coast Line ⇄ Old City Junction,Suburban Rail,RAIL-EMU-507,Coastal Harbor Junction,Old City Main Junction,38.0,750,507,25.0,12675.0,0,55,On-Time
TRIP-12510,2024-03-10,21:45:15,RAIL-CST,Suburban Rail: Coast Line ⇄ Old City Junction,Suburban Rail,RAIL-EMU-502,Coastal Harbor Junction,Old City Main Junction,38.0,750,263,25.0,6575.0,5,58,Moderate Delay
TRIP-12511,2024-03-10,07:40:30,RAIL-EXT,Suburban Rail: Industrial Corridor ⇄ South Terminal,Suburban Rail,RAIL-EMU-601,Northern Industrial Zone,South Terminal Intermodal,42.5,750,329,30.0,9870.0,6,68,Moderate Delay
TRIP-12512,2024-03-10,12:15:00,RAIL-EXT,Suburban Rail: Industrial Corridor ⇄ South Terminal,Suburban Rail,RAIL-EMU-601,Northern Industrial Zone,South Terminal Intermodal,42.5,750,319,30.0,9570.0,0,65,On-Time
TRIP-12513,2024-03-10,17:10:30,RAIL-EXT,Suburban Rail: Industrial Corridor ⇄ South Terminal,Suburban Rail,RAIL-EMU-601,Northern Industrial Zone,South Terminal Intermodal,42.5,750,589,30.0,17670.0,21,83,Major Delay
TRIP-12514,2024-03-10,21:45:15,RAIL-EXT,Suburban Rail: Industrial Corridor ⇄ South Terminal,Suburban Rail,RAIL-EMU-607,Northern Industrial Zone,South Terminal Intermodal,42.5,750,284,30.0,8520.0,0,65,On-Time
TRIP-12515,2024-03-10,07:00:15,BRTS-01,BRTS Ring Corridor: Outer Express,BRTS,BRTS-OR-02,East Ring Hub,West Ring Hub,18.0,85,27,35.0,945.0,3,34,On-Time
TRIP-12516,2024-03-10,18:50:00,BRTS-01,BRTS Ring Corridor: Outer Express,BRTS,BRTS-OR-02,East Ring Hub,West Ring Hub,18.0,85,67,35.0,2345.0,0,32,On-Time
TRIP-12517,2024-03-10,21:20:15,BRTS-01,BRTS Ring Corridor: Outer Express,BRTS,BRTS-OR-07,East Ring Hub,West Ring Hub,18.0,85,34,35.0,1190.0,0,32,On-Time
TRIP-12518,2024-03-11,06:50:15,BUS-101,Central Station ⇄ IT Tech Park,Bus,BUS-KA01-E104,Central Railway Station,Cyber City Tech Park,16.5,60,13,30.0,390.0,0,45,On-Time
TRIP-12519,2024-03-11,15:10:15,BUS-101,Central Station ⇄ IT Tech Park,Bus,BUS-KA01-E101,Central Railway Station,Cyber City Tech Park,16.5,60,34,30.0,1020.0,0,45,On-Time
TRIP-12520,2024-03-11,18:50:30,BUS-101,Central Station ⇄ IT Tech Park,Bus,BUS-KA01-E108,Central Railway Station,Cyber City Tech Park,16.5,60,64,30.0,1920.0,0,45,On-Time
TRIP-12521,2024-03-11,20:45:30,BUS-101,Central Station ⇄ IT Tech Park,Bus,BUS-KA01-E111,Central Railway Station,Cyber City Tech Park,16.5,60,42,30.0,1260.0,0,45,On-Time
TRIP-12522,2024-03-11,07:45:30,BUS-102,Airport Express ⇄ Downtown Terminal,Bus,BUS-KA01-A206,International Airport Terminal 2,Downtown Central Terminal,28.0,50,24,90.0,2160.0,9,66,Moderate Delay
TRIP-12523,2024-03-11,12:15:15,BUS-102,Airport Express ⇄ Downtown Terminal,Bus,BUS-KA01-A206,International Airport Terminal 2,Downtown Central Terminal,28.0,50,25,90.0,2250.0,2,61,On-Time
TRIP-12524,2024-03-11,15:00:30,BUS-102,Airport Express ⇄ Downtown Terminal,Bus,BUS-KA01-A208,International Airport Terminal 2,Downtown Central Terminal,28.0,50,33,90.0,2970.0,0,60,On-Time
TRIP-12525,2024-03-11,20:30:45,BUS-102,Airport Express ⇄ Downtown Terminal,Bus,BUS-KA01-A209,International Airport Terminal 2,Downtown Central Terminal,28.0,50,31,90.0,2790.0,3,62,On-Time
TRIP-12526,2024-03-11,22:50:45,BUS-102,Airport Express ⇄ Downtown Terminal,Bus,BUS-KA01-A208,International Airport Terminal 2,Downtown Central Terminal,28.0,50,13,90.0,1170.0,0,60,On-Time
TRIP-12527,2024-03-11,13:30:00,BUS-105,Westside Mall ⇄ Harbor Port,Bus,BUS-KA02-W301,Westside Mall Circle,South Harbor Port Gate,14.2,60,32,25.0,800.0,6,42,Moderate Delay
TRIP-12528,2024-03-11,15:30:30,BUS-105,Westside Mall ⇄ Harbor Port,Bus,BUS-KA02-W304,Westside Mall Circle,South Harbor Port Gate,14.2,60,32,25.0,800.0,0,38,On-Time
TRIP-12529,2024-03-11,20:50:15,BUS-105,Westside Mall ⇄ Harbor Port,Bus,BUS-KA02-W307,Westside Mall Circle,South Harbor Port Gate,14.2,60,38,25.0,950.0,0,38,On-Time
TRIP-12530,2024-03-11,22:15:45,BUS-105,Westside Mall ⇄ Harbor Port,Bus,BUS-KA02-W303,Westside Mall Circle,South Harbor Port Gate,14.2,60,17,25.0,425.0,10,45,Moderate Delay
TRIP-12531,2024-03-11,06:40:45,BUS-110,University Campus ⇄ City Center,Bus,BUS-KA02-U409,State University North Gate,City Commercial Center,11.0,60,17,20.0,340.0,6,35,Moderate Delay
TRIP-12532,2024-03-11,09:15:45,BUS-110,University Campus ⇄ City Center,Bus,BUS-KA02-U402,State University North Gate,City Commercial Center,11.0,60,64,20.0,1280.0,23,45,Major Delay
TRIP-12533,2024-03-11,11:40:30,BUS-110,University Campus ⇄ City Center,Bus,BUS-KA02-U406,State University North Gate,City Commercial Center,11.0,60,44,20.0,880.0,0,32,On-Time
TRIP-12534,2024-03-11,13:45:30,BUS-110,University Campus ⇄ City Center,Bus,BUS-KA02-U405,State University North Gate,City Commercial Center,11.0,60,39,20.0,780.0,0,32,On-Time
TRIP-12535,2024-03-11,18:40:30,BUS-110,University Campus ⇄ City Center,Bus,BUS-KA02-U404,State University North Gate,City Commercial Center,11.0,60,64,20.0,1280.0,0,32,On-Time
TRIP-12536,2024-03-11,08:10:45,METRO-BLU,Metro Blue Line: North Ridge ⇄ Tech Valley,Metro,METRO-B-10,North Ridge Terminal,Tech Valley Central,24.5,320,345,45.0,15525.0,0,35,On-Time
TRIP-12537,2024-03-11,10:20:30,METRO-BLU,Metro Blue Line: North Ridge ⇄ Tech Valley,Metro,METRO-B-05,North Ridge Terminal,Tech Valley Central,24.5,320,273,45.0,12285.0,4,37,Moderate Delay
TRIP-12538,2024-03-11,14:45:30,METRO-BLU,Metro Blue Line: North Ridge ⇄ Tech Valley,Metro,METRO-B-09,North Ridge Terminal,Tech Valley Central,24.5,320,154,45.0,6930.0,0,35,On-Time
TRIP-12539,2024-03-11,15:15:15,METRO-BLU,Metro Blue Line: North Ridge ⇄ Tech Valley,Metro,METRO-B-03,North Ridge Terminal,Tech Valley Central,24.5,320,192,45.0,8640.0,0,35,On-Time
TRIP-12540,2024-03-11,18:50:15,METRO-BLU,Metro Blue Line: North Ridge ⇄ Tech Valley,Metro,METRO-B-09,North Ridge Terminal,Tech Valley Central,24.5,320,345,45.0,15525.0,0,35,On-Time
TRIP-12541,2024-03-11,06:50:15,METRO-RED,Metro Red Line: East Suburb ⇄ Financial District,Metro,METRO-R-08,East Suburb Terminal,Financial District Hub,21.0,320,69,40.0,2760.0,8,36,Moderate Delay
TRIP-12542,2024-03-11,07:40:30,METRO-RED,Metro Red Line: East Suburb ⇄ Financial District,Metro,METRO-R-07,East Suburb Terminal,Financial District Hub,21.0,320,194,40.0,7760.0,0,30,On-Time
TRIP-12543,2024-03-11,08:40:30,METRO-RED,Metro Red Line: East Suburb ⇄ Financial District,Metro,METRO-R-03,East Suburb Terminal,Financial District Hub,21.0,320,344,40.0,13760.0,0,30,On-Time
TRIP-12544,2024-03-11,09:00:15,METRO-RED,Metro Red Line: East Suburb ⇄ Financial District,Metro,METRO-R-07,East Suburb Terminal,Financial District Hub,21.0,320,308,40.0,12320.0,7,35,Moderate Delay
TRIP-12545,2024-03-11,14:10:15,METRO-RED,Metro Red Line: East Suburb ⇄ Financial District,Metro,METRO-R-03,East Suburb Terminal,Financial District Hub,21.0,320,209,40.0,8360.0,1,30,On-Time
TRIP-12546,2024-03-11,21:40:00,METRO-RED,Metro Red Line: East Suburb ⇄ Financial District,Metro,METRO-R-07,East Suburb Terminal,Financial District Hub,21.0,320,133,40.0,5320.0,8,35,Moderate Delay
TRIP-12547,2024-03-11,09:40:30,RAIL-CST,Suburban Rail: Coast Line ⇄ Old City Junction,Suburban Rail,RAIL-EMU-505,Coastal Harbor Junction,Old City Main Junction,38.0,750,810,25.0,20250.0,0,55,On-Time
TRIP-12548,2024-03-11,18:45:00,RAIL-CST,Suburban Rail: Coast Line ⇄ Old City Junction,Suburban Rail,RAIL-EMU-503,Coastal Harbor Junction,Old City Main Junction,38.0,750,810,25.0,20250.0,0,55,On-Time
TRIP-12549,2024-03-11,22:40:30,RAIL-CST,Suburban Rail: Coast Line ⇄ Old City Junction,Suburban Rail,RAIL-EMU-502,Coastal Harbor Junction,Old City Main Junction,38.0,750,197,25.0,4925.0,0,55,On-Time
TRIP-12550,2024-03-11,08:40:00,RAIL-EXT,Suburban Rail: Industrial Corridor ⇄ South Terminal,Suburban Rail,RAIL-EMU-604,Northern Industrial Zone,South Terminal Intermodal,42.5,750,810,30.0,24300.0,8,69,Moderate Delay
TRIP-12551,2024-03-11,13:15:15,RAIL-EXT,Suburban Rail: Industrial Corridor ⇄ South Terminal,Suburban Rail,RAIL-EMU-602,Northern Industrial Zone,South Terminal Intermodal,42.5,750,343,30.0,10290.0,5,68,Moderate Delay
TRIP-12552,2024-03-11,07:00:30,BRTS-01,BRTS Ring Corridor: Outer Express,BRTS,BRTS-OR-07,East Ring Hub,West Ring Hub,18.0,85,39,35.0,1365.0,0,32,On-Time
TRIP-12553,2024-03-11,12:00:00,BRTS-01,BRTS Ring Corridor: Outer Express,BRTS,BRTS-OR-06,East Ring Hub,West Ring Hub,18.0,85,52,35.0,1820.0,0,32,On-Time
TRIP-12554,2024-03-11,16:15:30,BRTS-01,BRTS Ring Corridor: Outer Express,BRTS,BRTS-OR-02,East Ring Hub,West Ring Hub,18.0,85,66,35.0,2310.0,0,32,On-Time
TRIP-12555,2024-03-11,19:50:45,BRTS-01,BRTS Ring Corridor: Outer Express,BRTS,BRTS-OR-01,East Ring Hub,West Ring Hub,18.0,85,91,35.0,3185.0,20,43,Major Delay
TRIP-12556,2024-03-12,06:20:30,BUS-101,Central Station ⇄ IT Tech Park,Bus,BUS-KA01-E105,Central Railway Station,Cyber City Tech Park,16.5,60,18,30.0,540.0,9,51,Moderate Delay
TRIP-12557,2024-03-12,08:45:45,BUS-101,Central Station ⇄ IT Tech Park,Bus,BUS-KA01-E103,Central Railway Station,Cyber City Tech Park,16.5,60,61,30.0,1830.0,25,64,Major Delay
TRIP-12558,2024-03-12,12:20:15,BUS-101,Central Station ⇄ IT Tech Park,Bus,BUS-KA01-E104,Central Railway Station,Cyber City Tech Park,16.5,60,30,30.0,900.0,0,45,On-Time
TRIP-12559,2024-03-12,16:00:15,BUS-101,Central Station ⇄ IT Tech Park,Bus,BUS-KA01-E102,Central Railway Station,Cyber City Tech Park,16.5,60,39,30.0,1170.0,0,45,On-Time
TRIP-12560,2024-03-12,06:00:15,BUS-102,Airport Express ⇄ Downtown Terminal,Bus,BUS-KA01-A202,International Airport Terminal 2,Downtown Central Terminal,28.0,50,11,90.0,990.0,0,60,On-Time
TRIP-12561,2024-03-12,09:45:45,BUS-102,Airport Express ⇄ Downtown Terminal,Bus,BUS-KA01-A207,International Airport Terminal 2,Downtown Central Terminal,28.0,50,54,90.0,4860.0,0,60,On-Time
TRIP-12562,2024-03-12,12:15:45,BUS-102,Airport Express ⇄ Downtown Terminal,Bus,BUS-KA01-A204,International Airport Terminal 2,Downtown Central Terminal,28.0,50,31,90.0,2790.0,0,60,On-Time
TRIP-12563,2024-03-12,07:20:00,BUS-105,Westside Mall ⇄ Harbor Port,Bus,BUS-KA02-W309,Westside Mall Circle,South Harbor Port Gate,14.2,60,26,25.0,650.0,0,38,On-Time
TRIP-12564,2024-03-12,10:30:45,BUS-105,Westside Mall ⇄ Harbor Port,Bus,BUS-KA02-W303,Westside Mall Circle,South Harbor Port Gate,14.2,60,48,25.0,1200.0,21,54,Major Delay
TRIP-12565,2024-03-12,11:00:15,BUS-105,Westside Mall ⇄ Harbor Port,Bus,BUS-KA02-W301,Westside Mall Circle,South Harbor Port Gate,14.2,60,38,25.0,950.0,0,38,On-Time
TRIP-12566,2024-03-12,16:10:45,BUS-105,Westside Mall ⇄ Harbor Port,Bus,BUS-KA02-W303,Westside Mall Circle,South Harbor Port Gate,14.2,60,53,25.0,1325.0,0,38,On-Time
TRIP-12567,2024-03-12,21:30:00,BUS-105,Westside Mall ⇄ Harbor Port,Bus,BUS-KA02-W305,Westside Mall Circle,South Harbor Port Gate,14.2,60,33,25.0,825.0,7,44,Moderate Delay
TRIP-12568,2024-03-12,09:50:30,BUS-110,University Campus ⇄ City Center,Bus,BUS-KA02-U401,State University North Gate,City Commercial Center,11.0,60,64,20.0,1280.0,15,45,Moderate Delay
TRIP-12569,2024-03-12,13:45:30,BUS-110,University Campus ⇄ City Center,Bus,BUS-KA02-U408,State University North Gate,City Commercial Center,11.0,60,35,20.0,700.0,8,36,Moderate Delay
TRIP-12570,2024-03-12,16:15:30,BUS-110,University Campus ⇄ City Center,Bus,BUS-KA02-U406,State University North Gate,City Commercial Center,11.0,60,49,20.0,980.0,0,32,On-Time
TRIP-12571,2024-03-12,19:00:30,BUS-110,University Campus ⇄ City Center,Bus,BUS-KA02-U405,State University North Gate,City Commercial Center,11.0,60,60,20.0,1200.0,0,32,On-Time
TRIP-12572,2024-03-12,20:15:15,BUS-110,University Campus ⇄ City Center,Bus,BUS-KA02-U402,State University North Gate,City Commercial Center,11.0,60,46,20.0,920.0,0,32,On-Time
TRIP-12573,2024-03-12,07:00:00,METRO-BLU,Metro Blue Line: North Ridge ⇄ Tech Valley,Metro,METRO-B-06,North Ridge Terminal,Tech Valley Central,24.5,320,170,45.0,7650.0,0,35,On-Time
TRIP-12574,2024-03-12,09:45:00,METRO-BLU,Metro Blue Line: North Ridge ⇄ Tech Valley,Metro,METRO-B-08,North Ridge Terminal,Tech Valley Central,24.5,320,345,45.0,15525.0,0,35,On-Time
TRIP-12575,2024-03-12,10:00:45,METRO-BLU,Metro Blue Line: North Ridge ⇄ Tech Valley,Metro,METRO-B-06,North Ridge Terminal,Tech Valley Central,24.5,320,274,45.0,12330.0,4,37,Moderate Delay
TRIP-12576,2024-03-12,20:10:30,METRO-BLU,Metro Blue Line: North Ridge ⇄ Tech Valley,Metro,METRO-B-02,North Ridge Terminal,Tech Valley Central,24.5,320,271,45.0,12195.0,6,39,Moderate Delay
TRIP-12577,2024-03-12,08:45:30,METRO-RED,Metro Red Line: East Suburb ⇄ Financial District,Metro,METRO-R-01,East Suburb Terminal,Financial District Hub,21.0,320,313,40.0,12520.0,0,30,On-Time
TRIP-12578,2024-03-12,09:40:30,METRO-RED,Metro Red Line: East Suburb ⇄ Financial District,Metro,METRO-R-06,East Suburb Terminal,Financial District Hub,21.0,320,330,40.0,13200.0,3,31,On-Time
TRIP-12579,2024-03-12,11:30:45,METRO-RED,Metro Red Line: East Suburb ⇄ Financial District,Metro,METRO-R-01,East Suburb Terminal,Financial District Hub,21.0,320,232,40.0,9280.0,4,33,Moderate Delay
TRIP-12580,2024-03-12,13:20:15,METRO-RED,Metro Red Line: East Suburb ⇄ Financial District,Metro,METRO-R-01,East Suburb Terminal,Financial District Hub,21.0,320,214,40.0,8560.0,0,30,On-Time
TRIP-12581,2024-03-12,20:30:45,METRO-RED,Metro Red Line: East Suburb ⇄ Financial District,Metro,METRO-R-05,East Suburb Terminal,Financial District Hub,21.0,320,252,40.0,10080.0,0,30,On-Time
TRIP-12582,2024-03-12,06:40:45,RAIL-CST,Suburban Rail: Coast Line ⇄ Old City Junction,Suburban Rail,RAIL-EMU-507,Coastal Harbor Junction,Old City Main Junction,38.0,750,217,25.0,5425.0,0,55,On-Time
TRIP-12583,2024-03-12,11:40:15,RAIL-CST,Suburban Rail: Coast Line ⇄ Old City Junction,Suburban Rail,RAIL-EMU-506,Coastal Harbor Junction,Old City Main Junction,38.0,750,533,25.0,13325.0,0,55,On-Time
TRIP-12584,2024-03-12,22:15:45,RAIL-CST,Suburban Rail: Coast Line ⇄ Old City Junction,Suburban Rail,RAIL-EMU-505,Coastal Harbor Junction,Old City Main Junction,38.0,750,218,25.0,5450.0,0,55,On-Time
TRIP-12585,2024-03-12,09:15:45,RAIL-EXT,Suburban Rail: Industrial Corridor ⇄ South Terminal,Suburban Rail,RAIL-EMU-603,Northern Industrial Zone,South Terminal Intermodal,42.5,750,810,30.0,24300.0,8,69,Moderate Delay
TRIP-12586,2024-03-12,10:15:00,RAIL-EXT,Suburban Rail: Industrial Corridor ⇄ South Terminal,Suburban Rail,RAIL-EMU-601,Northern Industrial Zone,South Terminal Intermodal,42.5,750,680,30.0,20400.0,0,65,On-Time
TRIP-12587,2024-03-12,16:15:15,RAIL-EXT,Suburban Rail: Industrial Corridor ⇄ South Terminal,Suburban Rail,RAIL-EMU-602,Northern Industrial Zone,South Terminal Intermodal,42.5,750,501,30.0,15030.0,0,65,On-Time
TRIP-12588,2024-03-12,19:15:30,RAIL-EXT,Suburban Rail: Industrial Corridor ⇄ South Terminal,Suburban Rail,RAIL-EMU-602,Northern Industrial Zone,South Terminal Intermodal,42.5,750,666,30.0,19980.0,16,74,Major Delay
TRIP-12589,2024-03-12,16:45:15,BRTS-01,BRTS Ring Corridor: Outer Express,BRTS,BRTS-OR-03,East Ring Hub,West Ring Hub,18.0,85,68,35.0,2380.0,0,32,On-Time
TRIP-12590,2024-03-12,17:45:15,BRTS-01,BRTS Ring Corridor: Outer Express,BRTS,BRTS-OR-03,East Ring Hub,West Ring Hub,18.0,85,91,35.0,3185.0,0,32,On-Time
TRIP-12591,2024-03-12,18:00:45,BRTS-01,BRTS Ring Corridor: Outer Express,BRTS,BRTS-OR-01,East Ring Hub,West Ring Hub,18.0,85,91,35.0,3185.0,20,46,Major Delay
TRIP-12592,2024-03-12,21:40:00,BRTS-01,BRTS Ring Corridor: Outer Express,BRTS,BRTS-OR-01,East Ring Hub,West Ring Hub,18.0,85,36,35.0,1260.0,0,32,On-Time
TRIP-12593,2024-03-12,22:00:30,BRTS-01,BRTS Ring Corridor: Outer Express,BRTS,BRTS-OR-03,East Ring Hub,West Ring Hub,18.0,85,26,35.0,910.0,0,32,On-Time
TRIP-12594,2024-03-13,08:15:00,BUS-101,Central Station ⇄ IT Tech Park,Bus,BUS-KA01-E105,Central Railway Station,Cyber City Tech Park,16.5,60,64,30.0,1920.0,8,50,Moderate Delay
TRIP-12595,2024-03-13,11:10:30,BUS-101,Central Station ⇄ IT Tech Park,Bus,BUS-KA01-E109,Central Railway Station,Cyber City Tech Park,16.5,60,38,30.0,1140.0,0,45,On-Time
TRIP-12596,2024-03-13,19:50:45,BUS-101,Central Station ⇄ IT Tech Park,Bus,BUS-KA01-E105,Central Railway Station,Cyber City Tech Park,16.5,60,57,30.0,1710.0,11,52,Moderate Delay
TRIP-12597,2024-03-13,07:15:00,BUS-102,Airport Express ⇄ Downtown Terminal,Bus,BUS-KA01-A209,International Airport Terminal 2,Downtown Central Terminal,28.0,50,21,90.0,1890.0,0,60,On-Time
TRIP-12598,2024-03-13,10:50:45,BUS-102,Airport Express ⇄ Downtown Terminal,Bus,BUS-KA01-A207,International Airport Terminal 2,Downtown Central Terminal,28.0,50,49,90.0,4410.0,24,76,Major Delay
TRIP-12599,2024-03-13,18:45:30,BUS-102,Airport Express ⇄ Downtown Terminal,Bus,BUS-KA01-A202,International Airport Terminal 2,Downtown Central Terminal,28.0,50,54,90.0,4860.0,23,78,Major Delay
TRIP-12600,2024-03-13,20:45:15,BUS-102,Airport Express ⇄ Downtown Terminal,Bus,BUS-KA01-A203,International Airport Terminal 2,Downtown Central Terminal,28.0,50,34,90.0,3060.0,0,60,On-Time
TRIP-12601,2024-03-13,21:45:15,BUS-102,Airport Express ⇄ Downtown Terminal,Bus,BUS-KA01-A202,International Airport Terminal 2,Downtown Central Terminal,28.0,50,21,90.0,1890.0,1,60,On-Time
TRIP-12602,2024-03-13,11:30:15,BUS-105,Westside Mall ⇄ Harbor Port,Bus,BUS-KA02-W302,Westside Mall Circle,South Harbor Port Gate,14.2,60,42,25.0,1050.0,8,45,Moderate Delay
TRIP-12603,2024-03-13,15:10:45,BUS-105,Westside Mall ⇄ Harbor Port,Bus,BUS-KA02-W307,Westside Mall Circle,South Harbor Port Gate,14.2,60,46,25.0,1150.0,0,38,On-Time
TRIP-12604,2024-03-13,22:30:00,BUS-105,Westside Mall ⇄ Harbor Port,Bus,BUS-KA02-W309,Westside Mall Circle,South Harbor Port Gate,14.2,60,19,25.0,475.0,0,38,On-Time
TRIP-12605,2024-03-13,07:45:45,BUS-110,University Campus ⇄ City Center,Bus,BUS-KA02-U401,State University North Gate,City Commercial Center,11.0,60,30,20.0,600.0,0,32,On-Time
TRIP-12606,2024-03-13,13:00:00,BUS-110,University Campus ⇄ City Center,Bus,BUS-KA02-U404,State University North Gate,City Commercial Center,11.0,60,31,20.0,620.0,3,34,On-Time
TRIP-12607,2024-03-13,20:45:15,BUS-110,University Campus ⇄ City Center,Bus,BUS-KA02-U403,State University North Gate,City Commercial Center,11.0,60,54,20.0,1080.0,1,32,On-Time
TRIP-12608,2024-03-13,06:40:15,METRO-BLU,Metro Blue Line: North Ridge ⇄ Tech Valley,Metro,METRO-B-10,North Ridge Terminal,Tech Valley Central,24.5,320,98,45.0,4410.0,0,35,On-Time
TRIP-12609,2024-03-13,13:00:00,METRO-BLU,Metro Blue Line: North Ridge ⇄ Tech Valley,Metro,METRO-B-08,North Ridge Terminal,Tech Valley Central,24.5,320,176,45.0,7920.0,0,35,On-Time
TRIP-12610,2024-03-13,14:45:15,METRO-BLU,Metro Blue Line: North Ridge ⇄ Tech Valley,Metro,METRO-B-04,North Ridge Terminal,Tech Valley Central,24.5,320,219,45.0,9855.0,9,43,Moderate Delay
TRIP-12611,2024-03-13,17:45:15,METRO-BLU,Metro Blue Line: North Ridge ⇄ Tech Valley,Metro,METRO-B-02,North Ridge Terminal,Tech Valley Central,24.5,320,318,45.0,14310.0,2,36,On-Time
TRIP-12612,2024-03-13,22:45:15,METRO-BLU,Metro Blue Line: North Ridge ⇄ Tech Valley,Metro,METRO-B-02,North Ridge Terminal,Tech Valley Central,24.5,320,92,45.0,4140.0,7,40,Moderate Delay
TRIP-12613,2024-03-13,08:15:15,METRO-RED,Metro Red Line: East Suburb ⇄ Financial District,Metro,METRO-R-09,East Suburb Terminal,Financial District Hub,21.0,320,345,40.0,13800.0,0,30,On-Time
TRIP-12614,2024-03-13,12:20:30,METRO-RED,Metro Red Line: East Suburb ⇄ Financial District,Metro,METRO-R-02,East Suburb Terminal,Financial District Hub,21.0,320,222,40.0,8880.0,0,30,On-Time
TRIP-12615,2024-03-13,16:50:30,METRO-RED,Metro Red Line: East Suburb ⇄ Financial District,Metro,METRO-R-01,East Suburb Terminal,Financial District Hub,21.0,320,285,40.0,11400.0,0,30,On-Time
TRIP-12616,2024-03-13,22:45:45,METRO-RED,Metro Red Line: East Suburb ⇄ Financial District,Metro,METRO-R-06,East Suburb Terminal,Financial District Hub,21.0,320,95,40.0,3800.0,1,30,On-Time
TRIP-12617,2024-03-13,06:10:30,RAIL-CST,Suburban Rail: Coast Line ⇄ Old City Junction,Suburban Rail,RAIL-EMU-504,Coastal Harbor Junction,Old City Main Junction,38.0,750,176,25.0,4400.0,3,57,On-Time
TRIP-12618,2024-03-13,11:45:00,RAIL-CST,Suburban Rail: Coast Line ⇄ Old City Junction,Suburban Rail,RAIL-EMU-505,Coastal Harbor Junction,Old City Main Junction,38.0,750,470,25.0,11750.0,0,55,On-Time
TRIP-12619,2024-03-13,14:45:15,RAIL-CST,Suburban Rail: Coast Line ⇄ Old City Junction,Suburban Rail,RAIL-EMU-502,Coastal Harbor Junction,Old City Main Junction,38.0,750,457,25.0,11425.0,0,55,On-Time
TRIP-12620,2024-03-13,16:00:15,RAIL-CST,Suburban Rail: Coast Line ⇄ Old City Junction,Suburban Rail,RAIL-EMU-507,Coastal Harbor Junction,Old City Main Junction,38.0,750,668,25.0,16700.0,0,55,On-Time
TRIP-12621,2024-03-13,11:40:00,RAIL-EXT,Suburban Rail: Industrial Corridor ⇄ South Terminal,Suburban Rail,RAIL-EMU-605,Northern Industrial Zone,South Terminal Intermodal,42.5,750,408,30.0,12240.0,0,65,On-Time
TRIP-12622,2024-03-13,15:15:30,RAIL-EXT,Suburban Rail: Industrial Corridor ⇄ South Terminal,Suburban Rail,RAIL-EMU-606,Northern Industrial Zone,South Terminal Intermodal,42.5,750,471,30.0,14130.0,0,65,On-Time
TRIP-12623,2024-03-13,18:00:45,RAIL-EXT,Suburban Rail: Industrial Corridor ⇄ South Terminal,Suburban Rail,RAIL-EMU-605,Northern Industrial Zone,South Terminal Intermodal,42.5,750,810,30.0,24300.0,0,65,On-Time
TRIP-12624,2024-03-13,14:50:15,BRTS-01,BRTS Ring Corridor: Outer Express,BRTS,BRTS-OR-05,East Ring Hub,West Ring Hub,18.0,85,56,35.0,1960.0,0,32,On-Time
TRIP-12625,2024-03-13,16:10:45,BRTS-01,BRTS Ring Corridor: Outer Express,BRTS,BRTS-OR-01,East Ring Hub,West Ring Hub,18.0,85,72,35.0,2520.0,0,32,On-Time
TRIP-12626,2024-03-13,20:50:30,BRTS-01,BRTS Ring Corridor: Outer Express,BRTS,BRTS-OR-05,East Ring Hub,West Ring Hub,18.0,85,71,35.0,2485.0,0,32,On-Time
TRIP-12627,2024-03-14,08:30:00,BUS-101,Central Station ⇄ IT Tech Park,Bus,BUS-KA01-E111,Central Railway Station,Cyber City Tech Park,16.5,60,62,30.0,1860.0,33,68,Major Delay
TRIP-12628,2024-03-14,09:40:15,BUS-101,Central Station ⇄ IT Tech Park,Bus,BUS-KA01-E102,Central Railway Station,Cyber City Tech Park,16.5,60,64,30.0,1920.0,0,45,On-Time
TRIP-12629,2024-03-14,14:45:30,BUS-101,Central Station ⇄ IT Tech Park,Bus,BUS-KA01-E106,Central Railway Station,Cyber City Tech Park,16.5,60,39,30.0,1170.0,0,45,On-Time
TRIP-12630,2024-03-14,22:00:15,BUS-101,Central Station ⇄ IT Tech Park,Bus,BUS-KA01-E101,Central Railway Station,Cyber City Tech Park,16.5,60,19,30.0,570.0,0,45,On-Time
TRIP-12631,2024-03-14,06:15:45,BUS-102,Airport Express ⇄ Downtown Terminal,Bus,BUS-KA01-A205,International Airport Terminal 2,Downtown Central Terminal,28.0,50,11,90.0,990.0,0,60,On-Time
TRIP-12632,2024-03-14,09:00:00,BUS-102,Airport Express ⇄ Downtown Terminal,Bus,BUS-KA01-A202,International Airport Terminal 2,Downtown Central Terminal,28.0,50,54,90.0,4860.0,20,72,Major Delay
TRIP-12633,2024-03-14,11:20:00,BUS-102,Airport Express ⇄ Downtown Terminal,Bus,BUS-KA01-A201,International Airport Terminal 2,Downtown Central Terminal,28.0,50,32,90.0,2880.0,0,60,On-Time
TRIP-12634,2024-03-14,19:40:45,BUS-102,Airport Express ⇄ Downtown Terminal,Bus,BUS-KA01-A208,International Airport Terminal 2,Downtown Central Terminal,28.0,50,48,90.0,4320.0,0,60,On-Time
TRIP-12635,2024-03-14,09:20:00,BUS-105,Westside Mall ⇄ Harbor Port,Bus,BUS-KA02-W301,Westside Mall Circle,South Harbor Port Gate,14.2,60,61,25.0,1525.0,0,38,On-Time
TRIP-12636,2024-03-14,12:00:00,BUS-105,Westside Mall ⇄ Harbor Port,Bus,BUS-KA02-W307,Westside Mall Circle,South Harbor Port Gate,14.2,60,31,25.0,775.0,0,38,On-Time
TRIP-12637,2024-03-14,17:10:30,BUS-105,Westside Mall ⇄ Harbor Port,Bus,BUS-KA02-W302,Westside Mall Circle,South Harbor Port Gate,14.2,60,64,25.0,1600.0,26,55,Major Delay
TRIP-12638,2024-03-14,19:30:15,BUS-105,Westside Mall ⇄ Harbor Port,Bus,BUS-KA02-W305,Westside Mall Circle,South Harbor Port Gate,14.2,60,64,25.0,1600.0,0,38,On-Time
TRIP-12639,2024-03-14,07:50:00,BUS-110,University Campus ⇄ City Center,Bus,BUS-KA02-U401,State University North Gate,City Commercial Center,11.0,60,33,20.0,660.0,0,32,On-Time
TRIP-12640,2024-03-14,14:00:00,BUS-110,University Campus ⇄ City Center,Bus,BUS-KA02-U402,State University North Gate,City Commercial Center,11.0,60,37,20.0,740.0,6,37,Moderate Delay
TRIP-12641,2024-03-14,18:00:15,BUS-110,University Campus ⇄ City Center,Bus,BUS-KA02-U401,State University North Gate,City Commercial Center,11.0,60,64,20.0,1280.0,20,43,Major Delay
TRIP-12642,2024-03-14,20:45:45,BUS-110,University Campus ⇄ City Center,Bus,BUS-KA02-U407,State University North Gate,City Commercial Center,11.0,60,42,20.0,840.0,0,32,On-Time
TRIP-12643,2024-03-14,06:15:00,METRO-BLU,Metro Blue Line: North Ridge ⇄ Tech Valley,Metro,METRO-B-08,North Ridge Terminal,Tech Valley Central,24.5,320,78,45.0,3510.0,0,35,On-Time
TRIP-12644,2024-03-14,08:15:30,METRO-BLU,Metro Blue Line: North Ridge ⇄ Tech Valley,Metro,METRO-B-03,North Ridge Terminal,Tech Valley Central,24.5,320,345,45.0,15525.0,0,35,On-Time
TRIP-12645,2024-03-14,11:10:00,METRO-BLU,Metro Blue Line: North Ridge ⇄ Tech Valley,Metro,METRO-B-01,North Ridge Terminal,Tech Valley Central,24.5,320,190,45.0,8550.0,5,38,Moderate Delay
TRIP-12646,2024-03-14,12:30:45,METRO-BLU,Metro Blue Line: North Ridge ⇄ Tech Valley,Metro,METRO-B-05,North Ridge Terminal,Tech Valley Central,24.5,320,177,45.0,7965.0,0,35,On-Time
TRIP-12647,2024-03-14,15:40:30,METRO-BLU,Metro Blue Line: North Ridge ⇄ Tech Valley,Metro,METRO-B-02,North Ridge Terminal,Tech Valley Central,24.5,320,224,45.0,10080.0,0,35,On-Time
TRIP-12648,2024-03-14,06:10:15,METRO-RED,Metro Red Line: East Suburb ⇄ Financial District,Metro,METRO-R-03,East Suburb Terminal,Financial District Hub,21.0,320,76,40.0,3040.0,0,30,On-Time
TRIP-12649,2024-03-14,13:00:00,METRO-RED,Metro Red Line: East Suburb ⇄ Financial District,Metro,METRO-R-02,East Suburb Terminal,Financial District Hub,21.0,320,197,40.0,7880.0,0,30,On-Time
TRIP-12650,2024-03-14,16:10:45,METRO-RED,Metro Red Line: East Suburb ⇄ Financial District,Metro,METRO-R-08,East Suburb Terminal,Financial District Hub,21.0,320,236,40.0,9440.0,0,30,On-Time
TRIP-12651,2024-03-14,22:50:15,METRO-RED,Metro Red Line: East Suburb ⇄ Financial District,Metro,METRO-R-04,East Suburb Terminal,Financial District Hub,21.0,320,93,40.0,3720.0,0,30,On-Time
TRIP-12652,2024-03-14,16:40:30,RAIL-CST,Suburban Rail: Coast Line ⇄ Old City Junction,Suburban Rail,RAIL-EMU-506,Coastal Harbor Junction,Old City Main Junction,38.0,750,537,25.0,13425.0,0,55,On-Time
TRIP-12653,2024-03-14,17:40:15,RAIL-CST,Suburban Rail: Coast Line ⇄ Old City Junction,Suburban Rail,RAIL-EMU-505,Coastal Harbor Junction,Old City Main Junction,38.0,750,810,25.0,20250.0,15,63,Moderate Delay
TRIP-12654,2024-03-14,21:40:45,RAIL-CST,Suburban Rail: Coast Line ⇄ Old City Junction,Suburban Rail,RAIL-EMU-501,Coastal Harbor Junction,Old City Main Junction,38.0,750,346,25.0,8650.0,2,56,On-Time
TRIP-12655,2024-03-14,22:00:30,RAIL-CST,Suburban Rail: Coast Line ⇄ Old City Junction,Suburban Rail,RAIL-EMU-503,Coastal Harbor Junction,Old City Main Junction,38.0,750,207,25.0,5175.0,8,60,Moderate Delay
TRIP-12656,2024-03-14,13:20:30,RAIL-EXT,Suburban Rail: Industrial Corridor ⇄ South Terminal,Suburban Rail,RAIL-EMU-606,Northern Industrial Zone,South Terminal Intermodal,42.5,750,467,30.0,14010.0,0,65,On-Time
TRIP-12657,2024-03-14,16:30:00,RAIL-EXT,Suburban Rail: Industrial Corridor ⇄ South Terminal,Suburban Rail,RAIL-EMU-605,Northern Industrial Zone,South Terminal Intermodal,42.5,750,701,30.0,21030.0,0,65,On-Time
TRIP-12658,2024-03-14,17:30:45,RAIL-EXT,Suburban Rail: Industrial Corridor ⇄ South Terminal,Suburban Rail,RAIL-EMU-603,Northern Industrial Zone,South Terminal Intermodal,42.5,750,742,30.0,22260.0,22,77,Major Delay
TRIP-12659,2024-03-14,06:20:00,BRTS-01,BRTS Ring Corridor: Outer Express,BRTS,BRTS-OR-02,East Ring Hub,West Ring Hub,18.0,85,22,35.0,770.0,0,32,On-Time
TRIP-12660,2024-03-14,09:20:15,BRTS-01,BRTS Ring Corridor: Outer Express,BRTS,BRTS-OR-03,East Ring Hub,West Ring Hub,18.0,85,91,35.0,3185.0,0,32,On-Time
TRIP-12661,2024-03-14,21:45:00,BRTS-01,BRTS Ring Corridor: Outer Express,BRTS,BRTS-OR-02,East Ring Hub,West Ring Hub,18.0,85,41,35.0,1435.0,0,32,On-Time
TRIP-12662,2024-03-15,11:20:00,BUS-101,Central Station ⇄ IT Tech Park,Bus,BUS-KA01-E111,Central Railway Station,Cyber City Tech Park,16.5,60,34,30.0,1020.0,0,45,On-Time
TRIP-12663,2024-03-15,13:10:30,BUS-101,Central Station ⇄ IT Tech Park,Bus,BUS-KA01-E106,Central Railway Station,Cyber City Tech Park,16.5,60,29,30.0,870.0,0,45,On-Time
TRIP-12664,2024-03-15,14:20:30,BUS-101,Central Station ⇄ IT Tech Park,Bus,BUS-KA01-E109,Central Railway Station,Cyber City Tech Park,16.5,60,39,30.0,1170.0,0,45,On-Time
TRIP-12665,2024-03-15,21:00:00,BUS-101,Central Station ⇄ IT Tech Park,Bus,BUS-KA01-E111,Central Railway Station,Cyber City Tech Park,16.5,60,29,30.0,870.0,0,45,On-Time
TRIP-12666,2024-03-15,10:45:45,BUS-102,Airport Express ⇄ Downtown Terminal,Bus,BUS-KA01-A207,International Airport Terminal 2,Downtown Central Terminal,28.0,50,39,90.0,3510.0,28,84,Major Delay
TRIP-12667,2024-03-15,12:10:30,BUS-102,Airport Express ⇄ Downtown Terminal,Bus,BUS-KA01-A205,International Airport Terminal 2,Downtown Central Terminal,28.0,50,26,90.0,2340.0,0,60,On-Time
TRIP-12668,2024-03-15,15:45:45,BUS-102,Airport Express ⇄ Downtown Terminal,Bus,BUS-KA01-A201,International Airport Terminal 2,Downtown Central Terminal,28.0,50,30,90.0,2700.0,0,60,On-Time
TRIP-12669,2024-03-15,19:00:00,BUS-102,Airport Express ⇄ Downtown Terminal,Bus,BUS-KA01-A204,International Airport Terminal 2,Downtown Central Terminal,28.0,50,43,90.0,3870.0,0,60,On-Time
TRIP-12670,2024-03-15,06:40:15,BUS-105,Westside Mall ⇄ Harbor Port,Bus,BUS-KA02-W309,Westside Mall Circle,South Harbor Port Gate,14.2,60,13,25.0,325.0,10,44,Moderate Delay
TRIP-12671,2024-03-15,13:30:30,BUS-105,Westside Mall ⇄ Harbor Port,Bus,BUS-KA02-W309,Westside Mall Circle,South Harbor Port Gate,14.2,60,29,25.0,725.0,0,38,On-Time
TRIP-12672,2024-03-15,16:30:45,BUS-105,Westside Mall ⇄ Harbor Port,Bus,BUS-KA02-W306,Westside Mall Circle,South Harbor Port Gate,14.2,60,51,25.0,1275.0,0,38,On-Time
TRIP-12673,2024-03-15,17:50:30,BUS-105,Westside Mall ⇄ Harbor Port,Bus,BUS-KA02-W303,Westside Mall Circle,South Harbor Port Gate,14.2,60,64,25.0,1600.0,0,38,On-Time
TRIP-12674,2024-03-15,19:10:00,BUS-105,Westside Mall ⇄ Harbor Port,Bus,BUS-KA02-W302,Westside Mall Circle,South Harbor Port Gate,14.2,60,54,25.0,1350.0,33,64,Major Delay
TRIP-12675,2024-03-15,12:50:00,BUS-110,University Campus ⇄ City Center,Bus,BUS-KA02-U409,State University North Gate,City Commercial Center,11.0,60,35,20.0,700.0,0,32,On-Time
TRIP-12676,2024-03-15,15:30:30,BUS-110,University Campus ⇄ City Center,Bus,BUS-KA02-U404,State University North Gate,City Commercial Center,11.0,60,47,20.0,940.0,0,32,On-Time
TRIP-12677,2024-03-15,16:45:45,BUS-110,University Campus ⇄ City Center,Bus,BUS-KA02-U402,State University North Gate,City Commercial Center,11.0,60,54,20.0,1080.0,7,38,Moderate Delay
TRIP-12678,2024-03-15,06:20:30,METRO-BLU,Metro Blue Line: North Ridge ⇄ Tech Valley,Metro,METRO-B-02,North Ridge Terminal,Tech Valley Central,24.5,320,92,45.0,4140.0,0,35,On-Time
TRIP-12679,2024-03-15,11:20:45,METRO-BLU,Metro Blue Line: North Ridge ⇄ Tech Valley,Metro,METRO-B-01,North Ridge Terminal,Tech Valley Central,24.5,320,231,45.0,10395.0,6,39,Moderate Delay
TRIP-12680,2024-03-15,12:15:00,METRO-BLU,Metro Blue Line: North Ridge ⇄ Tech Valley,Metro,METRO-B-03,North Ridge Terminal,Tech Valley Central,24.5,320,187,45.0,8415.0,0,35,On-Time
TRIP-12681,2024-03-15,16:45:45,METRO-BLU,Metro Blue Line: North Ridge ⇄ Tech Valley,Metro,METRO-B-06,North Ridge Terminal,Tech Valley Central,24.5,320,272,45.0,12240.0,6,38,Moderate Delay
TRIP-12682,2024-03-15,06:00:30,METRO-RED,Metro Red Line: East Suburb ⇄ Financial District,Metro,METRO-R-02,East Suburb Terminal,Financial District Hub,21.0,320,73,40.0,2920.0,0,30,On-Time
TRIP-12683,2024-03-15,13:10:15,METRO-RED,Metro Red Line: East Suburb ⇄ Financial District,Metro,METRO-R-09,East Suburb Terminal,Financial District Hub,21.0,320,200,40.0,8000.0,4,33,Moderate Delay
TRIP-12684,2024-03-15,17:15:45,METRO-RED,Metro Red Line: East Suburb ⇄ Financial District,Metro,METRO-R-02,East Suburb Terminal,Financial District Hub,21.0,320,332,40.0,13280.0,0,30,On-Time
TRIP-12685,2024-03-15,18:20:45,METRO-RED,Metro Red Line: East Suburb ⇄ Financial District,Metro,METRO-R-02,East Suburb Terminal,Financial District Hub,21.0,320,323,40.0,12920.0,6,34,Moderate Delay
TRIP-12686,2024-03-15,19:10:00,METRO-RED,Metro Red Line: East Suburb ⇄ Financial District,Metro,METRO-R-08,East Suburb Terminal,Financial District Hub,21.0,320,306,40.0,12240.0,3,31,On-Time
TRIP-12687,2024-03-15,22:20:45,METRO-RED,Metro Red Line: East Suburb ⇄ Financial District,Metro,METRO-R-09,East Suburb Terminal,Financial District Hub,21.0,320,79,40.0,3160.0,0,30,On-Time
TRIP-12688,2024-03-15,12:45:15,RAIL-CST,Suburban Rail: Coast Line ⇄ Old City Junction,Suburban Rail,RAIL-EMU-505,Coastal Harbor Junction,Old City Main Junction,38.0,750,524,25.0,13100.0,6,59,Moderate Delay
TRIP-12689,2024-03-15,18:45:15,RAIL-CST,Suburban Rail: Coast Line ⇄ Old City Junction,Suburban Rail,RAIL-EMU-501,Coastal Harbor Junction,Old City Main Junction,38.0,750,810,25.0,20250.0,22,66,Major Delay
TRIP-12690,2024-03-15,21:40:30,RAIL-CST,Suburban Rail: Coast Line ⇄ Old City Junction,Suburban Rail,RAIL-EMU-504,Coastal Harbor Junction,Old City Main Junction,38.0,750,435,25.0,10875.0,0,55,On-Time
TRIP-12691,2024-03-15,15:50:15,RAIL-EXT,Suburban Rail: Industrial Corridor ⇄ South Terminal,Suburban Rail,RAIL-EMU-604,Northern Industrial Zone,South Terminal Intermodal,42.5,750,422,30.0,12660.0,0,65,On-Time
TRIP-12692,2024-03-15,17:20:45,RAIL-EXT,Suburban Rail: Industrial Corridor ⇄ South Terminal,Suburban Rail,RAIL-EMU-603,Northern Industrial Zone,South Terminal Intermodal,42.5,750,810,30.0,24300.0,6,68,Moderate Delay
TRIP-12693,2024-03-15,07:15:15,BRTS-01,BRTS Ring Corridor: Outer Express,BRTS,BRTS-OR-07,East Ring Hub,West Ring Hub,18.0,85,44,35.0,1540.0,1,32,On-Time
TRIP-12694,2024-03-15,16:45:45,BRTS-01,BRTS Ring Corridor: Outer Express,BRTS,BRTS-OR-02,East Ring Hub,West Ring Hub,18.0,85,56,35.0,1960.0,0,32,On-Time
TRIP-12695,2024-03-15,18:45:30,BRTS-01,BRTS Ring Corridor: Outer Express,BRTS,BRTS-OR-02,East Ring Hub,West Ring Hub,18.0,85,91,35.0,3185.0,0,32,On-Time
TRIP-12696,2024-03-16,09:20:30,BUS-101,Central Station ⇄ IT Tech Park,Bus,BUS-KA01-E107,Central Railway Station,Cyber City Tech Park,16.5,60,54,30.0,1620.0,0,45,On-Time
TRIP-12697,2024-03-16,11:30:00,BUS-101,Central Station ⇄ IT Tech Park,Bus,BUS-KA01-E111,Central Railway Station,Cyber City Tech Park,16.5,60,34,30.0,1020.0,0,45,On-Time
TRIP-12698,2024-03-16,20:00:15,BUS-101,Central Station ⇄ IT Tech Park,Bus,BUS-KA01-E107,Central Railway Station,Cyber City Tech Park,16.5,60,35,30.0,1050.0,5,47,Moderate Delay
TRIP-12699,2024-03-16,10:10:30,BUS-102,Airport Express ⇄ Downtown Terminal,Bus,BUS-KA01-A209,International Airport Terminal 2,Downtown Central Terminal,28.0,50,37,90.0,3330.0,0,60,On-Time
TRIP-12700,2024-03-16,19:20:30,BUS-102,Airport Express ⇄ Downtown Terminal,Bus,BUS-KA01-A201,International Airport Terminal 2,Downtown Central Terminal,28.0,50,44,90.0,3960.0,0,60,On-Time
TRIP-12701,2024-03-16,20:45:45,BUS-102,Airport Express ⇄ Downtown Terminal,Bus,BUS-KA01-A201,International Airport Terminal 2,Downtown Central Terminal,28.0,50,28,90.0,2520.0,0,60,On-Time
TRIP-12702,2024-03-16,11:30:45,BUS-105,Westside Mall ⇄ Harbor Port,Bus,BUS-KA02-W306,Westside Mall Circle,South Harbor Port Gate,14.2,60,31,25.0,775.0,0,38,On-Time
TRIP-12703,2024-03-16,14:10:15,BUS-105,Westside Mall ⇄ Harbor Port,Bus,BUS-KA02-W308,Westside Mall Circle,South Harbor Port Gate,14.2,60,30,25.0,750.0,0,38,On-Time
TRIP-12704,2024-03-16,18:15:45,BUS-105,Westside Mall ⇄ Harbor Port,Bus,BUS-KA02-W307,Westside Mall Circle,South Harbor Port Gate,14.2,60,47,25.0,1175.0,16,46,Major Delay
TRIP-12705,2024-03-16,20:10:00,BUS-105,Westside Mall ⇄ Harbor Port,Bus,BUS-KA02-W301,Westside Mall Circle,South Harbor Port Gate,14.2,60,39,25.0,975.0,0,38,On-Time
TRIP-12706,2024-03-16,22:20:30,BUS-105,Westside Mall ⇄ Harbor Port,Bus,BUS-KA02-W302,Westside Mall Circle,South Harbor Port Gate,14.2,60,15,25.0,375.0,0,38,On-Time
TRIP-12707,2024-03-16,12:40:15,BUS-110,University Campus ⇄ City Center,Bus,BUS-KA02-U408,State University North Gate,City Commercial Center,11.0,60,29,20.0,580.0,5,36,Moderate Delay
TRIP-12708,2024-03-16,13:00:30,BUS-110,University Campus ⇄ City Center,Bus,BUS-KA02-U402,State University North Gate,City Commercial Center,11.0,60,21,20.0,420.0,0,32,On-Time
TRIP-12709,2024-03-16,14:40:15,BUS-110,University Campus ⇄ City Center,Bus,BUS-KA02-U401,State University North Gate,City Commercial Center,11.0,60,27,20.0,540.0,0,32,On-Time
TRIP-12710,2024-03-16,19:15:15,BUS-110,University Campus ⇄ City Center,Bus,BUS-KA02-U405,State University North Gate,City Commercial Center,11.0,60,45,20.0,900.0,14,44,Moderate Delay
TRIP-12711,2024-03-16,21:10:15,BUS-110,University Campus ⇄ City Center,Bus,BUS-KA02-U406,State University North Gate,City Commercial Center,11.0,60,25,20.0,500.0,2,33,On-Time
TRIP-12712,2024-03-16,06:30:00,METRO-BLU,Metro Blue Line: North Ridge ⇄ Tech Valley,Metro,METRO-B-10,North Ridge Terminal,Tech Valley Central,24.5,320,64,45.0,2880.0,0,35,On-Time
TRIP-12713,2024-03-16,10:30:00,METRO-BLU,Metro Blue Line: North Ridge ⇄ Tech Valley,Metro,METRO-B-04,North Ridge Terminal,Tech Valley Central,24.5,320,230,45.0,10350.0,6,40,Moderate Delay
TRIP-12714,2024-03-16,18:10:00,METRO-BLU,Metro Blue Line: North Ridge ⇄ Tech Valley,Metro,METRO-B-03,North Ridge Terminal,Tech Valley Central,24.5,320,311,45.0,13995.0,0,35,On-Time
TRIP-12715,2024-03-16,20:15:30,METRO-BLU,Metro Blue Line: North Ridge ⇄ Tech Valley,Metro,METRO-B-09,North Ridge Terminal,Tech Valley Central,24.5,320,192,45.0,8640.0,0,35,On-Time
TRIP-12716,2024-03-16,21:50:15,METRO-BLU,Metro Blue Line: North Ridge ⇄ Tech Valley,Metro,METRO-B-10,North Ridge Terminal,Tech Valley Central,24.5,320,128,45.0,5760.0,0,35,On-Time
TRIP-12717,2024-03-16,07:50:30,METRO-RED,Metro Red Line: East Suburb ⇄ Financial District,Metro,METRO-R-04,East Suburb Terminal,Financial District Hub,21.0,320,140,40.0,5600.0,1,30,On-Time
TRIP-12718,2024-03-16,08:15:45,METRO-RED,Metro Red Line: East Suburb ⇄ Financial District,Metro,METRO-R-01,East Suburb Terminal,Financial District Hub,21.0,320,219,40.0,8760.0,0,30,On-Time
TRIP-12719,2024-03-16,11:20:30,METRO-RED,Metro Red Line: East Suburb ⇄ Financial District,Metro,METRO-R-04,East Suburb Terminal,Financial District Hub,21.0,320,145,40.0,5800.0,0,30,On-Time
TRIP-12720,2024-03-16,12:00:45,METRO-RED,Metro Red Line: East Suburb ⇄ Financial District,Metro,METRO-R-03,East Suburb Terminal,Financial District Hub,21.0,320,115,40.0,4600.0,0,30,On-Time
TRIP-12721,2024-03-16,21:00:15,METRO-RED,Metro Red Line: East Suburb ⇄ Financial District,Metro,METRO-R-04,East Suburb Terminal,Financial District Hub,21.0,320,130,40.0,5200.0,6,34,Moderate Delay
TRIP-12722,2024-03-16,07:40:15,RAIL-CST,Suburban Rail: Coast Line ⇄ Old City Junction,Suburban Rail,RAIL-EMU-503,Coastal Harbor Junction,Old City Main Junction,38.0,750,284,25.0,7100.0,0,55,On-Time
TRIP-12723,2024-03-16,10:50:45,RAIL-CST,Suburban Rail: Coast Line ⇄ Old City Junction,Suburban Rail,RAIL-EMU-502,Coastal Harbor Junction,Old City Main Junction,38.0,750,549,25.0,13725.0,6,59,Moderate Delay
TRIP-12724,2024-03-16,19:40:00,RAIL-CST,Suburban Rail: Coast Line ⇄ Old City Junction,Suburban Rail,RAIL-EMU-502,Coastal Harbor Junction,Old City Main Junction,38.0,750,478,25.0,11950.0,22,70,Major Delay
TRIP-12725,2024-03-16,11:15:00,RAIL-EXT,Suburban Rail: Industrial Corridor ⇄ South Terminal,Suburban Rail,RAIL-EMU-601,Northern Industrial Zone,South Terminal Intermodal,42.5,750,302,30.0,9060.0,0,65,On-Time
TRIP-12726,2024-03-16,20:50:00,RAIL-EXT,Suburban Rail: Industrial Corridor ⇄ South Terminal,Suburban Rail,RAIL-EMU-601,Northern Industrial Zone,South Terminal Intermodal,42.5,750,470,30.0,14100.0,0,65,On-Time
TRIP-12727,2024-03-16,12:10:45,BRTS-01,BRTS Ring Corridor: Outer Express,BRTS,BRTS-OR-01,East Ring Hub,West Ring Hub,18.0,85,32,35.0,1120.0,2,33,On-Time
TRIP-12728,2024-03-16,14:50:30,BRTS-01,BRTS Ring Corridor: Outer Express,BRTS,BRTS-OR-03,East Ring Hub,West Ring Hub,18.0,85,35,35.0,1225.0,0,32,On-Time
TRIP-12729,2024-03-16,16:20:30,BRTS-01,BRTS Ring Corridor: Outer Express,BRTS,BRTS-OR-03,East Ring Hub,West Ring Hub,18.0,85,48,35.0,1680.0,0,32,On-Time
TRIP-12730,2024-03-16,17:40:15,BRTS-01,BRTS Ring Corridor: Outer Express,BRTS,BRTS-OR-04,East Ring Hub,West Ring Hub,18.0,85,60,35.0,2100.0,13,40,Moderate Delay
TRIP-12731,2024-03-17,08:00:30,BUS-101,Central Station ⇄ IT Tech Park,Bus,BUS-KA01-E108,Central Railway Station,Cyber City Tech Park,16.5,60,45,30.0,1350.0,0,45,On-Time
TRIP-12732,2024-03-17,14:15:45,BUS-101,Central Station ⇄ IT Tech Park,Bus,BUS-KA01-E111,Central Railway Station,Cyber City Tech Park,16.5,60,28,30.0,840.0,3,47,On-Time
TRIP-12733,2024-03-17,16:40:30,BUS-101,Central Station ⇄ IT Tech Park,Bus,BUS-KA01-E102,Central Railway Station,Cyber City Tech Park,16.5,60,31,30.0,930.0,0,45,On-Time
TRIP-12734,2024-03-17,17:50:30,BUS-101,Central Station ⇄ IT Tech Park,Bus,BUS-KA01-E106,Central Railway Station,Cyber City Tech Park,16.5,60,55,30.0,1650.0,12,52,Moderate Delay
TRIP-12735,2024-03-17,21:40:30,BUS-101,Central Station ⇄ IT Tech Park,Bus,BUS-KA01-E111,Central Railway Station,Cyber City Tech Park,16.5,60,18,30.0,540.0,2,46,On-Time
TRIP-12736,2024-03-17,08:45:45,BUS-102,Airport Express ⇄ Downtown Terminal,Bus,BUS-KA01-A209,International Airport Terminal 2,Downtown Central Terminal,28.0,50,48,90.0,4320.0,0,60,On-Time
TRIP-12737,2024-03-17,16:45:30,BUS-102,Airport Express ⇄ Downtown Terminal,Bus,BUS-KA01-A209,International Airport Terminal 2,Downtown Central Terminal,28.0,50,30,90.0,2700.0,0,60,On-Time
TRIP-12738,2024-03-17,21:45:15,BUS-102,Airport Express ⇄ Downtown Terminal,Bus,BUS-KA01-A201,International Airport Terminal 2,Downtown Central Terminal,28.0,50,16,90.0,1440.0,0,60,On-Time
TRIP-12739,2024-03-17,10:00:15,BUS-105,Westside Mall ⇄ Harbor Port,Bus,BUS-KA02-W302,Westside Mall Circle,South Harbor Port Gate,14.2,60,41,25.0,1025.0,0,38,On-Time
TRIP-12740,2024-03-17,13:00:45,BUS-105,Westside Mall ⇄ Harbor Port,Bus,BUS-KA02-W307,Westside Mall Circle,South Harbor Port Gate,14.2,60,23,25.0,575.0,0,38,On-Time
TRIP-12741,2024-03-17,14:30:00,BUS-105,Westside Mall ⇄ Harbor Port,Bus,BUS-KA02-W309,Westside Mall Circle,South Harbor Port Gate,14.2,60,22,25.0,550.0,0,38,On-Time
TRIP-12742,2024-03-17,20:20:45,BUS-105,Westside Mall ⇄ Harbor Port,Bus,BUS-KA02-W304,Westside Mall Circle,South Harbor Port Gate,14.2,60,36,25.0,900.0,0,38,On-Time
TRIP-12743,2024-03-17,22:40:15,BUS-105,Westside Mall ⇄ Harbor Port,Bus,BUS-KA02-W308,Westside Mall Circle,South Harbor Port Gate,14.2,60,12,25.0,300.0,0,38,On-Time
TRIP-12744,2024-03-17,07:20:45,BUS-110,University Campus ⇄ City Center,Bus,BUS-KA02-U401,State University North Gate,City Commercial Center,11.0,60,21,20.0,420.0,0,32,On-Time
TRIP-12745,2024-03-17,11:15:00,BUS-110,University Campus ⇄ City Center,Bus,BUS-KA02-U403,State University North Gate,City Commercial Center,11.0,60,34,20.0,680.0,8,38,Moderate Delay
TRIP-12746,2024-03-17,22:00:30,BUS-110,University Campus ⇄ City Center,Bus,BUS-KA02-U401,State University North Gate,City Commercial Center,11.0,60,15,20.0,300.0,4,35,Moderate Delay
TRIP-12747,2024-03-17,06:45:15,METRO-BLU,Metro Blue Line: North Ridge ⇄ Tech Valley,Metro,METRO-B-08,North Ridge Terminal,Tech Valley Central,24.5,320,70,45.0,3150.0,0,35,On-Time
TRIP-12748,2024-03-17,14:20:00,METRO-BLU,Metro Blue Line: North Ridge ⇄ Tech Valley,Metro,METRO-B-10,North Ridge Terminal,Tech Valley Central,24.5,320,150,45.0,6750.0,9,41,Moderate Delay
TRIP-12749,2024-03-17,20:10:00,METRO-BLU,Metro Blue Line: North Ridge ⇄ Tech Valley,Metro,METRO-B-10,North Ridge Terminal,Tech Valley Central,24.5,320,170,45.0,7650.0,0,35,On-Time
TRIP-12750,2024-03-17,22:10:45,METRO-BLU,Metro Blue Line: North Ridge ⇄ Tech Valley,Metro,METRO-B-04,North Ridge Terminal,Tech Valley Central,24.5,320,73,45.0,3285.0,0,35,On-Time
TRIP-12751,2024-03-17,12:50:00,METRO-RED,Metro Red Line: East Suburb ⇄ Financial District,Metro,METRO-R-05,East Suburb Terminal,Financial District Hub,21.0,320,137,40.0,5480.0,0,30,On-Time
TRIP-12752,2024-03-17,13:10:45,METRO-RED,Metro Red Line: East Suburb ⇄ Financial District,Metro,METRO-R-01,East Suburb Terminal,Financial District Hub,21.0,320,133,40.0,5320.0,0,30,On-Time
TRIP-12753,2024-03-17,20:00:30,METRO-RED,Metro Red Line: East Suburb ⇄ Financial District,Metro,METRO-R-04,East Suburb Terminal,Financial District Hub,21.0,320,202,40.0,8080.0,2,31,On-Time
TRIP-12754,2024-03-17,21:50:00,METRO-RED,Metro Red Line: East Suburb ⇄ Financial District,Metro,METRO-R-02,East Suburb Terminal,Financial District Hub,21.0,320,137,40.0,5480.0,0,30,On-Time
TRIP-12755,2024-03-17,11:15:30,RAIL-CST,Suburban Rail: Coast Line ⇄ Old City Junction,Suburban Rail,RAIL-EMU-506,Coastal Harbor Junction,Old City Main Junction,38.0,750,308,25.0,7700.0,5,59,Moderate Delay
TRIP-12756,2024-03-17,14:00:00,RAIL-CST,Suburban Rail: Coast Line ⇄ Old City Junction,Suburban Rail,RAIL-EMU-504,Coastal Harbor Junction,Old City Main Junction,38.0,750,319,25.0,7975.0,0,55,On-Time
TRIP-12757,2024-03-17,17:45:00,RAIL-CST,Suburban Rail: Coast Line ⇄ Old City Junction,Suburban Rail,RAIL-EMU-503,Coastal Harbor Junction,Old City Main Junction,38.0,750,619,25.0,15475.0,21,70,Major Delay
TRIP-12758,2024-03-17,21:30:30,RAIL-CST,Suburban Rail: Coast Line ⇄ Old City Junction,Suburban Rail,RAIL-EMU-501,Coastal Harbor Junction,Old City Main Junction,38.0,750,314,25.0,7850.0,0,55,On-Time
TRIP-12759,2024-03-17,07:30:00,RAIL-EXT,Suburban Rail: Industrial Corridor ⇄ South Terminal,Suburban Rail,RAIL-EMU-601,Northern Industrial Zone,South Terminal Intermodal,42.5,750,331,30.0,9930.0,0,65,On-Time
TRIP-12760,2024-03-17,10:15:15,RAIL-EXT,Suburban Rail: Industrial Corridor ⇄ South Terminal,Suburban Rail,RAIL-EMU-603,Northern Industrial Zone,South Terminal Intermodal,42.5,750,559,30.0,16770.0,22,84,Major Delay
TRIP-12761,2024-03-17,08:00:30,BRTS-01,BRTS Ring Corridor: Outer Express,BRTS,BRTS-OR-03,East Ring Hub,West Ring Hub,18.0,85,69,35.0,2415.0,20,47,Major Delay
TRIP-12762,2024-03-17,10:50:15,BRTS-01,BRTS Ring Corridor: Outer Express,BRTS,BRTS-OR-03,East Ring Hub,West Ring Hub,18.0,85,66,35.0,2310.0,16,42,Major Delay
TRIP-12763,2024-03-17,18:20:30,BRTS-01,BRTS Ring Corridor: Outer Express,BRTS,BRTS-OR-02,East Ring Hub,West Ring Hub,18.0,85,91,35.0,3185.0,22,43,Major Delay
TRIP-12764,2024-03-18,07:45:00,BUS-101,Central Station ⇄ IT Tech Park,Bus,BUS-KA01-E106,Central Railway Station,Cyber City Tech Park,16.5,60,33,30.0,990.0,0,45,On-Time
TRIP-12765,2024-03-18,10:00:30,BUS-101,Central Station ⇄ IT Tech Park,Bus,BUS-KA01-E101,Central Railway Station,Cyber City Tech Park,16.5,60,59,30.0,1770.0,0,45,On-Time
TRIP-12766,2024-03-18,14:00:45,BUS-101,Central Station ⇄ IT Tech Park,Bus,BUS-KA01-E101,Central Railway Station,Cyber City Tech Park,16.5,60,37,30.0,1110.0,5,48,Moderate Delay
TRIP-12767,2024-03-18,16:00:00,BUS-101,Central Station ⇄ IT Tech Park,Bus,BUS-KA01-E101,Central Railway Station,Cyber City Tech Park,16.5,60,42,30.0,1260.0,3,47,On-Time
TRIP-12768,2024-03-18,20:10:15,BUS-101,Central Station ⇄ IT Tech Park,Bus,BUS-KA01-E111,Central Railway Station,Cyber City Tech Park,16.5,60,41,30.0,1230.0,0,45,On-Time
TRIP-12769,2024-03-18,07:00:30,BUS-102,Airport Express ⇄ Downtown Terminal,Bus,BUS-KA01-A207,International Airport Terminal 2,Downtown Central Terminal,28.0,50,30,90.0,2700.0,0,60,On-Time
TRIP-12770,2024-03-18,08:45:30,BUS-102,Airport Express ⇄ Downtown Terminal,Bus,BUS-KA01-A205,International Airport Terminal 2,Downtown Central Terminal,28.0,50,48,90.0,4320.0,0,60,On-Time
TRIP-12771,2024-03-18,17:30:45,BUS-102,Airport Express ⇄ Downtown Terminal,Bus,BUS-KA01-A203,International Airport Terminal 2,Downtown Central Terminal,28.0,50,54,90.0,4860.0,0,60,On-Time
TRIP-12772,2024-03-18,22:15:45,BUS-102,Airport Express ⇄ Downtown Terminal,Bus,BUS-KA01-A201,International Airport Terminal 2,Downtown Central Terminal,28.0,50,14,90.0,1260.0,5,63,Moderate Delay
TRIP-12773,2024-03-18,08:00:30,BUS-105,Westside Mall ⇄ Harbor Port,Bus,BUS-KA02-W304,Westside Mall Circle,South Harbor Port Gate,14.2,60,64,25.0,1600.0,0,38,On-Time
TRIP-12774,2024-03-18,09:30:45,BUS-105,Westside Mall ⇄ Harbor Port,Bus,BUS-KA02-W307,Westside Mall Circle,South Harbor Port Gate,14.2,60,64,25.0,1600.0,26,56,Major Delay
TRIP-12775,2024-03-18,16:10:45,BUS-105,Westside Mall ⇄ Harbor Port,Bus,BUS-KA02-W306,Westside Mall Circle,South Harbor Port Gate,14.2,60,59,25.0,1475.0,0,38,On-Time
TRIP-12776,2024-03-18,10:15:45,BUS-110,University Campus ⇄ City Center,Bus,BUS-KA02-U407,State University North Gate,City Commercial Center,11.0,60,55,20.0,1100.0,29,56,Major Delay
TRIP-12777,2024-03-18,16:40:45,BUS-110,University Campus ⇄ City Center,Bus,BUS-KA02-U402,State University North Gate,City Commercial Center,11.0,60,58,20.0,1160.0,0,32,On-Time
TRIP-12778,2024-03-18,20:50:45,BUS-110,University Campus ⇄ City Center,Bus,BUS-KA02-U405,State University North Gate,City Commercial Center,11.0,60,53,20.0,1060.0,0,32,On-Time
TRIP-12779,2024-03-18,07:15:00,METRO-BLU,Metro Blue Line: North Ridge ⇄ Tech Valley,Metro,METRO-B-02,North Ridge Terminal,Tech Valley Central,24.5,320,177,45.0,7965.0,0,35,On-Time
TRIP-12780,2024-03-18,13:30:45,METRO-BLU,Metro Blue Line: North Ridge ⇄ Tech Valley,Metro,METRO-B-06,North Ridge Terminal,Tech Valley Central,24.5,320,215,45.0,9675.0,0,35,On-Time
TRIP-12781,2024-03-18,15:30:15,METRO-BLU,Metro Blue Line: North Ridge ⇄ Tech Valley,Metro,METRO-B-07,North Ridge Terminal,Tech Valley Central,24.5,320,199,45.0,8955.0,0,35,On-Time
TRIP-12782,2024-03-18,16:15:00,METRO-BLU,Metro Blue Line: North Ridge ⇄ Tech Valley,Metro,METRO-B-05,North Ridge Terminal,Tech Valley Central,24.5,320,227,45.0,10215.0,0,35,On-Time
TRIP-12783,2024-03-18,19:40:15,METRO-BLU,Metro Blue Line: North Ridge ⇄ Tech Valley,Metro,METRO-B-07,North Ridge Terminal,Tech Valley Central,24.5,320,316,45.0,14220.0,0,35,On-Time
TRIP-12784,2024-03-18,21:30:30,METRO-BLU,Metro Blue Line: North Ridge ⇄ Tech Valley,Metro,METRO-B-10,North Ridge Terminal,Tech Valley Central,24.5,320,164,45.0,7380.0,2,36,On-Time
TRIP-12785,2024-03-18,08:20:00,METRO-RED,Metro Red Line: East Suburb ⇄ Financial District,Metro,METRO-R-10,East Suburb Terminal,Financial District Hub,21.0,320,345,40.0,13800.0,5,32,Moderate Delay
TRIP-12786,2024-03-18,12:30:15,METRO-RED,Metro Red Line: East Suburb ⇄ Financial District,Metro,METRO-R-07,East Suburb Terminal,Financial District Hub,21.0,320,209,40.0,8360.0,0,30,On-Time
TRIP-12787,2024-03-18,13:00:45,METRO-RED,Metro Red Line: East Suburb ⇄ Financial District,Metro,METRO-R-02,East Suburb Terminal,Financial District Hub,21.0,320,173,40.0,6920.0,0,30,On-Time
TRIP-12788,2024-03-18,14:10:00,METRO-RED,Metro Red Line: East Suburb ⇄ Financial District,Metro,METRO-R-05,East Suburb Terminal,Financial District Hub,21.0,320,167,40.0,6680.0,6,33,Moderate Delay
TRIP-12789,2024-03-18,21:10:15,METRO-RED,Metro Red Line: East Suburb ⇄ Financial District,Metro,METRO-R-10,East Suburb Terminal,Financial District Hub,21.0,320,140,40.0,5600.0,7,33,Moderate Delay
TRIP-12790,2024-03-18,06:20:45,RAIL-CST,Suburban Rail: Coast Line ⇄ Old City Junction,Suburban Rail,RAIL-EMU-505,Coastal Harbor Junction,Old City Main Junction,38.0,750,168,25.0,4200.0,0,55,On-Time
TRIP-12791,2024-03-18,19:45:00,RAIL-CST,Suburban Rail: Coast Line ⇄ Old City Junction,Suburban Rail,RAIL-EMU-502,Coastal Harbor Junction,Old City Main Junction,38.0,750,810,25.0,20250.0,4,58,Moderate Delay
TRIP-12792,2024-03-18,21:10:45,RAIL-CST,Suburban Rail: Coast Line ⇄ Old City Junction,Suburban Rail,RAIL-EMU-501,Coastal Harbor Junction,Old City Main Junction,38.0,750,373,25.0,9325.0,0,55,On-Time
TRIP-12793,2024-03-18,22:10:00,RAIL-CST,Suburban Rail: Coast Line ⇄ Old City Junction,Suburban Rail,RAIL-EMU-504,Coastal Harbor Junction,Old City Main Junction,38.0,750,252,25.0,6300.0,1,55,On-Time
TRIP-12794,2024-03-18,09:50:00,RAIL-EXT,Suburban Rail: Industrial Corridor ⇄ South Terminal,Suburban Rail,RAIL-EMU-601,Northern Industrial Zone,South Terminal Intermodal,42.5,750,810,30.0,24300.0,23,81,Major Delay
TRIP-12795,2024-03-18,13:10:45,RAIL-EXT,Suburban Rail: Industrial Corridor ⇄ South Terminal,Suburban Rail,RAIL-EMU-605,Northern Industrial Zone,South Terminal Intermodal,42.5,750,486,30.0,14580.0,6,69,Moderate Delay
TRIP-12796,2024-03-18,07:30:45,BRTS-01,BRTS Ring Corridor: Outer Express,BRTS,BRTS-OR-01,East Ring Hub,West Ring Hub,18.0,85,50,35.0,1750.0,0,32,On-Time
TRIP-12797,2024-03-18,14:10:00,BRTS-01,BRTS Ring Corridor: Outer Express,BRTS,BRTS-OR-03,East Ring Hub,West Ring Hub,18.0,85,45,35.0,1575.0,0,32,On-Time
TRIP-12798,2024-03-18,22:10:00,BRTS-01,BRTS Ring Corridor: Outer Express,BRTS,BRTS-OR-08,East Ring Hub,West Ring Hub,18.0,85,25,35.0,875.0,9,38,Moderate Delay
TRIP-12799,2024-03-19,06:00:15,BUS-101,Central Station ⇄ IT Tech Park,Bus,BUS-KA01-E101,Central Railway Station,Cyber City Tech Park,16.5,60,15,30.0,450.0,0,45,On-Time
TRIP-12800,2024-03-19,08:10:45,BUS-101,Central Station ⇄ IT Tech Park,Bus,BUS-KA01-E110,Central Railway Station,Cyber City Tech Park,16.5,60,64,30.0,1920.0,16,57,Major Delay
TRIP-12801,2024-03-19,13:45:30,BUS-101,Central Station ⇄ IT Tech Park,Bus,BUS-KA01-E108,Central Railway Station,Cyber City Tech Park,16.5,60,33,30.0,990.0,0,45,On-Time
TRIP-12802,2024-03-19,18:40:15,BUS-101,Central Station ⇄ IT Tech Park,Bus,BUS-KA01-E102,Central Railway Station,Cyber City Tech Park,16.5,60,60,30.0,1800.0,0,45,On-Time
TRIP-12803,2024-03-19,21:00:15,BUS-101,Central Station ⇄ IT Tech Park,Bus,BUS-KA01-E109,Central Railway Station,Cyber City Tech Park,16.5,60,32,30.0,960.0,0,45,On-Time
TRIP-12804,2024-03-19,14:00:00,BUS-102,Airport Express ⇄ Downtown Terminal,Bus,BUS-KA01-A204,International Airport Terminal 2,Downtown Central Terminal,28.0,50,26,90.0,2340.0,0,60,On-Time
TRIP-12805,2024-03-19,17:15:15,BUS-102,Airport Express ⇄ Downtown Terminal,Bus,BUS-KA01-A202,International Airport Terminal 2,Downtown Central Terminal,28.0,50,54,90.0,4860.0,0,60,On-Time
TRIP-12806,2024-03-19,19:45:00,BUS-102,Airport Express ⇄ Downtown Terminal,Bus,BUS-KA01-A208,International Airport Terminal 2,Downtown Central Terminal,28.0,50,54,90.0,4860.0,28,80,Major Delay
TRIP-12807,2024-03-19,20:30:45,BUS-102,Airport Express ⇄ Downtown Terminal,Bus,BUS-KA01-A206,International Airport Terminal 2,Downtown Central Terminal,28.0,50,41,90.0,3690.0,8,66,Moderate Delay
TRIP-12808,2024-03-19,09:40:15,BUS-105,Westside Mall ⇄ Harbor Port,Bus,BUS-KA02-W305,Westside Mall Circle,South Harbor Port Gate,14.2,60,60,25.0,1500.0,11,47,Moderate Delay
TRIP-12809,2024-03-19,19:15:45,BUS-105,Westside Mall ⇄ Harbor Port,Bus,BUS-KA02-W306,Westside Mall Circle,South Harbor Port Gate,14.2,60,52,25.0,1300.0,4,40,Moderate Delay
TRIP-12810,2024-03-19,21:00:30,BUS-105,Westside Mall ⇄ Harbor Port,Bus,BUS-KA02-W302,Westside Mall Circle,South Harbor Port Gate,14.2,60,33,25.0,825.0,4,41,Moderate Delay
TRIP-12811,2024-03-19,10:10:15,BUS-110,University Campus ⇄ City Center,Bus,BUS-KA02-U402,State University North Gate,City Commercial Center,11.0,60,45,20.0,900.0,10,39,Moderate Delay
TRIP-12812,2024-03-19,13:00:30,BUS-110,University Campus ⇄ City Center,Bus,BUS-KA02-U402,State University North Gate,City Commercial Center,11.0,60,38,20.0,760.0,2,33,On-Time
TRIP-12813,2024-03-19,14:45:45,BUS-110,University Campus ⇄ City Center,Bus,BUS-KA02-U407,State University North Gate,City Commercial Center,11.0,60,39,20.0,780.0,0,32,On-Time
TRIP-12814,2024-03-19,20:30:45,BUS-110,University Campus ⇄ City Center,Bus,BUS-KA02-U404,State University North Gate,City Commercial Center,11.0,60,51,20.0,1020.0,10,40,Moderate Delay
TRIP-12815,2024-03-19,21:30:00,BUS-110,University Campus ⇄ City Center,Bus,BUS-KA02-U405,State University North Gate,City Commercial Center,11.0,60,24,20.0,480.0,0,32,On-Time
TRIP-12816,2024-03-19,08:45:00,METRO-BLU,Metro Blue Line: North Ridge ⇄ Tech Valley,Metro,METRO-B-02,North Ridge Terminal,Tech Valley Central,24.5,320,322,45.0,14490.0,6,38,Moderate Delay
TRIP-12817,2024-03-19,13:15:00,METRO-BLU,Metro Blue Line: North Ridge ⇄ Tech Valley,Metro,METRO-B-02,North Ridge Terminal,Tech Valley Central,24.5,320,209,45.0,9405.0,0,35,On-Time
TRIP-12818,2024-03-19,14:15:15,METRO-BLU,Metro Blue Line: North Ridge ⇄ Tech Valley,Metro,METRO-B-02,North Ridge Terminal,Tech Valley Central,24.5,320,199,45.0,8955.0,0,35,On-Time
TRIP-12819,2024-03-19,18:40:30,METRO-BLU,Metro Blue Line: North Ridge ⇄ Tech Valley,Metro,METRO-B-10,North Ridge Terminal,Tech Valley Central,24.5,320,345,45.0,15525.0,1,35,On-Time
TRIP-12820,2024-03-19,19:50:15,METRO-BLU,Metro Blue Line: North Ridge ⇄ Tech Valley,Metro,METRO-B-05,North Ridge Terminal,Tech Valley Central,24.5,320,299,45.0,13455.0,3,36,On-Time
TRIP-12821,2024-03-19,12:50:15,METRO-RED,Metro Red Line: East Suburb ⇄ Financial District,Metro,METRO-R-04,East Suburb Terminal,Financial District Hub,21.0,320,156,40.0,6240.0,2,31,On-Time
TRIP-12822,2024-03-19,13:00:45,METRO-RED,Metro Red Line: East Suburb ⇄ Financial District,Metro,METRO-R-08,East Suburb Terminal,Financial District Hub,21.0,320,152,40.0,6080.0,0,30,On-Time
TRIP-12823,2024-03-19,14:20:45,METRO-RED,Metro Red Line: East Suburb ⇄ Financial District,Metro,METRO-R-05,East Suburb Terminal,Financial District Hub,21.0,320,204,40.0,8160.0,2,31,On-Time
TRIP-12824,2024-03-19,17:20:00,METRO-RED,Metro Red Line: East Suburb ⇄ Financial District,Metro,METRO-R-02,East Suburb Terminal,Financial District Hub,21.0,320,345,40.0,13800.0,0,30,On-Time
TRIP-12825,2024-03-19,18:30:30,METRO-RED,Metro Red Line: East Suburb ⇄ Financial District,Metro,METRO-R-03,East Suburb Terminal,Financial District Hub,21.0,320,345,40.0,13800.0,0,30,On-Time
TRIP-12826,2024-03-19,10:45:45,RAIL-CST,Suburban Rail: Coast Line ⇄ Old City Junction,Suburban Rail,RAIL-EMU-505,Coastal Harbor Junction,Old City Main Junction,38.0,750,810,25.0,20250.0,0,55,On-Time
TRIP-12827,2024-03-19,11:30:00,RAIL-CST,Suburban Rail: Coast Line ⇄ Old City Junction,Suburban Rail,RAIL-EMU-504,Coastal Harbor Junction,Old City Main Junction,38.0,750,468,25.0,11700.0,0,55,On-Time
TRIP-12828,2024-03-19,16:45:15,RAIL-CST,Suburban Rail: Coast Line ⇄ Old City Junction,Suburban Rail,RAIL-EMU-506,Coastal Harbor Junction,Old City Main Junction,38.0,750,530,25.0,13250.0,0,55,On-Time
TRIP-12829,2024-03-19,18:20:30,RAIL-CST,Suburban Rail: Coast Line ⇄ Old City Junction,Suburban Rail,RAIL-EMU-504,Coastal Harbor Junction,Old City Main Junction,38.0,750,810,25.0,20250.0,0,55,On-Time
TRIP-12830,2024-03-19,10:15:15,RAIL-EXT,Suburban Rail: Industrial Corridor ⇄ South Terminal,Suburban Rail,RAIL-EMU-605,Northern Industrial Zone,South Terminal Intermodal,42.5,750,810,30.0,24300.0,19,80,Major Delay
TRIP-12831,2024-03-19,15:00:45,RAIL-EXT,Suburban Rail: Industrial Corridor ⇄ South Terminal,Suburban Rail,RAIL-EMU-605,Northern Industrial Zone,South Terminal Intermodal,42.5,750,586,30.0,17580.0,0,65,On-Time
TRIP-12832,2024-03-19,17:45:15,RAIL-EXT,Suburban Rail: Industrial Corridor ⇄ South Terminal,Suburban Rail,RAIL-EMU-607,Northern Industrial Zone,South Terminal Intermodal,42.5,750,734,30.0,22020.0,0,65,On-Time
TRIP-12833,2024-03-19,06:00:15,BRTS-01,BRTS Ring Corridor: Outer Express,BRTS,BRTS-OR-06,East Ring Hub,West Ring Hub,18.0,85,22,35.0,770.0,0,32,On-Time
TRIP-12834,2024-03-19,11:50:45,BRTS-01,BRTS Ring Corridor: Outer Express,BRTS,BRTS-OR-06,East Ring Hub,West Ring Hub,18.0,85,63,35.0,2205.0,0,32,On-Time
TRIP-12835,2024-03-19,14:45:45,BRTS-01,BRTS Ring Corridor: Outer Express,BRTS,BRTS-OR-08,East Ring Hub,West Ring Hub,18.0,85,41,35.0,1435.0,0,32,On-Time
TRIP-12836,2024-03-20,08:45:00,BUS-101,Central Station ⇄ IT Tech Park,Bus,BUS-KA01-E109,Central Railway Station,Cyber City Tech Park,16.5,60,64,30.0,1920.0,0,45,On-Time
TRIP-12837,2024-03-20,10:30:15,BUS-101,Central Station ⇄ IT Tech Park,Bus,BUS-KA01-E103,Central Railway Station,Cyber City Tech Park,16.5,60,64,30.0,1920.0,29,68,Major Delay
TRIP-12838,2024-03-20,16:50:15,BUS-101,Central Station ⇄ IT Tech Park,Bus,BUS-KA01-E111,Central Railway Station,Cyber City Tech Park,16.5,60,43,30.0,1290.0,0,45,On-Time
TRIP-12839,2024-03-20,17:15:45,BUS-101,Central Station ⇄ IT Tech Park,Bus,BUS-KA01-E106,Central Railway Station,Cyber City Tech Park,16.5,60,56,30.0,1680.0,0,45,On-Time
TRIP-12840,2024-03-20,07:10:45,BUS-102,Airport Express ⇄ Downtown Terminal,Bus,BUS-KA01-A209,International Airport Terminal 2,Downtown Central Terminal,28.0,50,22,90.0,1980.0,0,60,On-Time
TRIP-12841,2024-03-20,13:40:00,BUS-102,Airport Express ⇄ Downtown Terminal,Bus,BUS-KA01-A209,International Airport Terminal 2,Downtown Central Terminal,28.0,50,25,90.0,2250.0,0,60,On-Time
TRIP-12842,2024-03-20,15:20:00,BUS-102,Airport Express ⇄ Downtown Terminal,Bus,BUS-KA01-A201,International Airport Terminal 2,Downtown Central Terminal,28.0,50,32,90.0,2880.0,0,60,On-Time
TRIP-12843,2024-03-20,19:20:15,BUS-102,Airport Express ⇄ Downtown Terminal,Bus,BUS-KA01-A209,International Airport Terminal 2,Downtown Central Terminal,28.0,50,45,90.0,4050.0,0,60,On-Time
TRIP-12844,2024-03-20,21:00:00,BUS-102,Airport Express ⇄ Downtown Terminal,Bus,BUS-KA01-A207,International Airport Terminal 2,Downtown Central Terminal,28.0,50,29,90.0,2610.0,0,60,On-Time
TRIP-12845,2024-03-20,06:00:00,BUS-105,Westside Mall ⇄ Harbor Port,Bus,BUS-KA02-W304,Westside Mall Circle,South Harbor Port Gate,14.2,60,15,25.0,375.0,0,38,On-Time
TRIP-12846,2024-03-20,08:10:45,BUS-105,Westside Mall ⇄ Harbor Port,Bus,BUS-KA02-W301,Westside Mall Circle,South Harbor Port Gate,14.2,60,64,25.0,1600.0,6,43,Moderate Delay
TRIP-12847,2024-03-20,12:00:30,BUS-105,Westside Mall ⇄ Harbor Port,Bus,BUS-KA02-W303,Westside Mall Circle,South Harbor Port Gate,14.2,60,37,25.0,925.0,7,43,Moderate Delay
TRIP-12848,2024-03-20,21:30:30,BUS-105,Westside Mall ⇄ Harbor Port,Bus,BUS-KA02-W308,Westside Mall Circle,South Harbor Port Gate,14.2,60,27,25.0,675.0,2,39,On-Time
TRIP-12849,2024-03-20,12:20:00,BUS-110,University Campus ⇄ City Center,Bus,BUS-KA02-U407,State University North Gate,City Commercial Center,11.0,60,36,20.0,720.0,0,32,On-Time
TRIP-12850,2024-03-20,14:40:30,BUS-110,University Campus ⇄ City Center,Bus,BUS-KA02-U409,State University North Gate,City Commercial Center,11.0,60,29,20.0,580.0,0,32,On-Time
TRIP-12851,2024-03-20,20:40:00,BUS-110,University Campus ⇄ City Center,Bus,BUS-KA02-U408,State University North Gate,City Commercial Center,11.0,60,51,20.0,1020.0,10,37,Moderate Delay
TRIP-12852,2024-03-20,07:10:45,METRO-BLU,Metro Blue Line: North Ridge ⇄ Tech Valley,Metro,METRO-B-10,North Ridge Terminal,Tech Valley Central,24.5,320,149,45.0,6705.0,0,35,On-Time
TRIP-12853,2024-03-20,08:45:00,METRO-BLU,Metro Blue Line: North Ridge ⇄ Tech Valley,Metro,METRO-B-06,North Ridge Terminal,Tech Valley Central,24.5,320,295,45.0,13275.0,7,39,Moderate Delay
TRIP-12854,2024-03-20,11:15:45,METRO-BLU,Metro Blue Line: North Ridge ⇄ Tech Valley,Metro,METRO-B-04,North Ridge Terminal,Tech Valley Central,24.5,320,233,45.0,10485.0,0,35,On-Time
TRIP-12855,2024-03-20,14:50:30,METRO-BLU,Metro Blue Line: North Ridge ⇄ Tech Valley,Metro,METRO-B-08,North Ridge Terminal,Tech Valley Central,24.5,320,201,45.0,9045.0,0,35,On-Time
TRIP-12856,2024-03-20,20:00:45,METRO-BLU,Metro Blue Line: North Ridge ⇄ Tech Valley,Metro,METRO-B-07,North Ridge Terminal,Tech Valley Central,24.5,320,231,45.0,10395.0,8,42,Moderate Delay
TRIP-12857,2024-03-20,21:00:15,METRO-BLU,Metro Blue Line: North Ridge ⇄ Tech Valley,Metro,METRO-B-03,North Ridge Terminal,Tech Valley Central,24.5,320,127,45.0,5715.0,2,36,On-Time
TRIP-12858,2024-03-20,07:30:15,METRO-RED,Metro Red Line: East Suburb ⇄ Financial District,Metro,METRO-R-01,East Suburb Terminal,Financial District Hub,21.0,320,176,40.0,7040.0,0,30,On-Time
TRIP-12859,2024-03-20,08:20:15,METRO-RED,Metro Red Line: East Suburb ⇄ Financial District,Metro,METRO-R-03,East Suburb Terminal,Financial District Hub,21.0,320,345,40.0,13800.0,4,32,Moderate Delay
TRIP-12860,2024-03-20,11:00:15,METRO-RED,Metro Red Line: East Suburb ⇄ Financial District,Metro,METRO-R-06,East Suburb Terminal,Financial District Hub,21.0,320,183,40.0,7320.0,3,32,On-Time
TRIP-12861,2024-03-20,18:40:00,METRO-RED,Metro Red Line: East Suburb ⇄ Financial District,Metro,METRO-R-06,East Suburb Terminal,Financial District Hub,21.0,320,334,40.0,13360.0,0,30,On-Time
TRIP-12862,2024-03-20,21:30:30,METRO-RED,Metro Red Line: East Suburb ⇄ Financial District,Metro,METRO-R-07,East Suburb Terminal,Financial District Hub,21.0,320,174,40.0,6960.0,0,30,On-Time
TRIP-12863,2024-03-20,22:30:15,METRO-RED,Metro Red Line: East Suburb ⇄ Financial District,Metro,METRO-R-03,East Suburb Terminal,Financial District Hub,21.0,320,100,40.0,4000.0,0,30,On-Time
TRIP-12864,2024-03-20,13:15:45,RAIL-CST,Suburban Rail: Coast Line ⇄ Old City Junction,Suburban Rail,RAIL-EMU-505,Coastal Harbor Junction,Old City Main Junction,38.0,750,359,25.0,8975.0,0,55,On-Time
TRIP-12865,2024-03-20,18:20:00,RAIL-CST,Suburban Rail: Coast Line ⇄ Old City Junction,Suburban Rail,RAIL-EMU-503,Coastal Harbor Junction,Old City Main Junction,38.0,750,789,25.0,19725.0,0,55,On-Time
TRIP-12866,2024-03-20,20:10:15,RAIL-CST,Suburban Rail: Coast Line ⇄ Old City Junction,Suburban Rail,RAIL-EMU-504,Coastal Harbor Junction,Old City Main Junction,38.0,750,680,25.0,17000.0,6,59,Moderate Delay
TRIP-12867,2024-03-20,07:15:15,RAIL-EXT,Suburban Rail: Industrial Corridor ⇄ South Terminal,Suburban Rail,RAIL-EMU-604,Northern Industrial Zone,South Terminal Intermodal,42.5,750,467,30.0,14010.0,0,65,On-Time
TRIP-12868,2024-03-20,10:30:30,RAIL-EXT,Suburban Rail: Industrial Corridor ⇄ South Terminal,Suburban Rail,RAIL-EMU-605,Northern Industrial Zone,South Terminal Intermodal,42.5,750,640,30.0,19200.0,3,66,On-Time
TRIP-12869,2024-03-20,21:30:00,RAIL-EXT,Suburban Rail: Industrial Corridor ⇄ South Terminal,Suburban Rail,RAIL-EMU-607,Northern Industrial Zone,South Terminal Intermodal,42.5,750,375,30.0,11250.0,0,65,On-Time
TRIP-12870,2024-03-20,10:50:00,BRTS-01,BRTS Ring Corridor: Outer Express,BRTS,BRTS-OR-07,East Ring Hub,West Ring Hub,18.0,85,86,35.0,3010.0,27,48,Major Delay
TRIP-12871,2024-03-20,11:15:45,BRTS-01,BRTS Ring Corridor: Outer Express,BRTS,BRTS-OR-07,East Ring Hub,West Ring Hub,18.0,85,61,35.0,2135.0,0,32,On-Time
TRIP-12872,2024-03-20,12:30:45,BRTS-01,BRTS Ring Corridor: Outer Express,BRTS,BRTS-OR-07,East Ring Hub,West Ring Hub,18.0,85,42,35.0,1470.0,0,32,On-Time
TRIP-12873,2024-03-21,06:00:15,BUS-101,Central Station ⇄ IT Tech Park,Bus,BUS-KA01-E106,Central Railway Station,Cyber City Tech Park,16.5,60,16,30.0,480.0,0,45,On-Time
TRIP-12874,2024-03-21,13:15:30,BUS-101,Central Station ⇄ IT Tech Park,Bus,BUS-KA01-E104,Central Railway Station,Cyber City Tech Park,16.5,60,27,30.0,810.0,2,46,On-Time
TRIP-12875,2024-03-21,20:40:30,BUS-101,Central Station ⇄ IT Tech Park,Bus,BUS-KA01-E103,Central Railway Station,Cyber City Tech Park,16.5,60,37,30.0,1110.0,4,48,Moderate Delay
TRIP-12876,2024-03-21,09:00:45,BUS-102,Airport Express ⇄ Downtown Terminal,Bus,BUS-KA01-A205,International Airport Terminal 2,Downtown Central Terminal,28.0,50,54,90.0,4860.0,0,60,On-Time
TRIP-12877,2024-03-21,15:50:15,BUS-102,Airport Express ⇄ Downtown Terminal,Bus,BUS-KA01-A203,International Airport Terminal 2,Downtown Central Terminal,28.0,50,32,90.0,2880.0,0,60,On-Time
TRIP-12878,2024-03-21,22:10:15,BUS-102,Airport Express ⇄ Downtown Terminal,Bus,BUS-KA01-A206,International Airport Terminal 2,Downtown Central Terminal,28.0,50,16,90.0,1440.0,0,60,On-Time
TRIP-12879,2024-03-21,06:50:45,BUS-105,Westside Mall ⇄ Harbor Port,Bus,BUS-KA02-W304,Westside Mall Circle,South Harbor Port Gate,14.2,60,12,25.0,300.0,0,38,On-Time
TRIP-12880,2024-03-21,09:20:15,BUS-105,Westside Mall ⇄ Harbor Port,Bus,BUS-KA02-W307,Westside Mall Circle,South Harbor Port Gate,14.2,60,64,25.0,1600.0,0,38,On-Time
TRIP-12881,2024-03-21,10:40:00,BUS-105,Westside Mall ⇄ Harbor Port,Bus,BUS-KA02-W306,Westside Mall Circle,South Harbor Port Gate,14.2,60,53,25.0,1325.0,0,38,On-Time
TRIP-12882,2024-03-21,11:50:30,BUS-105,Westside Mall ⇄ Harbor Port,Bus,BUS-KA02-W306,Westside Mall Circle,South Harbor Port Gate,14.2,60,45,25.0,1125.0,0,38,On-Time
TRIP-12883,2024-03-21,17:40:15,BUS-105,Westside Mall ⇄ Harbor Port,Bus,BUS-KA02-W306,Westside Mall Circle,South Harbor Port Gate,14.2,60,64,25.0,1600.0,0,38,On-Time
TRIP-12884,2024-03-21,08:15:00,BUS-110,University Campus ⇄ City Center,Bus,BUS-KA02-U403,State University North Gate,City Commercial Center,11.0,60,64,20.0,1280.0,34,50,Major Delay
TRIP-12885,2024-03-21,12:40:30,BUS-110,University Campus ⇄ City Center,Bus,BUS-KA02-U406,State University North Gate,City Commercial Center,11.0,60,42,20.0,840.0,0,32,On-Time
TRIP-12886,2024-03-21,18:40:00,BUS-110,University Campus ⇄ City Center,Bus,BUS-KA02-U406,State University North Gate,City Commercial Center,11.0,60,64,20.0,1280.0,14,39,Moderate Delay
TRIP-12887,2024-03-21,19:00:00,BUS-110,University Campus ⇄ City Center,Bus,BUS-KA02-U405,State University North Gate,City Commercial Center,11.0,60,63,20.0,1260.0,29,48,Major Delay
TRIP-12888,2024-03-21,21:50:15,BUS-110,University Campus ⇄ City Center,Bus,BUS-KA02-U401,State University North Gate,City Commercial Center,11.0,60,29,20.0,580.0,5,36,Moderate Delay
TRIP-12889,2024-03-21,09:10:30,METRO-BLU,Metro Blue Line: North Ridge ⇄ Tech Valley,Metro,METRO-B-10,North Ridge Terminal,Tech Valley Central,24.5,320,345,45.0,15525.0,1,35,On-Time
TRIP-12890,2024-03-21,10:45:45,METRO-BLU,Metro Blue Line: North Ridge ⇄ Tech Valley,Metro,METRO-B-07,North Ridge Terminal,Tech Valley Central,24.5,320,260,45.0,11700.0,0,35,On-Time
TRIP-12891,2024-03-21,11:45:00,METRO-BLU,Metro Blue Line: North Ridge ⇄ Tech Valley,Metro,METRO-B-01,North Ridge Terminal,Tech Valley Central,24.5,320,184,45.0,8280.0,0,35,On-Time
TRIP-12892,2024-03-21,22:40:45,METRO-BLU,Metro Blue Line: North Ridge ⇄ Tech Valley,Metro,METRO-B-01,North Ridge Terminal,Tech Valley Central,24.5,320,84,45.0,3780.0,5,38,Moderate Delay
TRIP-12893,2024-03-21,06:20:15,METRO-RED,Metro Red Line: East Suburb ⇄ Financial District,Metro,METRO-R-03,East Suburb Terminal,Financial District Hub,21.0,320,79,40.0,3160.0,10,35,Moderate Delay
TRIP-12894,2024-03-21,07:30:45,METRO-RED,Metro Red Line: East Suburb ⇄ Financial District,Metro,METRO-R-01,East Suburb Terminal,Financial District Hub,21.0,320,140,40.0,5600.0,0,30,On-Time
TRIP-12895,2024-03-21,08:00:45,METRO-RED,Metro Red Line: East Suburb ⇄ Financial District,Metro,METRO-R-08,East Suburb Terminal,Financial District Hub,21.0,320,345,40.0,13800.0,0,30,On-Time
TRIP-12896,2024-03-21,13:00:30,METRO-RED,Metro Red Line: East Suburb ⇄ Financial District,Metro,METRO-R-07,East Suburb Terminal,Financial District Hub,21.0,320,172,40.0,6880.0,0,30,On-Time
TRIP-12897,2024-03-21,17:00:45,METRO-RED,Metro Red Line: East Suburb ⇄ Financial District,Metro,METRO-R-04,East Suburb Terminal,Financial District Hub,21.0,320,345,40.0,13800.0,0,30,On-Time
TRIP-12898,2024-03-21,18:40:00,METRO-RED,Metro Red Line: East Suburb ⇄ Financial District,Metro,METRO-R-05,East Suburb Terminal,Financial District Hub,21.0,320,319,40.0,12760.0,8,34,Moderate Delay
TRIP-12899,2024-03-21,08:45:15,RAIL-CST,Suburban Rail: Coast Line ⇄ Old City Junction,Suburban Rail,RAIL-EMU-507,Coastal Harbor Junction,Old City Main Junction,38.0,750,810,25.0,20250.0,0,55,On-Time
TRIP-12900,2024-03-21,19:20:45,RAIL-CST,Suburban Rail: Coast Line ⇄ Old City Junction,Suburban Rail,RAIL-EMU-503,Coastal Harbor Junction,Old City Main Junction,38.0,750,666,25.0,16650.0,0,55,On-Time
TRIP-12901,2024-03-21,20:30:00,RAIL-CST,Suburban Rail: Coast Line ⇄ Old City Junction,Suburban Rail,RAIL-EMU-506,Coastal Harbor Junction,Old City Main Junction,38.0,750,700,25.0,17500.0,0,55,On-Time
TRIP-12902,2024-03-21,17:30:30,RAIL-EXT,Suburban Rail: Industrial Corridor ⇄ South Terminal,Suburban Rail,RAIL-EMU-604,Northern Industrial Zone,South Terminal Intermodal,42.5,750,714,30.0,21420.0,0,65,On-Time
TRIP-12903,2024-03-21,18:50:45,RAIL-EXT,Suburban Rail: Industrial Corridor ⇄ South Terminal,Suburban Rail,RAIL-EMU-607,Northern Industrial Zone,South Terminal Intermodal,42.5,750,810,30.0,24300.0,16,78,Major Delay
TRIP-12904,2024-03-21,12:30:30,BRTS-01,BRTS Ring Corridor: Outer Express,BRTS,BRTS-OR-07,East Ring Hub,West Ring Hub,18.0,85,44,35.0,1540.0,0,32,On-Time
TRIP-12905,2024-03-21,18:10:45,BRTS-01,BRTS Ring Corridor: Outer Express,BRTS,BRTS-OR-02,East Ring Hub,West Ring Hub,18.0,85,91,35.0,3185.0,32,48,Major Delay
TRIP-12906,2024-03-21,19:50:15,BRTS-01,BRTS Ring Corridor: Outer Express,BRTS,BRTS-OR-03,East Ring Hub,West Ring Hub,18.0,85,77,35.0,2695.0,0,32,On-Time
TRIP-12907,2024-03-22,10:30:00,BUS-101,Central Station ⇄ IT Tech Park,Bus,BUS-KA01-E106,Central Railway Station,Cyber City Tech Park,16.5,60,62,30.0,1860.0,21,58,Major Delay
TRIP-12908,2024-03-22,13:20:45,BUS-101,Central Station ⇄ IT Tech Park,Bus,BUS-KA01-E101,Central Railway Station,Cyber City Tech Park,16.5,60,34,30.0,1020.0,0,45,On-Time
TRIP-12909,2024-03-22,20:15:30,BUS-101,Central Station ⇄ IT Tech Park,Bus,BUS-KA01-E104,Central Railway Station,Cyber City Tech Park,16.5,60,54,30.0,1620.0,0,45,On-Time
TRIP-12910,2024-03-22,21:45:15,BUS-101,Central Station ⇄ IT Tech Park,Bus,BUS-KA01-E108,Central Railway Station,Cyber City Tech Park,16.5,60,28,30.0,840.0,0,45,On-Time
TRIP-12911,2024-03-22,12:30:00,BUS-102,Airport Express ⇄ Downtown Terminal,Bus,BUS-KA01-A206,International Airport Terminal 2,Downtown Central Terminal,28.0,50,31,90.0,2790.0,0,60,On-Time
TRIP-12912,2024-03-22,17:20:30,BUS-102,Airport Express ⇄ Downtown Terminal,Bus,BUS-KA01-A207,International Airport Terminal 2,Downtown Central Terminal,28.0,50,54,90.0,4860.0,21,71,Major Delay
TRIP-12913,2024-03-22,19:30:15,BUS-102,Airport Express ⇄ Downtown Terminal,Bus,BUS-KA01-A201,International Airport Terminal 2,Downtown Central Terminal,28.0,50,48,90.0,4320.0,0,60,On-Time
TRIP-12914,2024-03-22,07:45:00,BUS-105,Westside Mall ⇄ Harbor Port,Bus,BUS-KA02-W302,Westside Mall Circle,South Harbor Port Gate,14.2,60,29,25.0,725.0,0,38,On-Time
TRIP-12915,2024-03-22,10:30:15,BUS-105,Westside Mall ⇄ Harbor Port,Bus,BUS-KA02-W305,Westside Mall Circle,South Harbor Port Gate,14.2,60,55,25.0,1375.0,0,38,On-Time
TRIP-12916,2024-03-22,13:20:45,BUS-105,Westside Mall ⇄ Harbor Port,Bus,BUS-KA02-W308,Westside Mall Circle,South Harbor Port Gate,14.2,60,27,25.0,675.0,0,38,On-Time
TRIP-12917,2024-03-22,14:40:45,BUS-105,Westside Mall ⇄ Harbor Port,Bus,BUS-KA02-W307,Westside Mall Circle,South Harbor Port Gate,14.2,60,32,25.0,800.0,0,38,On-Time
TRIP-12918,2024-03-22,21:20:45,BUS-105,Westside Mall ⇄ Harbor Port,Bus,BUS-KA02-W302,Westside Mall Circle,South Harbor Port Gate,14.2,60,29,25.0,725.0,0,38,On-Time
TRIP-12919,2024-03-22,08:00:00,BUS-110,University Campus ⇄ City Center,Bus,BUS-KA02-U402,State University North Gate,City Commercial Center,11.0,60,56,20.0,1120.0,14,42,Moderate Delay
TRIP-12920,2024-03-22,11:00:30,BUS-110,University Campus ⇄ City Center,Bus,BUS-KA02-U409,State University North Gate,City Commercial Center,11.0,60,35,20.0,700.0,0,32,On-Time
TRIP-12921,2024-03-22,14:45:00,BUS-110,University Campus ⇄ City Center,Bus,BUS-KA02-U407,State University North Gate,City Commercial Center,11.0,60,32,20.0,640.0,7,37,Moderate Delay
TRIP-12922,2024-03-22,15:00:30,BUS-110,University Campus ⇄ City Center,Bus,BUS-KA02-U407,State University North Gate,City Commercial Center,11.0,60,46,20.0,920.0,4,34,Moderate Delay
TRIP-12923,2024-03-22,06:50:15,METRO-BLU,Metro Blue Line: North Ridge ⇄ Tech Valley,Metro,METRO-B-02,North Ridge Terminal,Tech Valley Central,24.5,320,67,45.0,3015.0,0,35,On-Time
TRIP-12924,2024-03-22,09:15:15,METRO-BLU,Metro Blue Line: North Ridge ⇄ Tech Valley,Metro,METRO-B-05,North Ridge Terminal,Tech Valley Central,24.5,320,345,45.0,15525.0,8,41,Moderate Delay
TRIP-12925,2024-03-22,12:10:00,METRO-BLU,Metro Blue Line: North Ridge ⇄ Tech Valley,Metro,METRO-B-07,North Ridge Terminal,Tech Valley Central,24.5,320,212,45.0,9540.0,0,35,On-Time
TRIP-12926,2024-03-22,13:40:15,METRO-BLU,Metro Blue Line: North Ridge ⇄ Tech Valley,Metro,METRO-B-01,North Ridge Terminal,Tech Valley Central,24.5,320,180,45.0,8100.0,0,35,On-Time
TRIP-12927,2024-03-22,21:45:45,METRO-BLU,Metro Blue Line: North Ridge ⇄ Tech Valley,Metro,METRO-B-03,North Ridge Terminal,Tech Valley Central,24.5,320,171,45.0,7695.0,0,35,On-Time
TRIP-12928,2024-03-22,22:50:45,METRO-BLU,Metro Blue Line: North Ridge ⇄ Tech Valley,Metro,METRO-B-06,North Ridge Terminal,Tech Valley Central,24.5,320,77,45.0,3465.0,0,35,On-Time
TRIP-12929,2024-03-22,08:10:45,METRO-RED,Metro Red Line: East Suburb ⇄ Financial District,Metro,METRO-R-02,East Suburb Terminal,Financial District Hub,21.0,320,286,40.0,11440.0,0,30,On-Time
TRIP-12930,2024-03-22,10:45:45,METRO-RED,Metro Red Line: East Suburb ⇄ Financial District,Metro,METRO-R-02,East Suburb Terminal,Financial District Hub,21.0,320,243,40.0,9720.0,3,32,On-Time
TRIP-12931,2024-03-22,15:45:15,METRO-RED,Metro Red Line: East Suburb ⇄ Financial District,Metro,METRO-R-01,East Suburb Terminal,Financial District Hub,21.0,320,222,40.0,8880.0,0,30,On-Time
TRIP-12932,2024-03-22,19:50:15,METRO-RED,Metro Red Line: East Suburb ⇄ Financial District,Metro,METRO-R-09,East Suburb Terminal,Financial District Hub,21.0,320,345,40.0,13800.0,0,30,On-Time
TRIP-12933,2024-03-22,07:15:45,RAIL-CST,Suburban Rail: Coast Line ⇄ Old City Junction,Suburban Rail,RAIL-EMU-507,Coastal Harbor Junction,Old City Main Junction,38.0,750,425,25.0,10625.0,0,55,On-Time
TRIP-12934,2024-03-22,08:20:45,RAIL-CST,Suburban Rail: Coast Line ⇄ Old City Junction,Suburban Rail,RAIL-EMU-505,Coastal Harbor Junction,Old City Main Junction,38.0,750,682,25.0,17050.0,0,55,On-Time
TRIP-12935,2024-03-22,11:45:30,RAIL-CST,Suburban Rail: Coast Line ⇄ Old City Junction,Suburban Rail,RAIL-EMU-501,Coastal Harbor Junction,Old City Main Junction,38.0,750,499,25.0,12475.0,10,61,Moderate Delay
TRIP-12936,2024-03-22,13:20:15,RAIL-CST,Suburban Rail: Coast Line ⇄ Old City Junction,Suburban Rail,RAIL-EMU-503,Coastal Harbor Junction,Old City Main Junction,38.0,750,501,25.0,12525.0,4,58,Moderate Delay
TRIP-12937,2024-03-22,06:45:45,RAIL-EXT,Suburban Rail: Industrial Corridor ⇄ South Terminal,Suburban Rail,RAIL-EMU-605,Northern Industrial Zone,South Terminal Intermodal,42.5,750,159,30.0,4770.0,0,65,On-Time
TRIP-12938,2024-03-22,09:40:45,RAIL-EXT,Suburban Rail: Industrial Corridor ⇄ South Terminal,Suburban Rail,RAIL-EMU-603,Northern Industrial Zone,South Terminal Intermodal,42.5,750,788,30.0,23640.0,22,80,Major Delay
TRIP-12939,2024-03-22,10:20:30,RAIL-EXT,Suburban Rail: Industrial Corridor ⇄ South Terminal,Suburban Rail,RAIL-EMU-607,Northern Industrial Zone,South Terminal Intermodal,42.5,750,747,30.0,22410.0,4,68,Moderate Delay
TRIP-12940,2024-03-22,11:10:45,RAIL-EXT,Suburban Rail: Industrial Corridor ⇄ South Terminal,Suburban Rail,RAIL-EMU-601,Northern Industrial Zone,South Terminal Intermodal,42.5,750,521,30.0,15630.0,8,70,Moderate Delay
TRIP-12941,2024-03-22,09:10:30,BRTS-01,BRTS Ring Corridor: Outer Express,BRTS,BRTS-OR-01,East Ring Hub,West Ring Hub,18.0,85,91,35.0,3185.0,0,32,On-Time
TRIP-12942,2024-03-22,14:10:45,BRTS-01,BRTS Ring Corridor: Outer Express,BRTS,BRTS-OR-03,East Ring Hub,West Ring Hub,18.0,85,54,35.0,1890.0,0,32,On-Time
TRIP-12943,2024-03-22,16:10:30,BRTS-01,BRTS Ring Corridor: Outer Express,BRTS,BRTS-OR-02,East Ring Hub,West Ring Hub,18.0,85,56,35.0,1960.0,0,32,On-Time
TRIP-12944,2024-03-22,18:50:00,BRTS-01,BRTS Ring Corridor: Outer Express,BRTS,BRTS-OR-05,East Ring Hub,West Ring Hub,18.0,85,91,35.0,3185.0,0,32,On-Time
TRIP-12945,2024-03-23,07:00:00,BUS-101,Central Station ⇄ IT Tech Park,Bus,BUS-KA01-E102,Central Railway Station,Cyber City Tech Park,16.5,60,23,30.0,690.0,0,45,On-Time
TRIP-12946,2024-03-23,09:50:15,BUS-101,Central Station ⇄ IT Tech Park,Bus,BUS-KA01-E107,Central Railway Station,Cyber City Tech Park,16.5,60,51,30.0,1530.0,0,45,On-Time
TRIP-12947,2024-03-23,20:15:30,BUS-101,Central Station ⇄ IT Tech Park,Bus,BUS-KA01-E101,Central Railway Station,Cyber City Tech Park,16.5,60,40,30.0,1200.0,0,45,On-Time
TRIP-12948,2024-03-23,06:40:15,BUS-102,Airport Express ⇄ Downtown Terminal,Bus,BUS-KA01-A202,International Airport Terminal 2,Downtown Central Terminal,28.0,50,10,90.0,900.0,0,60,On-Time
TRIP-12949,2024-03-23,08:45:00,BUS-102,Airport Express ⇄ Downtown Terminal,Bus,BUS-KA01-A207,International Airport Terminal 2,Downtown Central Terminal,28.0,50,39,90.0,3510.0,0,60,On-Time
TRIP-12950,2024-03-23,14:10:15,BUS-102,Airport Express ⇄ Downtown Terminal,Bus,BUS-KA01-A209,International Airport Terminal 2,Downtown Central Terminal,28.0,50,25,90.0,2250.0,0,60,On-Time
TRIP-12951,2024-03-23,19:00:15,BUS-102,Airport Express ⇄ Downtown Terminal,Bus,BUS-KA01-A203,International Airport Terminal 2,Downtown Central Terminal,28.0,50,44,90.0,3960.0,11,67,Moderate Delay
TRIP-12952,2024-03-23,20:45:15,BUS-102,Airport Express ⇄ Downtown Terminal,Bus,BUS-KA01-A204,International Airport Terminal 2,Downtown Central Terminal,28.0,50,31,90.0,2790.0,0,60,On-Time
TRIP-12953,2024-03-23,10:40:45,BUS-105,Westside Mall ⇄ Harbor Port,Bus,BUS-KA02-W305,Westside Mall Circle,South Harbor Port Gate,14.2,60,48,25.0,1200.0,4,41,Moderate Delay
TRIP-12954,2024-03-23,11:15:30,BUS-105,Westside Mall ⇄ Harbor Port,Bus,BUS-KA02-W301,Westside Mall Circle,South Harbor Port Gate,14.2,60,24,25.0,600.0,0,38,On-Time
TRIP-12955,2024-03-23,16:10:15,BUS-105,Westside Mall ⇄ Harbor Port,Bus,BUS-KA02-W303,Westside Mall Circle,South Harbor Port Gate,14.2,60,43,25.0,1075.0,0,38,On-Time
TRIP-12956,2024-03-23,18:30:45,BUS-105,Westside Mall ⇄ Harbor Port,Bus,BUS-KA02-W304,Westside Mall Circle,South Harbor Port Gate,14.2,60,53,25.0,1325.0,0,38,On-Time
TRIP-12957,2024-03-23,06:30:15,BUS-110,University Campus ⇄ City Center,Bus,BUS-KA02-U406,State University North Gate,City Commercial Center,11.0,60,12,20.0,240.0,5,34,Moderate Delay
TRIP-12958,2024-03-23,08:20:45,BUS-110,University Campus ⇄ City Center,Bus,BUS-KA02-U408,State University North Gate,City Commercial Center,11.0,60,44,20.0,880.0,0,32,On-Time
TRIP-12959,2024-03-23,18:40:30,BUS-110,University Campus ⇄ City Center,Bus,BUS-KA02-U405,State University North Gate,City Commercial Center,11.0,60,59,20.0,1180.0,0,32,On-Time
TRIP-12960,2024-03-23,20:15:00,BUS-110,University Campus ⇄ City Center,Bus,BUS-KA02-U408,State University North Gate,City Commercial Center,11.0,60,33,20.0,660.0,0,32,On-Time
TRIP-12961,2024-03-23,22:20:30,BUS-110,University Campus ⇄ City Center,Bus,BUS-KA02-U404,State University North Gate,City Commercial Center,11.0,60,12,20.0,240.0,0,32,On-Time
TRIP-12962,2024-03-23,06:45:45,METRO-BLU,Metro Blue Line: North Ridge ⇄ Tech Valley,Metro,METRO-B-05,North Ridge Terminal,Tech Valley Central,24.5,320,65,45.0,2925.0,0,35,On-Time
TRIP-12963,2024-03-23,12:10:15,METRO-BLU,Metro Blue Line: North Ridge ⇄ Tech Valley,Metro,METRO-B-03,North Ridge Terminal,Tech Valley Central,24.5,320,136,45.0,6120.0,0,35,On-Time
TRIP-12964,2024-03-23,13:15:00,METRO-BLU,Metro Blue Line: North Ridge ⇄ Tech Valley,Metro,METRO-B-03,North Ridge Terminal,Tech Valley Central,24.5,320,159,45.0,7155.0,9,40,Moderate Delay
TRIP-12965,2024-03-23,19:45:15,METRO-BLU,Metro Blue Line: North Ridge ⇄ Tech Valley,Metro,METRO-B-10,North Ridge Terminal,Tech Valley Central,24.5,320,202,45.0,9090.0,2,36,On-Time
TRIP-12966,2024-03-23,09:15:15,METRO-RED,Metro Red Line: East Suburb ⇄ Financial District,Metro,METRO-R-07,East Suburb Terminal,Financial District Hub,21.0,320,255,40.0,10200.0,0,30,On-Time
TRIP-12967,2024-03-23,11:50:45,METRO-RED,Metro Red Line: East Suburb ⇄ Financial District,Metro,METRO-R-02,East Suburb Terminal,Financial District Hub,21.0,320,149,40.0,5960.0,7,33,Moderate Delay
TRIP-12968,2024-03-23,12:20:30,METRO-RED,Metro Red Line: East Suburb ⇄ Financial District,Metro,METRO-R-04,East Suburb Terminal,Financial District Hub,21.0,320,145,40.0,5800.0,5,34,Moderate Delay
TRIP-12969,2024-03-23,15:10:30,METRO-RED,Metro Red Line: East Suburb ⇄ Financial District,Metro,METRO-R-10,East Suburb Terminal,Financial District Hub,21.0,320,142,40.0,5680.0,0,30,On-Time
TRIP-12970,2024-03-23,19:10:15,METRO-RED,Metro Red Line: East Suburb ⇄ Financial District,Metro,METRO-R-02,East Suburb Terminal,Financial District Hub,21.0,320,301,40.0,12040.0,1,30,On-Time
TRIP-12971,2024-03-23,21:30:30,METRO-RED,Metro Red Line: East Suburb ⇄ Financial District,Metro,METRO-R-07,East Suburb Terminal,Financial District Hub,21.0,320,95,40.0,3800.0,0,30,On-Time
TRIP-12972,2024-03-23,08:20:00,RAIL-CST,Suburban Rail: Coast Line ⇄ Old City Junction,Suburban Rail,RAIL-EMU-502,Coastal Harbor Junction,Old City Main Junction,38.0,750,702,25.0,17550.0,0,55,On-Time
TRIP-12973,2024-03-23,15:30:00,RAIL-CST,Suburban Rail: Coast Line ⇄ Old City Junction,Suburban Rail,RAIL-EMU-503,Coastal Harbor Junction,Old City Main Junction,38.0,750,306,25.0,7650.0,0,55,On-Time
TRIP-12974,2024-03-23,10:00:45,RAIL-EXT,Suburban Rail: Industrial Corridor ⇄ South Terminal,Suburban Rail,RAIL-EMU-602,Northern Industrial Zone,South Terminal Intermodal,42.5,750,557,30.0,16710.0,0,65,On-Time
TRIP-12975,2024-03-23,21:15:30,RAIL-EXT,Suburban Rail: Industrial Corridor ⇄ South Terminal,Suburban Rail,RAIL-EMU-606,Northern Industrial Zone,South Terminal Intermodal,42.5,750,319,30.0,9570.0,0,65,On-Time
TRIP-12976,2024-03-23,07:40:15,BRTS-01,BRTS Ring Corridor: Outer Express,BRTS,BRTS-OR-07,East Ring Hub,West Ring Hub,18.0,85,27,35.0,945.0,0,32,On-Time
TRIP-12977,2024-03-23,09:10:30,BRTS-01,BRTS Ring Corridor: Outer Express,BRTS,BRTS-OR-01,East Ring Hub,West Ring Hub,18.0,85,78,35.0,2730.0,0,32,On-Time
TRIP-12978,2024-03-23,11:40:45,BRTS-01,BRTS Ring Corridor: Outer Express,BRTS,BRTS-OR-06,East Ring Hub,West Ring Hub,18.0,85,41,35.0,1435.0,0,32,On-Time
TRIP-12979,2024-03-24,06:45:45,BUS-101,Central Station ⇄ IT Tech Park,Bus,BUS-KA01-E108,Central Railway Station,Cyber City Tech Park,16.5,60,12,30.0,360.0,0,45,On-Time
TRIP-12980,2024-03-24,15:15:30,BUS-101,Central Station ⇄ IT Tech Park,Bus,BUS-KA01-E105,Central Railway Station,Cyber City Tech Park,16.5,60,34,30.0,1020.0,4,48,Moderate Delay
TRIP-12981,2024-03-24,20:50:30,BUS-101,Central Station ⇄ IT Tech Park,Bus,BUS-KA01-E111,Central Railway Station,Cyber City Tech Park,16.5,60,30,30.0,900.0,4,48,Moderate Delay
TRIP-12982,2024-03-24,16:45:00,BUS-102,Airport Express ⇄ Downtown Terminal,Bus,BUS-KA01-A203,International Airport Terminal 2,Downtown Central Terminal,28.0,50,24,90.0,2160.0,0,60,On-Time
TRIP-12983,2024-03-24,19:10:45,BUS-102,Airport Express ⇄ Downtown Terminal,Bus,BUS-KA01-A203,International Airport Terminal 2,Downtown Central Terminal,28.0,50,47,90.0,4230.0,18,72,Major Delay
TRIP-12984,2024-03-24,21:00:15,BUS-102,Airport Express ⇄ Downtown Terminal,Bus,BUS-KA01-A202,International Airport Terminal 2,Downtown Central Terminal,28.0,50,19,90.0,1710.0,0,60,On-Time
TRIP-12985,2024-03-24,09:00:15,BUS-105,Westside Mall ⇄ Harbor Port,Bus,BUS-KA02-W305,Westside Mall Circle,South Harbor Port Gate,14.2,60,49,25.0,1225.0,22,56,Major Delay
TRIP-12986,2024-03-24,12:30:45,BUS-105,Westside Mall ⇄ Harbor Port,Bus,BUS-KA02-W308,Westside Mall Circle,South Harbor Port Gate,14.2,60,24,25.0,600.0,0,38,On-Time
TRIP-12987,2024-03-24,13:45:00,BUS-105,Westside Mall ⇄ Harbor Port,Bus,BUS-KA02-W303,Westside Mall Circle,South Harbor Port Gate,14.2,60,24,25.0,600.0,0,38,On-Time
TRIP-12988,2024-03-24,20:20:30,BUS-105,Westside Mall ⇄ Harbor Port,Bus,BUS-KA02-W308,Westside Mall Circle,South Harbor Port Gate,14.2,60,42,25.0,1050.0,0,38,On-Time
TRIP-12989,2024-03-24,21:45:30,BUS-105,Westside Mall ⇄ Harbor Port,Bus,BUS-KA02-W308,Westside Mall Circle,South Harbor Port Gate,14.2,60,18,25.0,450.0,0,38,On-Time
TRIP-12990,2024-03-24,07:20:15,BUS-110,University Campus ⇄ City Center,Bus,BUS-KA02-U406,State University North Gate,City Commercial Center,11.0,60,27,20.0,540.0,0,32,On-Time
TRIP-12991,2024-03-24,13:45:15,BUS-110,University Campus ⇄ City Center,Bus,BUS-KA02-U406,State University North Gate,City Commercial Center,11.0,60,30,20.0,600.0,2,33,On-Time
TRIP-12992,2024-03-24,17:00:30,BUS-110,University Campus ⇄ City Center,Bus,BUS-KA02-U402,State University North Gate,City Commercial Center,11.0,60,47,20.0,940.0,0,32,On-Time
TRIP-12993,2024-03-24,21:40:45,BUS-110,University Campus ⇄ City Center,Bus,BUS-KA02-U406,State University North Gate,City Commercial Center,11.0,60,19,20.0,380.0,0,32,On-Time
TRIP-12994,2024-03-24,22:20:00,BUS-110,University Campus ⇄ City Center,Bus,BUS-KA02-U401,State University North Gate,City Commercial Center,11.0,60,15,20.0,300.0,8,38,Moderate Delay
TRIP-12995,2024-03-24,06:00:30,METRO-BLU,Metro Blue Line: North Ridge ⇄ Tech Valley,Metro,METRO-B-01,North Ridge Terminal,Tech Valley Central,24.5,320,64,45.0,2880.0,0,35,On-Time
TRIP-12996,2024-03-24,09:20:15,METRO-BLU,Metro Blue Line: North Ridge ⇄ Tech Valley,Metro,METRO-B-04,North Ridge Terminal,Tech Valley Central,24.5,320,250,45.0,11250.0,0,35,On-Time
TRIP-12997,2024-03-24,15:45:45,METRO-BLU,Metro Blue Line: North Ridge ⇄ Tech Valley,Metro,METRO-B-01,North Ridge Terminal,Tech Valley Central,24.5,320,179,45.0,8055.0,0,35,On-Time
TRIP-12998,2024-03-24,22:20:30,METRO-BLU,Metro Blue Line: North Ridge ⇄ Tech Valley,Metro,METRO-B-05,North Ridge Terminal,Tech Valley Central,24.5,320,83,45.0,3735.0,0,35,On-Time
TRIP-12999,2024-03-24,06:45:30,METRO-RED,Metro Red Line: East Suburb ⇄ Financial District,Metro,METRO-R-07,East Suburb Terminal,Financial District Hub,21.0,320,64,40.0,2560.0,0,30,On-Time
TRIP-13000,2024-03-24,08:30:45,METRO-RED,Metro Red Line: East Suburb ⇄ Financial District,Metro,METRO-R-06,East Suburb Terminal,Financial District Hub,21.0,320,282,40.0,11280.0,4,33,Moderate Delay
TRIP-13001,2024-03-24,14:45:15,METRO-RED,Metro Red Line: East Suburb ⇄ Financial District,Metro,METRO-R-08,East Suburb Terminal,Financial District Hub,21.0,320,126,40.0,5040.0,0,30,On-Time
TRIP-13002,2024-03-24,20:30:30,METRO-RED,Metro Red Line: East Suburb ⇄ Financial District,Metro,METRO-R-01,East Suburb Terminal,Financial District Hub,21.0,320,215,40.0,8600.0,0,30,On-Time
TRIP-13003,2024-03-24,21:45:45,METRO-RED,Metro Red Line: East Suburb ⇄ Financial District,Metro,METRO-R-08,East Suburb Terminal,Financial District Hub,21.0,320,95,40.0,3800.0,0,30,On-Time
TRIP-13004,2024-03-24,22:00:15,METRO-RED,Metro Red Line: East Suburb ⇄ Financial District,Metro,METRO-R-10,East Suburb Terminal,Financial District Hub,21.0,320,64,40.0,2560.0,0,30,On-Time
TRIP-13005,2024-03-24,13:10:00,RAIL-CST,Suburban Rail: Coast Line ⇄ Old City Junction,Suburban Rail,RAIL-EMU-504,Coastal Harbor Junction,Old City Main Junction,38.0,750,278,25.0,6950.0,0,55,On-Time
TRIP-13006,2024-03-24,15:45:00,RAIL-CST,Suburban Rail: Coast Line ⇄ Old City Junction,Suburban Rail,RAIL-EMU-505,Coastal Harbor Junction,Old City Main Junction,38.0,750,318,25.0,7950.0,0,55,On-Time
TRIP-13007,2024-03-24,11:45:15,RAIL-EXT,Suburban Rail: Industrial Corridor ⇄ South Terminal,Suburban Rail,RAIL-EMU-601,Northern Industrial Zone,South Terminal Intermodal,42.5,750,313,30.0,9390.0,10,72,Moderate Delay
TRIP-13008,2024-03-24,16:30:45,RAIL-EXT,Suburban Rail: Industrial Corridor ⇄ South Terminal,Suburban Rail,RAIL-EMU-601,Northern Industrial Zone,South Terminal Intermodal,42.5,750,519,30.0,15570.0,0,65,On-Time
TRIP-13009,2024-03-24,06:50:45,BRTS-01,BRTS Ring Corridor: Outer Express,BRTS,BRTS-OR-08,East Ring Hub,West Ring Hub,18.0,85,19,35.0,665.0,0,32,On-Time
TRIP-13010,2024-03-24,13:00:15,BRTS-01,BRTS Ring Corridor: Outer Express,BRTS,BRTS-OR-02,East Ring Hub,West Ring Hub,18.0,85,41,35.0,1435.0,0,32,On-Time
TRIP-13011,2024-03-24,16:30:45,BRTS-01,BRTS Ring Corridor: Outer Express,BRTS,BRTS-OR-04,East Ring Hub,West Ring Hub,18.0,85,57,35.0,1995.0,0,32,On-Time
TRIP-13012,2024-03-24,21:30:45,BRTS-01,BRTS Ring Corridor: Outer Express,BRTS,BRTS-OR-07,East Ring Hub,West Ring Hub,18.0,85,35,35.0,1225.0,0,32,On-Time
TRIP-13013,2024-03-25,09:40:45,BUS-101,Central Station ⇄ IT Tech Park,Bus,BUS-KA01-E107,Central Railway Station,Cyber City Tech Park,16.5,60,64,30.0,1920.0,4,47,Moderate Delay
TRIP-13014,2024-03-25,11:10:30,BUS-101,Central Station ⇄ IT Tech Park,Bus,BUS-KA01-E108,Central Railway Station,Cyber City Tech Park,16.5,60,30,30.0,900.0,0,45,On-Time
TRIP-13015,2024-03-25,19:00:15,BUS-101,Central Station ⇄ IT Tech Park,Bus,BUS-KA01-E101,Central Railway Station,Cyber City Tech Park,16.5,60,64,30.0,1920.0,7,49,Moderate Delay
TRIP-13016,2024-03-25,07:20:45,BUS-102,Airport Express ⇄ Downtown Terminal,Bus,BUS-KA01-A209,International Airport Terminal 2,Downtown Central Terminal,28.0,50,29,90.0,2610.0,0,60,On-Time
TRIP-13017,2024-03-25,12:10:45,BUS-102,Airport Express ⇄ Downtown Terminal,Bus,BUS-KA01-A201,International Airport Terminal 2,Downtown Central Terminal,28.0,50,27,90.0,2430.0,9,66,Moderate Delay
TRIP-13018,2024-03-25,13:20:00,BUS-102,Airport Express ⇄ Downtown Terminal,Bus,BUS-KA01-A204,International Airport Terminal 2,Downtown Central Terminal,28.0,50,29,90.0,2610.0,0,60,On-Time
TRIP-13019,2024-03-25,20:00:15,BUS-102,Airport Express ⇄ Downtown Terminal,Bus,BUS-KA01-A204,International Airport Terminal 2,Downtown Central Terminal,28.0,50,37,90.0,3330.0,5,63,Moderate Delay
TRIP-13020,2024-03-25,15:40:15,BUS-105,Westside Mall ⇄ Harbor Port,Bus,BUS-KA02-W307,Westside Mall Circle,South Harbor Port Gate,14.2,60,46,25.0,1150.0,0,38,On-Time
TRIP-13021,2024-03-25,17:00:00,BUS-105,Westside Mall ⇄ Harbor Port,Bus,BUS-KA02-W308,Westside Mall Circle,South Harbor Port Gate,14.2,60,64,25.0,1600.0,0,38,On-Time
TRIP-13022,2024-03-25,20:40:45,BUS-105,Westside Mall ⇄ Harbor Port,Bus,BUS-KA02-W305,Westside Mall Circle,South Harbor Port Gate,14.2,60,55,25.0,1375.0,0,38,On-Time
TRIP-13023,2024-03-25,22:15:00,BUS-105,Westside Mall ⇄ Harbor Port,Bus,BUS-KA02-W305,Westside Mall Circle,South Harbor Port Gate,14.2,60,16,25.0,400.0,0,38,On-Time
TRIP-13024,2024-03-25,07:10:00,BUS-110,University Campus ⇄ City Center,Bus,BUS-KA02-U406,State University North Gate,City Commercial Center,11.0,60,33,20.0,660.0,9,38,Moderate Delay
TRIP-13025,2024-03-25,09:40:15,BUS-110,University Campus ⇄ City Center,Bus,BUS-KA02-U406,State University North Gate,City Commercial Center,11.0,60,64,20.0,1280.0,0,32,On-Time
TRIP-13026,2024-03-25,14:45:45,BUS-110,University Campus ⇄ City Center,Bus,BUS-KA02-U408,State University North Gate,City Commercial Center,11.0,60,31,20.0,620.0,6,35,Moderate Delay
TRIP-13027,2024-03-25,15:50:00,BUS-110,University Campus ⇄ City Center,Bus,BUS-KA02-U407,State University North Gate,City Commercial Center,11.0,60,37,20.0,740.0,0,32,On-Time
TRIP-13028,2024-03-25,16:10:45,BUS-110,University Campus ⇄ City Center,Bus,BUS-KA02-U408,State University North Gate,City Commercial Center,11.0,60,56,20.0,1120.0,0,32,On-Time
TRIP-13029,2024-03-25,15:15:45,METRO-BLU,Metro Blue Line: North Ridge ⇄ Tech Valley,Metro,METRO-B-06,North Ridge Terminal,Tech Valley Central,24.5,320,250,45.0,11250.0,0,35,On-Time
TRIP-13030,2024-03-25,16:10:30,METRO-BLU,Metro Blue Line: North Ridge ⇄ Tech Valley,Metro,METRO-B-01,North Ridge Terminal,Tech Valley Central,24.5,320,264,45.0,11880.0,6,40,Moderate Delay
TRIP-13031,2024-03-25,19:10:45,METRO-BLU,Metro Blue Line: North Ridge ⇄ Tech Valley,Metro,METRO-B-07,North Ridge Terminal,Tech Valley Central,24.5,320,299,45.0,13455.0,0,35,On-Time
TRIP-13032,2024-03-25,20:50:00,METRO-BLU,Metro Blue Line: North Ridge ⇄ Tech Valley,Metro,METRO-B-01,North Ridge Terminal,Tech Valley Central,24.5,320,233,45.0,10485.0,9,41,Moderate Delay
TRIP-13033,2024-03-25,07:20:15,METRO-RED,Metro Red Line: East Suburb ⇄ Financial District,Metro,METRO-R-01,East Suburb Terminal,Financial District Hub,21.0,320,174,40.0,6960.0,0,30,On-Time
TRIP-13034,2024-03-25,10:45:30,METRO-RED,Metro Red Line: East Suburb ⇄ Financial District,Metro,METRO-R-06,East Suburb Terminal,Financial District Hub,21.0,320,327,40.0,13080.0,2,31,On-Time
TRIP-13035,2024-03-25,11:50:00,METRO-RED,Metro Red Line: East Suburb ⇄ Financial District,Metro,METRO-R-02,East Suburb Terminal,Financial District Hub,21.0,320,189,40.0,7560.0,0,30,On-Time
TRIP-13036,2024-03-25,20:45:45,METRO-RED,Metro Red Line: East Suburb ⇄ Financial District,Metro,METRO-R-07,East Suburb Terminal,Financial District Hub,21.0,320,298,40.0,11920.0,0,30,On-Time
TRIP-13037,2024-03-25,22:20:45,METRO-RED,Metro Red Line: East Suburb ⇄ Financial District,Metro,METRO-R-04,East Suburb Terminal,Financial District Hub,21.0,320,89,40.0,3560.0,0,30,On-Time
TRIP-13038,2024-03-25,14:50:45,RAIL-CST,Suburban Rail: Coast Line ⇄ Old City Junction,Suburban Rail,RAIL-EMU-502,Coastal Harbor Junction,Old City Main Junction,38.0,750,458,25.0,11450.0,8,59,Moderate Delay
TRIP-13039,2024-03-25,16:20:45,RAIL-CST,Suburban Rail: Coast Line ⇄ Old City Junction,Suburban Rail,RAIL-EMU-503,Coastal Harbor Junction,Old City Main Junction,38.0,750,704,25.0,17600.0,0,55,On-Time
TRIP-13040,2024-03-25,21:20:00,RAIL-CST,Suburban Rail: Coast Line ⇄ Old City Junction,Suburban Rail,RAIL-EMU-505,Coastal Harbor Junction,Old City Main Junction,38.0,750,410,25.0,10250.0,3,56,On-Time
TRIP-13041,2024-03-25,09:20:15,RAIL-EXT,Suburban Rail: Industrial Corridor ⇄ South Terminal,Suburban Rail,RAIL-EMU-602,Northern Industrial Zone,South Terminal Intermodal,42.5,750,810,30.0,24300.0,22,82,Major Delay
TRIP-13042,2024-03-25,19:15:15,RAIL-EXT,Suburban Rail: Industrial Corridor ⇄ South Terminal,Suburban Rail,RAIL-EMU-601,Northern Industrial Zone,South Terminal Intermodal,42.5,750,808,30.0,24240.0,0,65,On-Time
TRIP-13043,2024-03-25,21:15:15,RAIL-EXT,Suburban Rail: Industrial Corridor ⇄ South Terminal,Suburban Rail,RAIL-EMU-607,Northern Industrial Zone,South Terminal Intermodal,42.5,750,339,30.0,10170.0,0,65,On-Time
TRIP-13044,2024-03-25,08:50:45,BRTS-01,BRTS Ring Corridor: Outer Express,BRTS,BRTS-OR-04,East Ring Hub,West Ring Hub,18.0,85,91,35.0,3185.0,0,32,On-Time
TRIP-13045,2024-03-25,10:40:15,BRTS-01,BRTS Ring Corridor: Outer Express,BRTS,BRTS-OR-02,East Ring Hub,West Ring Hub,18.0,85,65,35.0,2275.0,15,39,Moderate Delay
TRIP-13046,2024-03-25,11:30:00,BRTS-01,BRTS Ring Corridor: Outer Express,BRTS,BRTS-OR-03,East Ring Hub,West Ring Hub,18.0,85,44,35.0,1540.0,0,32,On-Time
TRIP-13047,2024-03-25,18:30:30,BRTS-01,BRTS Ring Corridor: Outer Express,BRTS,BRTS-OR-02,East Ring Hub,West Ring Hub,18.0,85,89,35.0,3115.0,0,32,On-Time
TRIP-13048,2024-03-26,06:50:30,BUS-101,Central Station ⇄ IT Tech Park,Bus,BUS-KA01-E105,Central Railway Station,Cyber City Tech Park,16.5,60,17,30.0,510.0,0,45,On-Time
TRIP-13049,2024-03-26,10:40:15,BUS-101,Central Station ⇄ IT Tech Park,Bus,BUS-KA01-E110,Central Railway Station,Cyber City Tech Park,16.5,60,64,30.0,1920.0,32,65,Major Delay
TRIP-13050,2024-03-26,15:10:15,BUS-101,Central Station ⇄ IT Tech Park,Bus,BUS-KA01-E107,Central Railway Station,Cyber City Tech Park,16.5,60,41,30.0,1230.0,1,45,On-Time
TRIP-13051,2024-03-26,20:30:15,BUS-101,Central Station ⇄ IT Tech Park,Bus,BUS-KA01-E103,Central Railway Station,Cyber City Tech Park,16.5,60,41,30.0,1230.0,7,51,Moderate Delay
TRIP-13052,2024-03-26,22:15:45,BUS-101,Central Station ⇄ IT Tech Park,Bus,BUS-KA01-E102,Central Railway Station,Cyber City Tech Park,16.5,60,17,30.0,510.0,0,45,On-Time
TRIP-13053,2024-03-26,07:30:45,BUS-102,Airport Express ⇄ Downtown Terminal,Bus,BUS-KA01-A209,International Airport Terminal 2,Downtown Central Terminal,28.0,50,21,90.0,1890.0,0,60,On-Time
TRIP-13054,2024-03-26,12:40:00,BUS-102,Airport Express ⇄ Downtown Terminal,Bus,BUS-KA01-A206,International Airport Terminal 2,Downtown Central Terminal,28.0,50,26,90.0,2340.0,0,60,On-Time
TRIP-13055,2024-03-26,20:15:30,BUS-102,Airport Express ⇄ Downtown Terminal,Bus,BUS-KA01-A201,International Airport Terminal 2,Downtown Central Terminal,28.0,50,33,90.0,2970.0,0,60,On-Time
TRIP-13056,2024-03-26,22:50:30,BUS-102,Airport Express ⇄ Downtown Terminal,Bus,BUS-KA01-A207,International Airport Terminal 2,Downtown Central Terminal,28.0,50,16,90.0,1440.0,8,64,Moderate Delay
TRIP-13057,2024-03-26,11:45:15,BUS-105,Westside Mall ⇄ Harbor Port,Bus,BUS-KA02-W307,Westside Mall Circle,South Harbor Port Gate,14.2,60,36,25.0,900.0,0,38,On-Time
TRIP-13058,2024-03-26,12:15:00,BUS-105,Westside Mall ⇄ Harbor Port,Bus,BUS-KA02-W309,Westside Mall Circle,South Harbor Port Gate,14.2,60,40,25.0,1000.0,7,42,Moderate Delay
TRIP-13059,2024-03-26,13:40:45,BUS-105,Westside Mall ⇄ Harbor Port,Bus,BUS-KA02-W302,Westside Mall Circle,South Harbor Port Gate,14.2,60,38,25.0,950.0,0,38,On-Time
TRIP-13060,2024-03-26,17:30:45,BUS-105,Westside Mall ⇄ Harbor Port,Bus,BUS-KA02-W304,Westside Mall Circle,South Harbor Port Gate,14.2,60,61,25.0,1525.0,0,38,On-Time
TRIP-13061,2024-03-26,12:50:30,BUS-110,University Campus ⇄ City Center,Bus,BUS-KA02-U409,State University North Gate,City Commercial Center,11.0,60,40,20.0,800.0,0,32,On-Time
TRIP-13062,2024-03-26,15:45:00,BUS-110,University Campus ⇄ City Center,Bus,BUS-KA02-U406,State University North Gate,City Commercial Center,11.0,60,41,20.0,820.0,0,32,On-Time
TRIP-13063,2024-03-26,22:00:30,BUS-110,University Campus ⇄ City Center,Bus,BUS-KA02-U407,State University North Gate,City Commercial Center,11.0,60,18,20.0,360.0,0,32,On-Time
TRIP-13064,2024-03-26,08:20:30,METRO-BLU,Metro Blue Line: North Ridge ⇄ Tech Valley,Metro,METRO-B-09,North Ridge Terminal,Tech Valley Central,24.5,320,345,45.0,15525.0,2,36,On-Time
TRIP-13065,2024-03-26,12:10:00,METRO-BLU,Metro Blue Line: North Ridge ⇄ Tech Valley,Metro,METRO-B-04,North Ridge Terminal,Tech Valley Central,24.5,320,178,45.0,8010.0,0,35,On-Time
TRIP-13066,2024-03-26,15:30:00,METRO-BLU,Metro Blue Line: North Ridge ⇄ Tech Valley,Metro,METRO-B-03,North Ridge Terminal,Tech Valley Central,24.5,320,173,45.0,7785.0,8,40,Moderate Delay
TRIP-13067,2024-03-26,17:15:15,METRO-BLU,Metro Blue Line: North Ridge ⇄ Tech Valley,Metro,METRO-B-05,North Ridge Terminal,Tech Valley Central,24.5,320,345,45.0,15525.0,0,35,On-Time
TRIP-13068,2024-03-26,20:50:30,METRO-BLU,Metro Blue Line: North Ridge ⇄ Tech Valley,Metro,METRO-B-06,North Ridge Terminal,Tech Valley Central,24.5,320,219,45.0,9855.0,0,35,On-Time
TRIP-13069,2024-03-26,07:15:15,METRO-RED,Metro Red Line: East Suburb ⇄ Financial District,Metro,METRO-R-08,East Suburb Terminal,Financial District Hub,21.0,320,148,40.0,5920.0,0,30,On-Time
TRIP-13070,2024-03-26,14:00:30,METRO-RED,Metro Red Line: East Suburb ⇄ Financial District,Metro,METRO-R-07,East Suburb Terminal,Financial District Hub,21.0,320,204,40.0,8160.0,0,30,On-Time
TRIP-13071,2024-03-26,19:00:45,METRO-RED,Metro Red Line: East Suburb ⇄ Financial District,Metro,METRO-R-05,East Suburb Terminal,Financial District Hub,21.0,320,345,40.0,13800.0,0,30,On-Time
TRIP-13072,2024-03-26,20:40:45,METRO-RED,Metro Red Line: East Suburb ⇄ Financial District,Metro,METRO-R-09,East Suburb Terminal,Financial District Hub,21.0,320,232,40.0,9280.0,0,30,On-Time
TRIP-13073,2024-03-26,21:30:45,METRO-RED,Metro Red Line: East Suburb ⇄ Financial District,Metro,METRO-R-08,East Suburb Terminal,Financial District Hub,21.0,320,126,40.0,5040.0,0,30,On-Time
TRIP-13074,2024-03-26,09:20:00,RAIL-CST,Suburban Rail: Coast Line ⇄ Old City Junction,Suburban Rail,RAIL-EMU-502,Coastal Harbor Junction,Old City Main Junction,38.0,750,810,25.0,20250.0,0,55,On-Time
TRIP-13075,2024-03-26,14:45:00,RAIL-CST,Suburban Rail: Coast Line ⇄ Old City Junction,Suburban Rail,RAIL-EMU-502,Coastal Harbor Junction,Old City Main Junction,38.0,750,369,25.0,9225.0,0,55,On-Time
TRIP-13076,2024-03-26,16:45:00,RAIL-CST,Suburban Rail: Coast Line ⇄ Old City Junction,Suburban Rail,RAIL-EMU-503,Coastal Harbor Junction,Old City Main Junction,38.0,750,590,25.0,14750.0,2,56,On-Time
TRIP-13077,2024-03-26,18:40:45,RAIL-CST,Suburban Rail: Coast Line ⇄ Old City Junction,Suburban Rail,RAIL-EMU-506,Coastal Harbor Junction,Old City Main Junction,38.0,750,810,25.0,20250.0,11,61,Moderate Delay
TRIP-13078,2024-03-26,11:40:45,RAIL-EXT,Suburban Rail: Industrial Corridor ⇄ South Terminal,Suburban Rail,RAIL-EMU-604,Northern Industrial Zone,South Terminal Intermodal,42.5,750,449,30.0,13470.0,0,65,On-Time
TRIP-13079,2024-03-26,16:45:30,RAIL-EXT,Suburban Rail: Industrial Corridor ⇄ South Terminal,Suburban Rail,RAIL-EMU-605,Northern Industrial Zone,South Terminal Intermodal,42.5,750,496,30.0,14880.0,9,71,Moderate Delay
TRIP-13080,2024-03-26,18:45:15,RAIL-EXT,Suburban Rail: Industrial Corridor ⇄ South Terminal,Suburban Rail,RAIL-EMU-603,Northern Industrial Zone,South Terminal Intermodal,42.5,750,810,30.0,24300.0,5,68,Moderate Delay
TRIP-13081,2024-03-26,22:30:30,RAIL-EXT,Suburban Rail: Industrial Corridor ⇄ South Terminal,Suburban Rail,RAIL-EMU-603,Northern Industrial Zone,South Terminal Intermodal,42.5,750,189,30.0,5670.0,5,69,Moderate Delay
TRIP-13082,2024-03-26,20:30:00,BRTS-01,BRTS Ring Corridor: Outer Express,BRTS,BRTS-OR-07,East Ring Hub,West Ring Hub,18.0,85,57,35.0,1995.0,0,32,On-Time
TRIP-13083,2024-03-26,21:45:00,BRTS-01,BRTS Ring Corridor: Outer Express,BRTS,BRTS-OR-01,East Ring Hub,West Ring Hub,18.0,85,41,35.0,1435.0,6,36,Moderate Delay
TRIP-13084,2024-03-26,22:10:45,BRTS-01,BRTS Ring Corridor: Outer Express,BRTS,BRTS-OR-05,East Ring Hub,West Ring Hub,18.0,85,20,35.0,700.0,4,34,Moderate Delay
TRIP-13085,2024-03-27,10:45:00,BUS-101,Central Station ⇄ IT Tech Park,Bus,BUS-KA01-E101,Central Railway Station,Cyber City Tech Park,16.5,60,48,30.0,1440.0,0,45,On-Time
TRIP-13086,2024-03-27,12:20:00,BUS-101,Central Station ⇄ IT Tech Park,Bus,BUS-KA01-E102,Central Railway Station,Cyber City Tech Park,16.5,60,42,30.0,1260.0,0,45,On-Time
TRIP-13087,2024-03-27,14:20:30,BUS-101,Central Station ⇄ IT Tech Park,Bus,BUS-KA01-E110,Central Railway Station,Cyber City Tech Park,16.5,60,38,30.0,1140.0,7,50,Moderate Delay
TRIP-13088,2024-03-27,16:50:45,BUS-101,Central Station ⇄ IT Tech Park,Bus,BUS-KA01-E108,Central Railway Station,Cyber City Tech Park,16.5,60,56,30.0,1680.0,0,45,On-Time
TRIP-13089,2024-03-27,08:30:00,BUS-102,Airport Express ⇄ Downtown Terminal,Bus,BUS-KA01-A205,International Airport Terminal 2,Downtown Central Terminal,28.0,50,48,90.0,4320.0,21,74,Major Delay
TRIP-13090,2024-03-27,14:40:00,BUS-102,Airport Express ⇄ Downtown Terminal,Bus,BUS-KA01-A208,International Airport Terminal 2,Downtown Central Terminal,28.0,50,29,90.0,2610.0,0,60,On-Time
TRIP-13091,2024-03-27,16:30:00,BUS-102,Airport Express ⇄ Downtown Terminal,Bus,BUS-KA01-A204,International Airport Terminal 2,Downtown Central Terminal,28.0,50,42,90.0,3780.0,0,60,On-Time
TRIP-13092,2024-03-27,06:00:15,BUS-105,Westside Mall ⇄ Harbor Port,Bus,BUS-KA02-W305,Westside Mall Circle,South Harbor Port Gate,14.2,60,16,25.0,400.0,0,38,On-Time
TRIP-13093,2024-03-27,11:30:15,BUS-105,Westside Mall ⇄ Harbor Port,Bus,BUS-KA02-W304,Westside Mall Circle,South Harbor Port Gate,14.2,60,40,25.0,1000.0,0,38,On-Time
TRIP-13094,2024-03-27,14:10:30,BUS-105,Westside Mall ⇄ Harbor Port,Bus,BUS-KA02-W306,Westside Mall Circle,South Harbor Port Gate,14.2,60,41,25.0,1025.0,0,38,On-Time
TRIP-13095,2024-03-27,15:30:00,BUS-105,Westside Mall ⇄ Harbor Port,Bus,BUS-KA02-W304,Westside Mall Circle,South Harbor Port Gate,14.2,60,39,25.0,975.0,0,38,On-Time
TRIP-13096,2024-03-27,20:10:45,BUS-105,Westside Mall ⇄ Harbor Port,Bus,BUS-KA02-W308,Westside Mall Circle,South Harbor Port Gate,14.2,60,50,25.0,1250.0,0,38,On-Time
TRIP-13097,2024-03-27,09:10:45,BUS-110,University Campus ⇄ City Center,Bus,BUS-KA02-U403,State University North Gate,City Commercial Center,11.0,60,64,20.0,1280.0,0,32,On-Time
TRIP-13098,2024-03-27,10:20:00,BUS-110,University Campus ⇄ City Center,Bus,BUS-KA02-U406,State University North Gate,City Commercial Center,11.0,60,56,20.0,1120.0,0,32,On-Time
TRIP-13099,2024-03-27,16:45:30,BUS-110,University Campus ⇄ City Center,Bus,BUS-KA02-U404,State University North Gate,City Commercial Center,11.0,60,41,20.0,820.0,0,32,On-Time
TRIP-13100,2024-03-27,17:15:45,BUS-110,University Campus ⇄ City Center,Bus,BUS-KA02-U407,State University North Gate,City Commercial Center,11.0,60,54,20.0,1080.0,0,32,On-Time
TRIP-13101,2024-03-27,10:20:00,METRO-BLU,Metro Blue Line: North Ridge ⇄ Tech Valley,Metro,METRO-B-03,North Ridge Terminal,Tech Valley Central,24.5,320,341,45.0,15345.0,1,35,On-Time
TRIP-13102,2024-03-27,11:20:00,METRO-BLU,Metro Blue Line: North Ridge ⇄ Tech Valley,Metro,METRO-B-02,North Ridge Terminal,Tech Valley Central,24.5,320,193,45.0,8685.0,0,35,On-Time
TRIP-13103,2024-03-27,12:50:15,METRO-BLU,Metro Blue Line: North Ridge ⇄ Tech Valley,Metro,METRO-B-06,North Ridge Terminal,Tech Valley Central,24.5,320,176,45.0,7920.0,7,40,Moderate Delay
TRIP-13104,2024-03-27,13:30:45,METRO-BLU,Metro Blue Line: North Ridge ⇄ Tech Valley,Metro,METRO-B-07,North Ridge Terminal,Tech Valley Central,24.5,320,188,45.0,8460.0,0,35,On-Time
TRIP-13105,2024-03-27,14:15:15,METRO-BLU,Metro Blue Line: North Ridge ⇄ Tech Valley,Metro,METRO-B-08,North Ridge Terminal,Tech Valley Central,24.5,320,163,45.0,7335.0,0,35,On-Time
TRIP-13106,2024-03-27,20:10:45,METRO-BLU,Metro Blue Line: North Ridge ⇄ Tech Valley,Metro,METRO-B-03,North Ridge Terminal,Tech Valley Central,24.5,320,264,45.0,11880.0,0,35,On-Time
TRIP-13107,2024-03-27,13:00:00,METRO-RED,Metro Red Line: East Suburb ⇄ Financial District,Metro,METRO-R-06,East Suburb Terminal,Financial District Hub,21.0,320,195,40.0,7800.0,0,30,On-Time
TRIP-13108,2024-03-27,16:30:45,METRO-RED,Metro Red Line: East Suburb ⇄ Financial District,Metro,METRO-R-08,East Suburb Terminal,Financial District Hub,21.0,320,217,40.0,8680.0,0,30,On-Time
TRIP-13109,2024-03-27,19:50:30,METRO-RED,Metro Red Line: East Suburb ⇄ Financial District,Metro,METRO-R-06,East Suburb Terminal,Financial District Hub,21.0,320,345,40.0,13800.0,8,35,Moderate Delay
TRIP-13110,2024-03-27,21:40:15,METRO-RED,Metro Red Line: East Suburb ⇄ Financial District,Metro,METRO-R-01,East Suburb Terminal,Financial District Hub,21.0,320,161,40.0,6440.0,9,36,Moderate Delay
TRIP-13111,2024-03-27,12:10:30,RAIL-CST,Suburban Rail: Coast Line ⇄ Old City Junction,Suburban Rail,RAIL-EMU-505,Coastal Harbor Junction,Old City Main Junction,38.0,750,464,25.0,11600.0,0,55,On-Time
TRIP-13112,2024-03-27,14:30:30,RAIL-CST,Suburban Rail: Coast Line ⇄ Old City Junction,Suburban Rail,RAIL-EMU-504,Coastal Harbor Junction,Old City Main Junction,38.0,750,451,25.0,11275.0,0,55,On-Time
TRIP-13113,2024-03-27,20:15:45,RAIL-CST,Suburban Rail: Coast Line ⇄ Old City Junction,Suburban Rail,RAIL-EMU-504,Coastal Harbor Junction,Old City Main Junction,38.0,750,667,25.0,16675.0,5,58,Moderate Delay
TRIP-13114,2024-03-27,06:15:00,RAIL-EXT,Suburban Rail: Industrial Corridor ⇄ South Terminal,Suburban Rail,RAIL-EMU-605,Northern Industrial Zone,South Terminal Intermodal,42.5,750,211,30.0,6330.0,0,65,On-Time
TRIP-13115,2024-03-27,12:45:00,RAIL-EXT,Suburban Rail: Industrial Corridor ⇄ South Terminal,Suburban Rail,RAIL-EMU-605,Northern Industrial Zone,South Terminal Intermodal,42.5,750,392,30.0,11760.0,0,65,On-Time
TRIP-13116,2024-03-27,19:00:30,RAIL-EXT,Suburban Rail: Industrial Corridor ⇄ South Terminal,Suburban Rail,RAIL-EMU-601,Northern Industrial Zone,South Terminal Intermodal,42.5,750,810,30.0,24300.0,0,65,On-Time
TRIP-13117,2024-03-27,18:10:15,BRTS-01,BRTS Ring Corridor: Outer Express,BRTS,BRTS-OR-07,East Ring Hub,West Ring Hub,18.0,85,91,35.0,3185.0,35,49,Major Delay
TRIP-13118,2024-03-27,19:45:00,BRTS-01,BRTS Ring Corridor: Outer Express,BRTS,BRTS-OR-03,East Ring Hub,West Ring Hub,18.0,85,91,35.0,3185.0,12,39,Moderate Delay
TRIP-13119,2024-03-27,22:15:45,BRTS-01,BRTS Ring Corridor: Outer Express,BRTS,BRTS-OR-07,East Ring Hub,West Ring Hub,18.0,85,26,35.0,910.0,0,32,On-Time
TRIP-13120,2024-03-28,06:40:00,BUS-101,Central Station ⇄ IT Tech Park,Bus,BUS-KA01-E107,Central Railway Station,Cyber City Tech Park,16.5,60,15,30.0,450.0,0,45,On-Time
TRIP-13121,2024-03-28,09:20:15,BUS-101,Central Station ⇄ IT Tech Park,Bus,BUS-KA01-E108,Central Railway Station,Cyber City Tech Park,16.5,60,64,30.0,1920.0,0,45,On-Time
TRIP-13122,2024-03-28,15:50:15,BUS-101,Central Station ⇄ IT Tech Park,Bus,BUS-KA01-E111,Central Railway Station,Cyber City Tech Park,16.5,60,44,30.0,1320.0,0,45,On-Time
TRIP-13123,2024-03-28,20:20:00,BUS-101,Central Station ⇄ IT Tech Park,Bus,BUS-KA01-E106,Central Railway Station,Cyber City Tech Park,16.5,60,43,30.0,1290.0,0,45,On-Time
TRIP-13124,2024-03-28,21:50:00,BUS-101,Central Station ⇄ IT Tech Park,Bus,BUS-KA01-E110,Central Railway Station,Cyber City Tech Park,16.5,60,27,30.0,810.0,0,45,On-Time
TRIP-13125,2024-03-28,10:30:00,BUS-102,Airport Express ⇄ Downtown Terminal,Bus,BUS-KA01-A202,International Airport Terminal 2,Downtown Central Terminal,28.0,50,43,90.0,3870.0,0,60,On-Time
TRIP-13126,2024-03-28,13:10:30,BUS-102,Airport Express ⇄ Downtown Terminal,Bus,BUS-KA01-A202,International Airport Terminal 2,Downtown Central Terminal,28.0,50,23,90.0,2070.0,0,60,On-Time
TRIP-13127,2024-03-28,14:15:15,BUS-102,Airport Express ⇄ Downtown Terminal,Bus,BUS-KA01-A204,International Airport Terminal 2,Downtown Central Terminal,28.0,50,35,90.0,3150.0,0,60,On-Time
TRIP-13128,2024-03-28,17:45:45,BUS-102,Airport Express ⇄ Downtown Terminal,Bus,BUS-KA01-A209,International Airport Terminal 2,Downtown Central Terminal,28.0,50,47,90.0,4230.0,0,60,On-Time
TRIP-13129,2024-03-28,19:10:00,BUS-102,Airport Express ⇄ Downtown Terminal,Bus,BUS-KA01-A209,International Airport Terminal 2,Downtown Central Terminal,28.0,50,54,90.0,4860.0,32,83,Major Delay
TRIP-13130,2024-03-28,10:30:30,BUS-105,Westside Mall ⇄ Harbor Port,Bus,BUS-KA02-W308,Westside Mall Circle,South Harbor Port Gate,14.2,60,53,25.0,1325.0,20,51,Major Delay
TRIP-13131,2024-03-28,13:30:00,BUS-105,Westside Mall ⇄ Harbor Port,Bus,BUS-KA02-W307,Westside Mall Circle,South Harbor Port Gate,14.2,60,39,25.0,975.0,0,38,On-Time
TRIP-13132,2024-03-28,16:45:30,BUS-105,Westside Mall ⇄ Harbor Port,Bus,BUS-KA02-W306,Westside Mall Circle,South Harbor Port Gate,14.2,60,55,25.0,1375.0,4,41,Moderate Delay
TRIP-13133,2024-03-28,12:20:00,BUS-110,University Campus ⇄ City Center,Bus,BUS-KA02-U403,State University North Gate,City Commercial Center,11.0,60,33,20.0,660.0,0,32,On-Time
TRIP-13134,2024-03-28,14:15:45,BUS-110,University Campus ⇄ City Center,Bus,BUS-KA02-U404,State University North Gate,City Commercial Center,11.0,60,32,20.0,640.0,0,32,On-Time
TRIP-13135,2024-03-28,16:00:15,BUS-110,University Campus ⇄ City Center,Bus,BUS-KA02-U405,State University North Gate,City Commercial Center,11.0,60,50,20.0,1000.0,9,37,Moderate Delay
TRIP-13136,2024-03-28,21:15:15,BUS-110,University Campus ⇄ City Center,Bus,BUS-KA02-U406,State University North Gate,City Commercial Center,11.0,60,26,20.0,520.0,0,32,On-Time
TRIP-13137,2024-03-28,09:45:45,METRO-BLU,Metro Blue Line: North Ridge ⇄ Tech Valley,Metro,METRO-B-07,North Ridge Terminal,Tech Valley Central,24.5,320,310,45.0,13950.0,4,37,Moderate Delay
TRIP-13138,2024-03-28,14:50:30,METRO-BLU,Metro Blue Line: North Ridge ⇄ Tech Valley,Metro,METRO-B-10,North Ridge Terminal,Tech Valley Central,24.5,320,183,45.0,8235.0,0,35,On-Time
TRIP-13139,2024-03-28,17:40:30,METRO-BLU,Metro Blue Line: North Ridge ⇄ Tech Valley,Metro,METRO-B-10,North Ridge Terminal,Tech Valley Central,24.5,320,345,45.0,15525.0,0,35,On-Time
TRIP-13140,2024-03-28,21:10:45,METRO-BLU,Metro Blue Line: North Ridge ⇄ Tech Valley,Metro,METRO-B-03,North Ridge Terminal,Tech Valley Central,24.5,320,128,45.0,5760.0,1,35,On-Time
TRIP-13141,2024-03-28,09:10:30,METRO-RED,Metro Red Line: East Suburb ⇄ Financial District,Metro,METRO-R-08,East Suburb Terminal,Financial District Hub,21.0,320,345,40.0,13800.0,5,34,Moderate Delay
TRIP-13142,2024-03-28,12:45:00,METRO-RED,Metro Red Line: East Suburb ⇄ Financial District,Metro,METRO-R-08,East Suburb Terminal,Financial District Hub,21.0,320,207,40.0,8280.0,0,30,On-Time
TRIP-13143,2024-03-28,15:50:30,METRO-RED,Metro Red Line: East Suburb ⇄ Financial District,Metro,METRO-R-03,East Suburb Terminal,Financial District Hub,21.0,320,175,40.0,7000.0,0,30,On-Time
TRIP-13144,2024-03-28,22:45:30,METRO-RED,Metro Red Line: East Suburb ⇄ Financial District,Metro,METRO-R-01,East Suburb Terminal,Financial District Hub,21.0,320,102,40.0,4080.0,0,30,On-Time
TRIP-13145,2024-03-28,17:00:45,RAIL-CST,Suburban Rail: Coast Line ⇄ Old City Junction,Suburban Rail,RAIL-EMU-504,Coastal Harbor Junction,Old City Main Junction,38.0,750,810,25.0,20250.0,20,72,Major Delay
TRIP-13146,2024-03-28,19:45:45,RAIL-CST,Suburban Rail: Coast Line ⇄ Old City Junction,Suburban Rail,RAIL-EMU-504,Coastal Harbor Junction,Old City Main Junction,38.0,750,774,25.0,19350.0,0,55,On-Time
TRIP-13147,2024-03-28,06:15:30,RAIL-EXT,Suburban Rail: Industrial Corridor ⇄ South Terminal,Suburban Rail,RAIL-EMU-607,Northern Industrial Zone,South Terminal Intermodal,42.5,750,216,30.0,6480.0,0,65,On-Time
TRIP-13148,2024-03-28,08:00:15,RAIL-EXT,Suburban Rail: Industrial Corridor ⇄ South Terminal,Suburban Rail,RAIL-EMU-606,Northern Industrial Zone,South Terminal Intermodal,42.5,750,810,30.0,24300.0,0,65,On-Time
TRIP-13149,2024-03-28,19:20:30,RAIL-EXT,Suburban Rail: Industrial Corridor ⇄ South Terminal,Suburban Rail,RAIL-EMU-602,Northern Industrial Zone,South Terminal Intermodal,42.5,750,810,30.0,24300.0,0,65,On-Time
TRIP-13150,2024-03-28,09:50:30,BRTS-01,BRTS Ring Corridor: Outer Express,BRTS,BRTS-OR-02,East Ring Hub,West Ring Hub,18.0,85,91,35.0,3185.0,34,60,Major Delay
TRIP-13151,2024-03-28,12:40:15,BRTS-01,BRTS Ring Corridor: Outer Express,BRTS,BRTS-OR-05,East Ring Hub,West Ring Hub,18.0,85,53,35.0,1855.0,0,32,On-Time
TRIP-13152,2024-03-28,14:30:00,BRTS-01,BRTS Ring Corridor: Outer Express,BRTS,BRTS-OR-05,East Ring Hub,West Ring Hub,18.0,85,53,35.0,1855.0,6,35,Moderate Delay
TRIP-13153,2024-03-28,19:45:30,BRTS-01,BRTS Ring Corridor: Outer Express,BRTS,BRTS-OR-02,East Ring Hub,West Ring Hub,18.0,85,86,35.0,3010.0,28,55,Major Delay
TRIP-13154,2024-03-28,20:45:15,BRTS-01,BRTS Ring Corridor: Outer Express,BRTS,BRTS-OR-06,East Ring Hub,West Ring Hub,18.0,85,66,35.0,2310.0,4,34,Moderate Delay
TRIP-13155,2024-03-29,11:15:15,BUS-101,Central Station ⇄ IT Tech Park,Bus,BUS-KA01-E105,Central Railway Station,Cyber City Tech Park,16.5,60,38,30.0,1140.0,0,45,On-Time
TRIP-13156,2024-03-29,15:10:30,BUS-101,Central Station ⇄ IT Tech Park,Bus,BUS-KA01-E103,Central Railway Station,Cyber City Tech Park,16.5,60,42,30.0,1260.0,9,50,Moderate Delay
TRIP-13157,2024-03-29,16:40:30,BUS-101,Central Station ⇄ IT Tech Park,Bus,BUS-KA01-E105,Central Railway Station,Cyber City Tech Park,16.5,60,40,30.0,1200.0,0,45,On-Time
TRIP-13158,2024-03-29,18:30:30,BUS-101,Central Station ⇄ IT Tech Park,Bus,BUS-KA01-E109,Central Railway Station,Cyber City Tech Park,16.5,60,64,30.0,1920.0,13,52,Moderate Delay
TRIP-13159,2024-03-29,22:20:00,BUS-101,Central Station ⇄ IT Tech Park,Bus,BUS-KA01-E102,Central Railway Station,Cyber City Tech Park,16.5,60,16,30.0,480.0,0,45,On-Time
TRIP-13160,2024-03-29,12:10:30,BUS-102,Airport Express ⇄ Downtown Terminal,Bus,BUS-KA01-A203,International Airport Terminal 2,Downtown Central Terminal,28.0,50,32,90.0,2880.0,0,60,On-Time
TRIP-13161,2024-03-29,14:40:00,BUS-102,Airport Express ⇄ Downtown Terminal,Bus,BUS-KA01-A209,International Airport Terminal 2,Downtown Central Terminal,28.0,50,25,90.0,2250.0,0,60,On-Time
TRIP-13162,2024-03-29,17:50:30,BUS-102,Airport Express ⇄ Downtown Terminal,Bus,BUS-KA01-A206,International Airport Terminal 2,Downtown Central Terminal,28.0,50,49,90.0,4410.0,4,62,Moderate Delay
TRIP-13163,2024-03-29,22:30:15,BUS-102,Airport Express ⇄ Downtown Terminal,Bus,BUS-KA01-A209,International Airport Terminal 2,Downtown Central Terminal,28.0,50,14,90.0,1260.0,0,60,On-Time
TRIP-13164,2024-03-29,07:00:00,BUS-105,Westside Mall ⇄ Harbor Port,Bus,BUS-KA02-W304,Westside Mall Circle,South Harbor Port Gate,14.2,60,26,25.0,650.0,0,38,On-Time
TRIP-13165,2024-03-29,14:10:30,BUS-105,Westside Mall ⇄ Harbor Port,Bus,BUS-KA02-W305,Westside Mall Circle,South Harbor Port Gate,14.2,60,31,25.0,775.0,2,39,On-Time
TRIP-13166,2024-03-29,17:20:45,BUS-105,Westside Mall ⇄ Harbor Port,Bus,BUS-KA02-W301,Westside Mall Circle,South Harbor Port Gate,14.2,60,64,25.0,1600.0,10,46,Moderate Delay
TRIP-13167,2024-03-29,06:45:30,BUS-110,University Campus ⇄ City Center,Bus,BUS-KA02-U407,State University North Gate,City Commercial Center,11.0,60,15,20.0,300.0,8,38,Moderate Delay
TRIP-13168,2024-03-29,07:00:15,BUS-110,University Campus ⇄ City Center,Bus,BUS-KA02-U404,State University North Gate,City Commercial Center,11.0,60,36,20.0,720.0,0,32,On-Time
TRIP-13169,2024-03-29,08:10:30,BUS-110,University Campus ⇄ City Center,Bus,BUS-KA02-U401,State University North Gate,City Commercial Center,11.0,60,64,20.0,1280.0,16,40,Major Delay
TRIP-13170,2024-03-29,20:00:15,BUS-110,University Campus ⇄ City Center,Bus,BUS-KA02-U406,State University North Gate,City Commercial Center,11.0,60,41,20.0,820.0,9,38,Moderate Delay
TRIP-13171,2024-03-29,06:30:00,METRO-BLU,Metro Blue Line: North Ridge ⇄ Tech Valley,Metro,METRO-B-07,North Ridge Terminal,Tech Valley Central,24.5,320,70,45.0,3150.0,0,35,On-Time
TRIP-13172,2024-03-29,08:50:00,METRO-BLU,Metro Blue Line: North Ridge ⇄ Tech Valley,Metro,METRO-B-10,North Ridge Terminal,Tech Valley Central,24.5,320,292,45.0,13140.0,6,39,Moderate Delay
TRIP-13173,2024-03-29,11:15:00,METRO-BLU,Metro Blue Line: North Ridge ⇄ Tech Valley,Metro,METRO-B-04,North Ridge Terminal,Tech Valley Central,24.5,320,170,45.0,7650.0,0,35,On-Time
TRIP-13174,2024-03-29,16:20:15,METRO-BLU,Metro Blue Line: North Ridge ⇄ Tech Valley,Metro,METRO-B-01,North Ridge Terminal,Tech Valley Central,24.5,320,224,45.0,10080.0,0,35,On-Time
TRIP-13175,2024-03-29,18:40:15,METRO-BLU,Metro Blue Line: North Ridge ⇄ Tech Valley,Metro,METRO-B-03,North Ridge Terminal,Tech Valley Central,24.5,320,345,45.0,15525.0,0,35,On-Time
TRIP-13176,2024-03-29,22:00:30,METRO-BLU,Metro Blue Line: North Ridge ⇄ Tech Valley,Metro,METRO-B-10,North Ridge Terminal,Tech Valley Central,24.5,320,91,45.0,4095.0,0,35,On-Time
TRIP-13177,2024-03-29,08:30:30,METRO-RED,Metro Red Line: East Suburb ⇄ Financial District,Metro,METRO-R-03,East Suburb Terminal,Financial District Hub,21.0,320,307,40.0,12280.0,0,30,On-Time
TRIP-13178,2024-03-29,09:40:15,METRO-RED,Metro Red Line: East Suburb ⇄ Financial District,Metro,METRO-R-04,East Suburb Terminal,Financial District Hub,21.0,320,345,40.0,13800.0,0,30,On-Time
TRIP-13179,2024-03-29,18:15:15,METRO-RED,Metro Red Line: East Suburb ⇄ Financial District,Metro,METRO-R-06,East Suburb Terminal,Financial District Hub,21.0,320,345,40.0,13800.0,7,35,Moderate Delay
TRIP-13180,2024-03-29,21:15:15,METRO-RED,Metro Red Line: East Suburb ⇄ Financial District,Metro,METRO-R-05,East Suburb Terminal,Financial District Hub,21.0,320,143,40.0,5720.0,0,30,On-Time
TRIP-13181,2024-03-29,06:15:30,RAIL-CST,Suburban Rail: Coast Line ⇄ Old City Junction,Suburban Rail,RAIL-EMU-502,Coastal Harbor Junction,Old City Main Junction,38.0,750,203,25.0,5075.0,0,55,On-Time
TRIP-13182,2024-03-29,18:00:30,RAIL-CST,Suburban Rail: Coast Line ⇄ Old City Junction,Suburban Rail,RAIL-EMU-504,Coastal Harbor Junction,Old City Main Junction,38.0,750,810,25.0,20250.0,0,55,On-Time
TRIP-13183,2024-03-29,19:20:30,RAIL-CST,Suburban Rail: Coast Line ⇄ Old City Junction,Suburban Rail,RAIL-EMU-502,Coastal Harbor Junction,Old City Main Junction,38.0,750,810,25.0,20250.0,0,55,On-Time
TRIP-13184,2024-03-29,20:50:15,RAIL-CST,Suburban Rail: Coast Line ⇄ Old City Junction,Suburban Rail,RAIL-EMU-506,Coastal Harbor Junction,Old City Main Junction,38.0,750,556,25.0,13900.0,0,55,On-Time
TRIP-13185,2024-03-29,18:40:30,RAIL-EXT,Suburban Rail: Industrial Corridor ⇄ South Terminal,Suburban Rail,RAIL-EMU-604,Northern Industrial Zone,South Terminal Intermodal,42.5,750,810,30.0,24300.0,18,79,Major Delay
TRIP-13186,2024-03-29,22:15:30,RAIL-EXT,Suburban Rail: Industrial Corridor ⇄ South Terminal,Suburban Rail,RAIL-EMU-605,Northern Industrial Zone,South Terminal Intermodal,42.5,750,250,30.0,7500.0,0,65,On-Time
TRIP-13187,2024-03-29,07:50:30,BRTS-01,BRTS Ring Corridor: Outer Express,BRTS,BRTS-OR-06,East Ring Hub,West Ring Hub,18.0,85,39,35.0,1365.0,0,32,On-Time
TRIP-13188,2024-03-29,10:15:30,BRTS-01,BRTS Ring Corridor: Outer Express,BRTS,BRTS-OR-07,East Ring Hub,West Ring Hub,18.0,85,91,35.0,3185.0,0,32,On-Time
TRIP-13189,2024-03-29,15:45:30,BRTS-01,BRTS Ring Corridor: Outer Express,BRTS,BRTS-OR-07,East Ring Hub,West Ring Hub,18.0,85,61,35.0,2135.0,0,32,On-Time
TRIP-13190,2024-03-29,19:15:30,BRTS-01,BRTS Ring Corridor: Outer Express,BRTS,BRTS-OR-07,East Ring Hub,West Ring Hub,18.0,85,91,35.0,3185.0,16,45,Major Delay
TRIP-13191,2024-03-30,07:50:00,BUS-101,Central Station ⇄ IT Tech Park,Bus,BUS-KA01-E107,Central Railway Station,Cyber City Tech Park,16.5,60,20,30.0,600.0,0,45,On-Time
TRIP-13192,2024-03-30,10:20:15,BUS-101,Central Station ⇄ IT Tech Park,Bus,BUS-KA01-E106,Central Railway Station,Cyber City Tech Park,16.5,60,39,30.0,1170.0,22,59,Major Delay
TRIP-13193,2024-03-30,11:45:15,BUS-101,Central Station ⇄ IT Tech Park,Bus,BUS-KA01-E109,Central Railway Station,Cyber City Tech Park,16.5,60,30,30.0,900.0,2,46,On-Time
TRIP-13194,2024-03-30,15:15:30,BUS-101,Central Station ⇄ IT Tech Park,Bus,BUS-KA01-E110,Central Railway Station,Cyber City Tech Park,16.5,60,31,30.0,930.0,0,45,On-Time
TRIP-13195,2024-03-30,07:10:00,BUS-102,Airport Express ⇄ Downtown Terminal,Bus,BUS-KA01-A208,International Airport Terminal 2,Downtown Central Terminal,28.0,50,18,90.0,1620.0,0,60,On-Time
TRIP-13196,2024-03-30,08:10:00,BUS-102,Airport Express ⇄ Downtown Terminal,Bus,BUS-KA01-A207,International Airport Terminal 2,Downtown Central Terminal,28.0,50,36,90.0,3240.0,17,71,Major Delay
TRIP-13197,2024-03-30,09:00:45,BUS-102,Airport Express ⇄ Downtown Terminal,Bus,BUS-KA01-A202,International Airport Terminal 2,Downtown Central Terminal,28.0,50,48,90.0,4320.0,0,60,On-Time
TRIP-13198,2024-03-30,11:30:45,BUS-102,Airport Express ⇄ Downtown Terminal,Bus,BUS-KA01-A201,International Airport Terminal 2,Downtown Central Terminal,28.0,50,26,90.0,2340.0,0,60,On-Time
TRIP-13199,2024-03-30,19:15:45,BUS-102,Airport Express ⇄ Downtown Terminal,Bus,BUS-KA01-A202,International Airport Terminal 2,Downtown Central Terminal,28.0,50,43,90.0,3870.0,0,60,On-Time
TRIP-13200,2024-03-30,12:30:45,BUS-105,Westside Mall ⇄ Harbor Port,Bus,BUS-KA02-W303,Westside Mall Circle,South Harbor Port Gate,14.2,60,25,25.0,625.0,0,38,On-Time
TRIP-13201,2024-03-30,15:15:45,BUS-105,Westside Mall ⇄ Harbor Port,Bus,BUS-KA02-W304,Westside Mall Circle,South Harbor Port Gate,14.2,60,34,25.0,850.0,0,38,On-Time
TRIP-13202,2024-03-30,18:20:00,BUS-105,Westside Mall ⇄ Harbor Port,Bus,BUS-KA02-W305,Westside Mall Circle,South Harbor Port Gate,14.2,60,54,25.0,1350.0,0,38,On-Time
TRIP-13203,2024-03-30,22:00:15,BUS-105,Westside Mall ⇄ Harbor Port,Bus,BUS-KA02-W302,Westside Mall Circle,South Harbor Port Gate,14.2,60,12,25.0,300.0,0,38,On-Time
TRIP-13204,2024-03-30,09:45:30,BUS-110,University Campus ⇄ City Center,Bus,BUS-KA02-U401,State University North Gate,City Commercial Center,11.0,60,55,20.0,1100.0,30,52,Major Delay
TRIP-13205,2024-03-30,11:45:15,BUS-110,University Campus ⇄ City Center,Bus,BUS-KA02-U407,State University North Gate,City Commercial Center,11.0,60,25,20.0,500.0,2,33,On-Time
TRIP-13206,2024-03-30,12:10:15,BUS-110,University Campus ⇄ City Center,Bus,BUS-KA02-U407,State University North Gate,City Commercial Center,11.0,60,25,20.0,500.0,0,32,On-Time
TRIP-13207,2024-03-30,16:20:30,BUS-110,University Campus ⇄ City Center,Bus,BUS-KA02-U404,State University North Gate,City Commercial Center,11.0,60,40,20.0,800.0,2,33,On-Time
TRIP-13208,2024-03-30,17:30:30,BUS-110,University Campus ⇄ City Center,Bus,BUS-KA02-U408,State University North Gate,City Commercial Center,11.0,60,44,20.0,880.0,0,32,On-Time
TRIP-13209,2024-03-30,07:00:30,METRO-BLU,Metro Blue Line: North Ridge ⇄ Tech Valley,Metro,METRO-B-08,North Ridge Terminal,Tech Valley Central,24.5,320,105,45.0,4725.0,2,36,On-Time
TRIP-13210,2024-03-30,10:20:00,METRO-BLU,Metro Blue Line: North Ridge ⇄ Tech Valley,Metro,METRO-B-01,North Ridge Terminal,Tech Valley Central,24.5,320,186,45.0,8370.0,2,36,On-Time
TRIP-13211,2024-03-30,12:30:00,METRO-BLU,Metro Blue Line: North Ridge ⇄ Tech Valley,Metro,METRO-B-03,North Ridge Terminal,Tech Valley Central,24.5,320,159,45.0,7155.0,5,38,Moderate Delay
TRIP-13212,2024-03-30,14:00:15,METRO-BLU,Metro Blue Line: North Ridge ⇄ Tech Valley,Metro,METRO-B-07,North Ridge Terminal,Tech Valley Central,24.5,320,145,45.0,6525.0,0,35,On-Time
TRIP-13213,2024-03-30,18:10:45,METRO-BLU,Metro Blue Line: North Ridge ⇄ Tech Valley,Metro,METRO-B-02,North Ridge Terminal,Tech Valley Central,24.5,320,345,45.0,15525.0,0,35,On-Time
TRIP-13214,2024-03-30,21:00:15,METRO-BLU,Metro Blue Line: North Ridge ⇄ Tech Valley,Metro,METRO-B-06,North Ridge Terminal,Tech Valley Central,24.5,320,107,45.0,4815.0,4,37,Moderate Delay
TRIP-13215,2024-03-30,06:20:00,METRO-RED,Metro Red Line: East Suburb ⇄ Financial District,Metro,METRO-R-02,East Suburb Terminal,Financial District Hub,21.0,320,64,40.0,2560.0,0,30,On-Time
TRIP-13216,2024-03-30,09:50:00,METRO-RED,Metro Red Line: East Suburb ⇄ Financial District,Metro,METRO-R-06,East Suburb Terminal,Financial District Hub,21.0,320,254,40.0,10160.0,0,30,On-Time
TRIP-13217,2024-03-30,10:50:00,METRO-RED,Metro Red Line: East Suburb ⇄ Financial District,Metro,METRO-R-02,East Suburb Terminal,Financial District Hub,21.0,320,256,40.0,10240.0,0,30,On-Time
TRIP-13218,2024-03-30,11:20:15,METRO-RED,Metro Red Line: East Suburb ⇄ Financial District,Metro,METRO-R-01,East Suburb Terminal,Financial District Hub,21.0,320,170,40.0,6800.0,5,34,Moderate Delay
TRIP-13219,2024-03-30,14:15:30,METRO-RED,Metro Red Line: East Suburb ⇄ Financial District,Metro,METRO-R-09,East Suburb Terminal,Financial District Hub,21.0,320,167,40.0,6680.0,0,30,On-Time
TRIP-13220,2024-03-30,07:15:45,RAIL-CST,Suburban Rail: Coast Line ⇄ Old City Junction,Suburban Rail,RAIL-EMU-504,Coastal Harbor Junction,Old City Main Junction,38.0,750,336,25.0,8400.0,0,55,On-Time
TRIP-13221,2024-03-30,08:10:15,RAIL-CST,Suburban Rail: Coast Line ⇄ Old City Junction,Suburban Rail,RAIL-EMU-504,Coastal Harbor Junction,Old City Main Junction,38.0,750,726,25.0,18150.0,19,67,Major Delay
TRIP-13222,2024-03-30,15:30:45,RAIL-CST,Suburban Rail: Coast Line ⇄ Old City Junction,Suburban Rail,RAIL-EMU-501,Coastal Harbor Junction,Old City Main Junction,38.0,750,332,25.0,8300.0,9,62,Moderate Delay
TRIP-13223,2024-03-30,20:00:45,RAIL-CST,Suburban Rail: Coast Line ⇄ Old City Junction,Suburban Rail,RAIL-EMU-504,Coastal Harbor Junction,Old City Main Junction,38.0,750,407,25.0,10175.0,0,55,On-Time
TRIP-13224,2024-03-30,11:20:15,RAIL-EXT,Suburban Rail: Industrial Corridor ⇄ South Terminal,Suburban Rail,RAIL-EMU-606,Northern Industrial Zone,South Terminal Intermodal,42.5,750,303,30.0,9090.0,0,65,On-Time
TRIP-13225,2024-03-30,15:20:00,RAIL-EXT,Suburban Rail: Industrial Corridor ⇄ South Terminal,Suburban Rail,RAIL-EMU-606,Northern Industrial Zone,South Terminal Intermodal,42.5,750,443,30.0,13290.0,1,65,On-Time
TRIP-13226,2024-03-30,07:30:30,BRTS-01,BRTS Ring Corridor: Outer Express,BRTS,BRTS-OR-08,East Ring Hub,West Ring Hub,18.0,85,31,35.0,1085.0,0,32,On-Time
TRIP-13227,2024-03-30,11:30:00,BRTS-01,BRTS Ring Corridor: Outer Express,BRTS,BRTS-OR-02,East Ring Hub,West Ring Hub,18.0,85,32,35.0,1120.0,0,32,On-Time
TRIP-13228,2024-03-30,12:50:30,BRTS-01,BRTS Ring Corridor: Outer Express,BRTS,BRTS-OR-07,East Ring Hub,West Ring Hub,18.0,85,38,35.0,1330.0,0,32,On-Time
TRIP-13229,2024-03-30,18:30:15,BRTS-01,BRTS Ring Corridor: Outer Express,BRTS,BRTS-OR-06,East Ring Hub,West Ring Hub,18.0,85,91,35.0,3185.0,10,39,Moderate Delay
